#
# There is insufficient memory for the Java Runtime Environment to continue.
# Native memory allocation (mmap) failed to map 1115684864 bytes. Error detail: G1 virtual space
# Possible reasons:
#   The system is out of physical RAM or swap space
#   This process is running with CompressedOops enabled, and the Java Heap may be blocking the growth of the native heap
# Possible solutions:
#   Reduce memory load on the system
#   Increase physical memory or swap space
#   Check if swap backing store is full
#   Decrease Java heap size (-Xmx/-Xms)
#   Decrease number of Java threads
#   Decrease Java thread stack sizes (-Xss)
#   Set larger code cache with -XX:ReservedCodeCacheSize=
#   JVM is running with Zero Based Compressed Oops mode in which the Java heap is
#     placed in the first 32GB address space. The Java Heap base address is the
#     maximum limit for the native heap growth. Please use -XX:HeapBaseMinAddress
#     to set the Java Heap base and to place the Java Heap above 32GB virtual address.
# This output file may be truncated or incomplete.
#
#  Out of Memory Error (os_windows.cpp:3925), pid=6604, tid=7684
#
# JRE version: OpenJDK Runtime Environment (21.0.9) (build 21.0.9+-14649483-b1163.86)
# Java VM: OpenJDK 64-Bit Server VM (21.0.9+-14649483-b1163.86, mixed mode, tiered, compressed oops, compressed class ptrs, g1 gc, windows-amd64)
# No core dump will be written. Minidumps are not enabled by default on client versions of Windows
#

---------------  S U M M A R Y ------------

Command Line: --add-opens=java.base/java.lang=ALL-UNNAMED --add-opens=java.base/java.lang.invoke=ALL-UNNAMED --add-opens=java.base/java.util=ALL-UNNAMED --add-opens=java.prefs/java.util.prefs=ALL-UNNAMED --add-exports=jdk.compiler/com.sun.tools.javac.api=ALL-UNNAMED --add-exports=jdk.compiler/com.sun.tools.javac.util=ALL-UNNAMED --add-opens=java.base/java.util=ALL-UNNAMED --add-opens=java.prefs/java.util.prefs=ALL-UNNAMED --add-opens=java.base/java.nio.charset=ALL-UNNAMED --add-opens=java.base/java.net=ALL-UNNAMED --add-opens=java.base/java.util.concurrent=ALL-UNNAMED --add-opens=java.base/java.util.concurrent.atomic=ALL-UNNAMED --add-opens=java.xml/javax.xml.namespace=ALL-UNNAMED --add-opens=java.base/java.time=ALL-UNNAMED -Xmx4096m -Dfile.encoding=UTF-8 -Duser.country=ID -Duser.language=en -Duser.variant -javaagent:C:\Users\anisa febrianti\.gradle\wrapper\dists\gradle-9.1.0-bin\9agqghryom9wkf8r80qlhnts3\gradle-9.1.0\lib\agents\gradle-instrumentation-agent-9.1.0.jar org.gradle.launcher.daemon.bootstrap.GradleDaemon 9.1.0

Host: 12th Gen Intel(R) Core(TM) i3-1220P, 12 cores, 7G,  Windows 11 , 64 bit Build 26100 (10.0.26100.8737)
Time: Thu Jul  9 20:42:27 2026 SE Asia Standard Time elapsed time: 39.335961 seconds (0d 0h 0m 39s)

---------------  T H R E A D  ---------------

Current thread (0x0000016858f206e0):  VMThread "VM Thread"          [id=7684, stack(0x0000005c44700000,0x0000005c44800000) (1024K)]

Stack: [0x0000005c44700000,0x0000005c44800000]
Native frames: (J=compiled Java code, j=interpreted, Vv=VM code, C=native code)
V  [jvm.dll+0x6d6c99]
V  [jvm.dll+0x866b83]
V  [jvm.dll+0x86919e]
V  [jvm.dll+0x869883]
V  [jvm.dll+0x280776]
V  [jvm.dll+0x6d3555]
V  [jvm.dll+0x6c6bea]
V  [jvm.dll+0x3587fb]
V  [jvm.dll+0x360476]
V  [jvm.dll+0x3b2646]
V  [jvm.dll+0x3b2918]
V  [jvm.dll+0x32af0c]
V  [jvm.dll+0x32af97]
V  [jvm.dll+0x370e7c]
V  [jvm.dll+0x36f62e]
V  [jvm.dll+0x32a661]
V  [jvm.dll+0x36ed30]
V  [jvm.dll+0x86f608]
V  [jvm.dll+0x870984]
V  [jvm.dll+0x870ec0]
V  [jvm.dll+0x871153]
V  [jvm.dll+0x80f118]
V  [jvm.dll+0x6d54ed]
C  [ucrtbase.dll+0x2cd30]
C  [KERNEL32.DLL+0x2e957]
C  [ntdll.dll+0xaad6c]

VM_Operation (0x0000005c505fd6d0): G1CollectForAllocation, mode: safepoint, requested by thread 0x000001687b8d3c70


---------------  P R O C E S S  ---------------

Threads class SMR info:
_java_thread_list=0x0000016801699b30, length=198, elements={
0x000001685b37eda0, 0x0000016875872150, 0x0000016875874cf0, 0x0000016875887300,
0x000001687589a3e0, 0x00000168758a73c0, 0x00000168758a7e20, 0x00000168758a8880,
0x00000168758aa2f0, 0x00000168758c02b0, 0x0000016875ba2ba0, 0x000001687bb93d10,
0x000001687bd5ded0, 0x000001687bede750, 0x000001687c16ec80, 0x000001687c21dc00,
0x000001687c029dc0, 0x000001687c24aaf0, 0x000001687c247670, 0x000001687c247d00,
0x000001687c24a460, 0x000001687c249740, 0x000001687c249dd0, 0x000001687c248390,
0x000001687e5aadc0, 0x000001687e5ac800, 0x000001687e5ab450, 0x000001687e5abae0,
0x000001687e5a9380, 0x000001687e5ace90, 0x000001687e5ac170, 0x000001687e5a9a10,
0x000001687e5ad520, 0x000001687e5aa0a0, 0x000001687e5adbb0, 0x000001687e5ae240,
0x000001687e5ae8d0, 0x000001687e5aef60, 0x000001687e5af5f0, 0x000001687e5afc80,
0x000001687e5b0310, 0x000001687dca6270, 0x000001687dca3b10, 0x000001687dca6900,
0x000001687dca5550, 0x000001687dca4ec0, 0x000001687dca41a0, 0x000001687dca5be0,
0x000001687dca6f90, 0x000001687dca7620, 0x000001687dca4830, 0x000001687dca9d80,
0x000001687dca7cb0, 0x000001687dca96f0, 0x000001687dcab130, 0x000001687dcaa410,
0x000001687dca8340, 0x000001687dcaaaa0, 0x000001687dca89d0, 0x000001687dca9060,
0x000001687cda5c00, 0x000001687cda6290, 0x000001687cda4ee0, 0x000001687cda6fb0,
0x000001687cda5570, 0x000001687cda41c0, 0x000001687cda7cd0, 0x000001687cda6920,
0x000001687cda4850, 0x000001687cdaa430, 0x000001687cda7640, 0x000001687cdab150,
0x000001687cdab7e0, 0x000001687cda89f0, 0x000001687cda9080, 0x000001687cda9710,
0x000001687cda9da0, 0x00000168016a4560, 0x00000168016a3840, 0x00000168016a3ed0,
0x00000168016a4bf0, 0x00000168016a2490, 0x00000168016a31b0, 0x00000168016a1770,
0x00000168016a5280, 0x00000168016a1e00, 0x00000168016a5910, 0x00000168016a5fa0,
0x00000168016a2b20, 0x00000168016a8070, 0x00000168016a6630, 0x00000168016a6cc0,
0x00000168016a7350, 0x00000168016a8700, 0x00000168016a8d90, 0x00000168016a79e0,
0x000001680194c4d0, 0x000001680194d880, 0x000001680194d1f0, 0x000001680194ec30,
0x000001680194e5a0, 0x000001680194df10, 0x000001680194f950, 0x000001680194cb60,
0x000001680194f2c0, 0x0000016801951390, 0x0000016801950d00, 0x00000168019520b0,
0x000001680194ffe0, 0x0000016801953460, 0x0000016800395fd0, 0x00000168003952b0,
0x0000016800392b50, 0x0000016800396660, 0x0000016801950670, 0x000001687f371ce0,
0x000001687f372a00, 0x000001687f374ad0, 0x000001687f373090, 0x000001687f371650,
0x000001687f372370, 0x000001687f373720, 0x000001687f373db0, 0x000001687f4b63f0,
0x000001687f4b77a0, 0x000001687f4b6a80, 0x000001687f4b84c0, 0x000001687f4b7e30,
0x000001687f4b5040, 0x000001687f4b8b50, 0x000001687f4b56d0, 0x000001687f4b5d60,
0x000001687f4b91e0, 0x000001687f4b9870, 0x000001687f4bac20, 0x000001687f4bb940,
0x000001687f4bbfd0, 0x0000016800391e30, 0x000001687dc1afc0, 0x000001687dc1a930,
0x000001687dc1bce0, 0x000001687dc1d090, 0x000001687dc1ca00, 0x000001687dc1c370,
0x000001687dc1b650, 0x000001687dc19c10, 0x000001687dc1d720, 0x000001687dc1a2a0,
0x000001687dc1f7f0, 0x000001687dc20ba0, 0x000001687dc1ddb0, 0x000001687dc1e440,
0x000001687dc1ead0, 0x000001687dc21230, 0x000001687dc1f160, 0x000001687dc1fe80,
0x000001687b8c91d0, 0x000001687b8c9860, 0x000001687b8ca580, 0x000001687b8c8b40,
0x000001687b8c9ef0, 0x000001687b8cb2a0, 0x000001687b8cac10, 0x000001687b8cb930,
0x000001687b8c84b0, 0x000001687b8ce720, 0x000001687b8cedb0, 0x000001687b8cf440,
0x000001687b8cda00, 0x000001687b8cbfc0, 0x000001687b8cfad0, 0x000001687b8cc650,
0x000001687b8ce090, 0x000001687b8d0160, 0x000001687b8ccce0, 0x000001687b8d07f0,
0x000001687b8cd370, 0x000001687b8d35e0, 0x000001687b8d3c70, 0x000001687b8d56b0,
0x000001687b8d4990, 0x000001687b8d5020, 0x000001687b8d6a60, 0x000001687b8d5d40,
0x000001687b8d70f0, 0x000001687f742680, 0x000001687f745b00, 0x000001687f7433a0,
0x000001687f746190, 0x000001687f742d10, 0x000001687f746820, 0x000001687f746eb0,
0x000001687f743a30, 0x000001687f747540, 0x000001687f7440c0, 0x000001687f74b050,
0x000001687f749ca0, 0x000001687f8c2050
}

Java Threads: ( => current thread )
  0x000001685b37eda0 JavaThread "main"                              [_thread_blocked, id=20432, stack(0x0000005c44000000,0x0000005c44100000) (1024K)]
  0x0000016875872150 JavaThread "Common-Cleaner"             daemon [_thread_blocked, id=18212, stack(0x0000005c44800000,0x0000005c44900000) (1024K)]
  0x0000016875874cf0 JavaThread "Reference Handler"          daemon [_thread_blocked, id=2900, stack(0x0000005c44900000,0x0000005c44a00000) (1024K)]
  0x0000016875887300 JavaThread "Finalizer"                  daemon [_thread_blocked, id=5912, stack(0x0000005c44a00000,0x0000005c44b00000) (1024K)]
  0x000001687589a3e0 JavaThread "Signal Dispatcher"          daemon [_thread_blocked, id=20636, stack(0x0000005c44b00000,0x0000005c44c00000) (1024K)]
  0x00000168758a73c0 JavaThread "Attach Listener"            daemon [_thread_blocked, id=14244, stack(0x0000005c44c00000,0x0000005c44d00000) (1024K)]
  0x00000168758a7e20 JavaThread "Service Thread"             daemon [_thread_blocked, id=16556, stack(0x0000005c44d00000,0x0000005c44e00000) (1024K)]
  0x00000168758a8880 JavaThread "Monitor Deflation Thread"   daemon [_thread_blocked, id=1360, stack(0x0000005c44e00000,0x0000005c44f00000) (1024K)]
  0x00000168758aa2f0 JavaThread "C2 CompilerThread0"         daemon [_thread_blocked, id=18656, stack(0x0000005c44f00000,0x0000005c45000000) (1024K)]
  0x00000168758c02b0 JavaThread "C1 CompilerThread0"         daemon [_thread_blocked, id=4812, stack(0x0000005c45000000,0x0000005c45100000) (1024K)]
  0x0000016875ba2ba0 JavaThread "Notification Thread"        daemon [_thread_blocked, id=2000, stack(0x0000005c45100000,0x0000005c45200000) (1024K)]
  0x000001687bb93d10 JavaThread "Daemon health stats"               [_thread_blocked, id=17264, stack(0x0000005c45800000,0x0000005c45900000) (1024K)]
  0x000001687bd5ded0 JavaThread "Incoming local TCP Connector on port 62541"        [_thread_in_native, id=19028, stack(0x0000005c45900000,0x0000005c45a00000) (1024K)]
  0x000001687bede750 JavaThread "Daemon periodic checks"            [_thread_blocked, id=6552, stack(0x0000005c45a00000,0x0000005c45b00000) (1024K)]
  0x000001687c16ec80 JavaThread "Daemon"                            [_thread_blocked, id=20652, stack(0x0000005c45b00000,0x0000005c45c00000) (1024K)]
  0x000001687c21dc00 JavaThread "Handler for socket connection from /127.0.0.1:62541 to /127.0.0.1:62542"        [_thread_in_native, id=2840, stack(0x0000005c45c00000,0x0000005c45d00000) (1024K)]
  0x000001687c029dc0 JavaThread "Cancel handler"                    [_thread_blocked, id=7228, stack(0x0000005c45d00000,0x0000005c45e00000) (1024K)]
  0x000001687c24aaf0 JavaThread "Daemon worker"                     [_thread_blocked, id=3540, stack(0x0000005c45e00000,0x0000005c45f00000) (1024K)]
  0x000001687c247670 JavaThread "Asynchronous log dispatcher for DefaultDaemonConnection: socket connection from /127.0.0.1:62541 to /127.0.0.1:62542"        [_thread_blocked, id=7400, stack(0x0000005c45f00000,0x0000005c46000000) (1024K)]
  0x000001687c247d00 JavaThread "Stdin handler"                     [_thread_blocked, id=1240, stack(0x0000005c46000000,0x0000005c46100000) (1024K)]
  0x000001687c24a460 JavaThread "Daemon client event forwarder"        [_thread_blocked, id=19560, stack(0x0000005c46600000,0x0000005c46700000) (1024K)]
  0x000001687c249740 JavaThread "Cache worker for journal cache (C:\Users\anisa febrianti\.gradle\caches\journal-1)"        [_thread_blocked, id=6744, stack(0x0000005c45300000,0x0000005c45400000) (1024K)]
  0x000001687c249dd0 JavaThread "File lock request listener"        [_thread_in_native, id=20564, stack(0x0000005c46900000,0x0000005c46a00000) (1024K)]
  0x000001687c248390 JavaThread "Cache worker for file hash cache (C:\Users\anisa febrianti\.gradle\caches\9.1.0\fileHashes)"        [_thread_blocked, id=6792, stack(0x0000005c46a00000,0x0000005c46b00000) (1024K)]
  0x000001687e5aadc0 JavaThread "Cache worker for file hash cache (D:\project_uts_mobile\.gradle\9.1.0\fileHashes)"        [_thread_blocked, id=20456, stack(0x0000005c46c00000,0x0000005c46d00000) (1024K)]
  0x000001687e5ac800 JavaThread "Cache worker for Build Output Cleanup Cache (D:\project_uts_mobile\.gradle\buildOutputCleanup)"        [_thread_blocked, id=8016, stack(0x0000005c46d00000,0x0000005c46e00000) (1024K)]
  0x000001687e5ab450 JavaThread "File watcher server"        daemon [_thread_blocked, id=18952, stack(0x0000005c46e00000,0x0000005c46f00000) (1024K)]
  0x000001687e5abae0 JavaThread "File watcher consumer"      daemon [_thread_blocked, id=20904, stack(0x0000005c46f00000,0x0000005c47000000) (1024K)]
  0x000001687e5a9380 JavaThread "Cache worker for checksums cache (D:\project_uts_mobile\.gradle\9.1.0\checksums)"        [_thread_blocked, id=7808, stack(0x0000005c47000000,0x0000005c47100000) (1024K)]
  0x000001687e5ace90 JavaThread "Cache worker for file content cache (C:\Users\anisa febrianti\.gradle\caches\9.1.0\fileContent)"        [_thread_blocked, id=14032, stack(0x0000005c47100000,0x0000005c47200000) (1024K)]
  0x000001687e5ac170 JavaThread "Cache worker for cache directory md-supplier (C:\Users\anisa febrianti\.gradle\caches\9.1.0\md-supplier)"        [_thread_blocked, id=18156, stack(0x0000005c47200000,0x0000005c47300000) (1024K)]
  0x000001687e5a9a10 JavaThread "Cache worker for cache directory md-rule (C:\Users\anisa febrianti\.gradle\caches\9.1.0\md-rule)"        [_thread_blocked, id=14916, stack(0x0000005c47300000,0x0000005c47400000) (1024K)]
  0x000001687e5ad520 JavaThread "jar transforms"                    [_thread_blocked, id=5580, stack(0x0000005c47400000,0x0000005c47500000) (1024K)]
  0x000001687e5aa0a0 JavaThread "jar transforms Thread 2"           [_thread_blocked, id=18672, stack(0x0000005c47500000,0x0000005c47600000) (1024K)]
  0x000001687e5adbb0 JavaThread "jar transforms Thread 3"           [_thread_blocked, id=4764, stack(0x0000005c47600000,0x0000005c47700000) (1024K)]
  0x000001687e5ae240 JavaThread "Unconstrained build operations"        [_thread_blocked, id=12592, stack(0x0000005c47700000,0x0000005c47800000) (1024K)]
  0x000001687e5ae8d0 JavaThread "Unconstrained build operations Thread 2"        [_thread_blocked, id=2888, stack(0x0000005c47800000,0x0000005c47900000) (1024K)]
  0x000001687e5aef60 JavaThread "Unconstrained build operations Thread 3"        [_thread_blocked, id=9408, stack(0x0000005c47900000,0x0000005c47a00000) (1024K)]
  0x000001687e5af5f0 JavaThread "Unconstrained build operations Thread 4"        [_thread_blocked, id=11780, stack(0x0000005c47a00000,0x0000005c47b00000) (1024K)]
  0x000001687e5afc80 JavaThread "Unconstrained build operations Thread 5"        [_thread_blocked, id=12544, stack(0x0000005c47b00000,0x0000005c47c00000) (1024K)]
  0x000001687e5b0310 JavaThread "Unconstrained build operations Thread 6"        [_thread_blocked, id=18336, stack(0x0000005c47c00000,0x0000005c47d00000) (1024K)]
  0x000001687dca6270 JavaThread "Unconstrained build operations Thread 7"        [_thread_blocked, id=10172, stack(0x0000005c47d00000,0x0000005c47e00000) (1024K)]
  0x000001687dca3b10 JavaThread "Unconstrained build operations Thread 8"        [_thread_blocked, id=17148, stack(0x0000005c47e00000,0x0000005c47f00000) (1024K)]
  0x000001687dca6900 JavaThread "Unconstrained build operations Thread 9"        [_thread_blocked, id=5204, stack(0x0000005c47f00000,0x0000005c48000000) (1024K)]
  0x000001687dca5550 JavaThread "Unconstrained build operations Thread 10"        [_thread_blocked, id=11532, stack(0x0000005c48000000,0x0000005c48100000) (1024K)]
  0x000001687dca4ec0 JavaThread "Unconstrained build operations Thread 11"        [_thread_blocked, id=20284, stack(0x0000005c48100000,0x0000005c48200000) (1024K)]
  0x000001687dca41a0 JavaThread "Unconstrained build operations Thread 12"        [_thread_blocked, id=21308, stack(0x0000005c48200000,0x0000005c48300000) (1024K)]
  0x000001687dca5be0 JavaThread "Unconstrained build operations Thread 13"        [_thread_blocked, id=7020, stack(0x0000005c48300000,0x0000005c48400000) (1024K)]
  0x000001687dca6f90 JavaThread "Unconstrained build operations Thread 14"        [_thread_blocked, id=19692, stack(0x0000005c48400000,0x0000005c48500000) (1024K)]
  0x000001687dca7620 JavaThread "Unconstrained build operations Thread 15"        [_thread_blocked, id=17172, stack(0x0000005c48500000,0x0000005c48600000) (1024K)]
  0x000001687dca4830 JavaThread "Unconstrained build operations Thread 16"        [_thread_blocked, id=18936, stack(0x0000005c48600000,0x0000005c48700000) (1024K)]
  0x000001687dca9d80 JavaThread "Unconstrained build operations Thread 17"        [_thread_blocked, id=5864, stack(0x0000005c48700000,0x0000005c48800000) (1024K)]
  0x000001687dca7cb0 JavaThread "Unconstrained build operations Thread 18"        [_thread_blocked, id=13776, stack(0x0000005c48800000,0x0000005c48900000) (1024K)]
  0x000001687dca96f0 JavaThread "Unconstrained build operations Thread 19"        [_thread_blocked, id=20792, stack(0x0000005c48900000,0x0000005c48a00000) (1024K)]
  0x000001687dcab130 JavaThread "Unconstrained build operations Thread 20"        [_thread_blocked, id=16524, stack(0x0000005c48a00000,0x0000005c48b00000) (1024K)]
  0x000001687dcaa410 JavaThread "jar transforms Thread 4"           [_thread_blocked, id=15044, stack(0x0000005c48b00000,0x0000005c48c00000) (1024K)]
  0x000001687dca8340 JavaThread "jar transforms Thread 5"           [_thread_blocked, id=20756, stack(0x0000005c48c00000,0x0000005c48d00000) (1024K)]
  0x000001687dcaaaa0 JavaThread "Unconstrained build operations Thread 21"        [_thread_blocked, id=13548, stack(0x0000005c48d00000,0x0000005c48e00000) (1024K)]
  0x000001687dca89d0 JavaThread "Unconstrained build operations Thread 22"        [_thread_blocked, id=18496, stack(0x0000005c48e00000,0x0000005c48f00000) (1024K)]
  0x000001687dca9060 JavaThread "Unconstrained build operations Thread 23"        [_thread_blocked, id=10996, stack(0x0000005c48f00000,0x0000005c49000000) (1024K)]
  0x000001687cda5c00 JavaThread "Unconstrained build operations Thread 24"        [_thread_blocked, id=5404, stack(0x0000005c49000000,0x0000005c49100000) (1024K)]
  0x000001687cda6290 JavaThread "Unconstrained build operations Thread 25"        [_thread_blocked, id=10488, stack(0x0000005c49100000,0x0000005c49200000) (1024K)]
  0x000001687cda4ee0 JavaThread "Unconstrained build operations Thread 26"        [_thread_blocked, id=13772, stack(0x0000005c49200000,0x0000005c49300000) (1024K)]
  0x000001687cda6fb0 JavaThread "Unconstrained build operations Thread 27"        [_thread_blocked, id=15516, stack(0x0000005c49300000,0x0000005c49400000) (1024K)]
  0x000001687cda5570 JavaThread "Unconstrained build operations Thread 28"        [_thread_blocked, id=10032, stack(0x0000005c49400000,0x0000005c49500000) (1024K)]
  0x000001687cda41c0 JavaThread "Unconstrained build operations Thread 29"        [_thread_blocked, id=11608, stack(0x0000005c49500000,0x0000005c49600000) (1024K)]
  0x000001687cda7cd0 JavaThread "Unconstrained build operations Thread 30"        [_thread_blocked, id=1472, stack(0x0000005c49600000,0x0000005c49700000) (1024K)]
  0x000001687cda6920 JavaThread "jar transforms Thread 6"           [_thread_blocked, id=19008, stack(0x0000005c49700000,0x0000005c49800000) (1024K)]
  0x000001687cda4850 JavaThread "jar transforms Thread 7"           [_thread_blocked, id=4048, stack(0x0000005c49800000,0x0000005c49900000) (1024K)]
  0x000001687cdaa430 JavaThread "jar transforms Thread 8"           [_thread_blocked, id=2168, stack(0x0000005c49900000,0x0000005c49a00000) (1024K)]
  0x000001687cda7640 JavaThread "Unconstrained build operations Thread 31"        [_thread_blocked, id=6292, stack(0x0000005c49a00000,0x0000005c49b00000) (1024K)]
  0x000001687cdab150 JavaThread "Unconstrained build operations Thread 32"        [_thread_blocked, id=19500, stack(0x0000005c49b00000,0x0000005c49c00000) (1024K)]
  0x000001687cdab7e0 JavaThread "Unconstrained build operations Thread 33"        [_thread_blocked, id=392, stack(0x0000005c49c00000,0x0000005c49d00000) (1024K)]
  0x000001687cda89f0 JavaThread "Unconstrained build operations Thread 34"        [_thread_blocked, id=6624, stack(0x0000005c49d00000,0x0000005c49e00000) (1024K)]
  0x000001687cda9080 JavaThread "Unconstrained build operations Thread 35"        [_thread_blocked, id=15184, stack(0x0000005c49e00000,0x0000005c49f00000) (1024K)]
  0x000001687cda9710 JavaThread "Unconstrained build operations Thread 36"        [_thread_blocked, id=18152, stack(0x0000005c49f00000,0x0000005c4a000000) (1024K)]
  0x000001687cda9da0 JavaThread "Unconstrained build operations Thread 37"        [_thread_blocked, id=2824, stack(0x0000005c4a000000,0x0000005c4a100000) (1024K)]
  0x00000168016a4560 JavaThread "Unconstrained build operations Thread 38"        [_thread_blocked, id=8852, stack(0x0000005c4a100000,0x0000005c4a200000) (1024K)]
  0x00000168016a3840 JavaThread "Unconstrained build operations Thread 39"        [_thread_blocked, id=3252, stack(0x0000005c4a200000,0x0000005c4a300000) (1024K)]
  0x00000168016a3ed0 JavaThread "Unconstrained build operations Thread 40"        [_thread_blocked, id=420, stack(0x0000005c4a300000,0x0000005c4a400000) (1024K)]
  0x00000168016a4bf0 JavaThread "Unconstrained build operations Thread 41"        [_thread_blocked, id=5648, stack(0x0000005c4a400000,0x0000005c4a500000) (1024K)]
  0x00000168016a2490 JavaThread "Unconstrained build operations Thread 42"        [_thread_blocked, id=15328, stack(0x0000005c4a500000,0x0000005c4a600000) (1024K)]
  0x00000168016a31b0 JavaThread "Unconstrained build operations Thread 43"        [_thread_blocked, id=10256, stack(0x0000005c4a600000,0x0000005c4a700000) (1024K)]
  0x00000168016a1770 JavaThread "Unconstrained build operations Thread 44"        [_thread_blocked, id=660, stack(0x0000005c4a700000,0x0000005c4a800000) (1024K)]
  0x00000168016a5280 JavaThread "Unconstrained build operations Thread 45"        [_thread_blocked, id=20164, stack(0x0000005c4a800000,0x0000005c4a900000) (1024K)]
  0x00000168016a1e00 JavaThread "Unconstrained build operations Thread 46"        [_thread_blocked, id=7496, stack(0x0000005c4a900000,0x0000005c4aa00000) (1024K)]
  0x00000168016a5910 JavaThread "Unconstrained build operations Thread 47"        [_thread_blocked, id=13388, stack(0x0000005c4aa00000,0x0000005c4ab00000) (1024K)]
  0x00000168016a5fa0 JavaThread "Unconstrained build operations Thread 48"        [_thread_blocked, id=17044, stack(0x0000005c4ab00000,0x0000005c4ac00000) (1024K)]
  0x00000168016a2b20 JavaThread "Unconstrained build operations Thread 49"        [_thread_blocked, id=17032, stack(0x0000005c4ac00000,0x0000005c4ad00000) (1024K)]
  0x00000168016a8070 JavaThread "Unconstrained build operations Thread 50"        [_thread_blocked, id=5556, stack(0x0000005c4ad00000,0x0000005c4ae00000) (1024K)]
  0x00000168016a6630 JavaThread "Unconstrained build operations Thread 51"        [_thread_blocked, id=6104, stack(0x0000005c4ae00000,0x0000005c4af00000) (1024K)]
  0x00000168016a6cc0 JavaThread "Unconstrained build operations Thread 52"        [_thread_blocked, id=13720, stack(0x0000005c4af00000,0x0000005c4b000000) (1024K)]
  0x00000168016a7350 JavaThread "Unconstrained build operations Thread 53"        [_thread_blocked, id=16452, stack(0x0000005c4b000000,0x0000005c4b100000) (1024K)]
  0x00000168016a8700 JavaThread "Unconstrained build operations Thread 54"        [_thread_blocked, id=6116, stack(0x0000005c4b100000,0x0000005c4b200000) (1024K)]
  0x00000168016a8d90 JavaThread "Unconstrained build operations Thread 55"        [_thread_blocked, id=14028, stack(0x0000005c4b200000,0x0000005c4b300000) (1024K)]
  0x00000168016a79e0 JavaThread "Unconstrained build operations Thread 56"        [_thread_blocked, id=7304, stack(0x0000005c4b300000,0x0000005c4b400000) (1024K)]
  0x000001680194c4d0 JavaThread "Unconstrained build operations Thread 57"        [_thread_blocked, id=19848, stack(0x0000005c4b400000,0x0000005c4b500000) (1024K)]
  0x000001680194d880 JavaThread "Unconstrained build operations Thread 58"        [_thread_blocked, id=4288, stack(0x0000005c4b500000,0x0000005c4b600000) (1024K)]
  0x000001680194d1f0 JavaThread "Unconstrained build operations Thread 59"        [_thread_blocked, id=12548, stack(0x0000005c4b600000,0x0000005c4b700000) (1024K)]
  0x000001680194ec30 JavaThread "Unconstrained build operations Thread 60"        [_thread_blocked, id=4208, stack(0x0000005c4b700000,0x0000005c4b800000) (1024K)]
  0x000001680194e5a0 JavaThread "Unconstrained build operations Thread 61"        [_thread_blocked, id=15468, stack(0x0000005c4b800000,0x0000005c4b900000) (1024K)]
  0x000001680194df10 JavaThread "Unconstrained build operations Thread 62"        [_thread_blocked, id=14944, stack(0x0000005c4b900000,0x0000005c4ba00000) (1024K)]
  0x000001680194f950 JavaThread "Unconstrained build operations Thread 63"        [_thread_blocked, id=19144, stack(0x0000005c4ba00000,0x0000005c4bb00000) (1024K)]
  0x000001680194cb60 JavaThread "Unconstrained build operations Thread 64"        [_thread_blocked, id=12140, stack(0x0000005c4bb00000,0x0000005c4bc00000) (1024K)]
  0x000001680194f2c0 JavaThread "Unconstrained build operations Thread 65"        [_thread_blocked, id=11340, stack(0x0000005c4bc00000,0x0000005c4bd00000) (1024K)]
  0x0000016801951390 JavaThread "Unconstrained build operations Thread 66"        [_thread_blocked, id=15116, stack(0x0000005c4bd00000,0x0000005c4be00000) (1024K)]
  0x0000016801950d00 JavaThread "Problems report writer"            [_thread_blocked, id=9336, stack(0x0000005c45200000,0x0000005c45300000) (1024K)]
  0x00000168019520b0 JavaThread "build event listener"              [_thread_blocked, id=6732, stack(0x0000005c4be00000,0x0000005c4bf00000) (1024K)]
  0x000001680194ffe0 JavaThread "Memory manager"                    [_thread_blocked, id=16484, stack(0x0000005c46b00000,0x0000005c46c00000) (1024K)]
  0x0000016801953460 JavaThread "build event listener"              [_thread_blocked, id=1344, stack(0x0000005c4c100000,0x0000005c4c200000) (1024K)]
  0x0000016800395fd0 JavaThread "included builds"                   [_thread_blocked, id=8688, stack(0x0000005c4c200000,0x0000005c4c300000) (1024K)]
  0x00000168003952b0 JavaThread "Execution worker"                  [_thread_blocked, id=2488, stack(0x0000005c4c300000,0x0000005c4c400000) (1024K)]
  0x0000016800392b50 JavaThread "Execution worker Thread 2"         [_thread_blocked, id=5124, stack(0x0000005c4c400000,0x0000005c4c500000) (1024K)]
  0x0000016800396660 JavaThread "Execution worker Thread 3"         [_thread_blocked, id=16956, stack(0x0000005c4c500000,0x0000005c4c600000) (1024K)]
  0x0000016801950670 JavaThread "Execution worker Thread 4"         [_thread_blocked, id=13380, stack(0x0000005c4c600000,0x0000005c4c700000) (1024K)]
  0x000001687f371ce0 JavaThread "Execution worker Thread 5"         [_thread_blocked, id=14000, stack(0x0000005c4c700000,0x0000005c4c800000) (1024K)]
  0x000001687f372a00 JavaThread "Execution worker Thread 6"         [_thread_blocked, id=15968, stack(0x0000005c4c800000,0x0000005c4c900000) (1024K)]
  0x000001687f374ad0 JavaThread "Execution worker Thread 7"         [_thread_blocked, id=13956, stack(0x0000005c4c900000,0x0000005c4ca00000) (1024K)]
  0x000001687f373090 JavaThread "Execution worker Thread 8"         [_thread_blocked, id=18272, stack(0x0000005c4ca00000,0x0000005c4cb00000) (1024K)]
  0x000001687f371650 JavaThread "Execution worker Thread 9"         [_thread_blocked, id=6528, stack(0x0000005c4cb00000,0x0000005c4cc00000) (1024K)]
  0x000001687f372370 JavaThread "Execution worker Thread 10"        [_thread_blocked, id=2400, stack(0x0000005c4cc00000,0x0000005c4cd00000) (1024K)]
  0x000001687f373720 JavaThread "Execution worker Thread 11"        [_thread_blocked, id=19992, stack(0x0000005c4cd00000,0x0000005c4ce00000) (1024K)]
  0x000001687f373db0 JavaThread "Cache worker for execution history cache (D:\project_uts_mobile\.gradle\9.1.0\executionHistory)"        [_thread_blocked, id=20948, stack(0x0000005c4ce00000,0x0000005c4cf00000) (1024K)]
  0x000001687f4b63f0 JavaThread "Unconstrained build operations Thread 67"        [_thread_blocked, id=9404, stack(0x0000005c4cf00000,0x0000005c4d000000) (1024K)]
  0x000001687f4b77a0 JavaThread "Unconstrained build operations Thread 68"        [_thread_blocked, id=21452, stack(0x0000005c4d000000,0x0000005c4d100000) (1024K)]
  0x000001687f4b6a80 JavaThread "Unconstrained build operations Thread 69"        [_thread_blocked, id=20784, stack(0x0000005c4d100000,0x0000005c4d200000) (1024K)]
  0x000001687f4b84c0 JavaThread "Unconstrained build operations Thread 70"        [_thread_blocked, id=11924, stack(0x0000005c4d200000,0x0000005c4d300000) (1024K)]
  0x000001687f4b7e30 JavaThread "Unconstrained build operations Thread 71"        [_thread_blocked, id=18444, stack(0x0000005c4d300000,0x0000005c4d400000) (1024K)]
  0x000001687f4b5040 JavaThread "Unconstrained build operations Thread 72"        [_thread_blocked, id=21068, stack(0x0000005c4d400000,0x0000005c4d500000) (1024K)]
  0x000001687f4b8b50 JavaThread "Unconstrained build operations Thread 73"        [_thread_blocked, id=18324, stack(0x0000005c4d500000,0x0000005c4d600000) (1024K)]
  0x000001687f4b56d0 JavaThread "Unconstrained build operations Thread 74"        [_thread_blocked, id=5380, stack(0x0000005c4d600000,0x0000005c4d700000) (1024K)]
  0x000001687f4b5d60 JavaThread "Unconstrained build operations Thread 75"        [_thread_blocked, id=19672, stack(0x0000005c4d700000,0x0000005c4d800000) (1024K)]
  0x000001687f4b91e0 JavaThread "Unconstrained build operations Thread 76"        [_thread_blocked, id=19580, stack(0x0000005c4d800000,0x0000005c4d900000) (1024K)]
  0x000001687f4b9870 JavaThread "Unconstrained build operations Thread 77"        [_thread_blocked, id=7984, stack(0x0000005c4d900000,0x0000005c4da00000) (1024K)]
  0x000001687f4bac20 JavaThread "Unconstrained build operations Thread 78"        [_thread_blocked, id=9564, stack(0x0000005c4da00000,0x0000005c4db00000) (1024K)]
  0x000001687f4bb940 JavaThread "Unconstrained build operations Thread 79"        [_thread_blocked, id=7748, stack(0x0000005c4db00000,0x0000005c4dc00000) (1024K)]
  0x000001687f4bbfd0 JavaThread "Unconstrained build operations Thread 80"        [_thread_blocked, id=11572, stack(0x0000005c4dc00000,0x0000005c4dd00000) (1024K)]
  0x0000016800391e30 JavaThread "Unconstrained build operations Thread 81"        [_thread_blocked, id=18244, stack(0x0000005c4dd00000,0x0000005c4de00000) (1024K)]
  0x000001687dc1afc0 JavaThread "Unconstrained build operations Thread 82"        [_thread_blocked, id=15816, stack(0x0000005c4de00000,0x0000005c4df00000) (1024K)]
  0x000001687dc1a930 JavaThread "Unconstrained build operations Thread 83"        [_thread_blocked, id=20984, stack(0x0000005c4df00000,0x0000005c4e000000) (1024K)]
  0x000001687dc1bce0 JavaThread "Unconstrained build operations Thread 84"        [_thread_blocked, id=10664, stack(0x0000005c4e000000,0x0000005c4e100000) (1024K)]
  0x000001687dc1d090 JavaThread "Unconstrained build operations Thread 85"        [_thread_blocked, id=9508, stack(0x0000005c4e100000,0x0000005c4e200000) (1024K)]
  0x000001687dc1ca00 JavaThread "Unconstrained build operations Thread 86"        [_thread_blocked, id=9276, stack(0x0000005c4e200000,0x0000005c4e300000) (1024K)]
  0x000001687dc1c370 JavaThread "Unconstrained build operations Thread 87"        [_thread_blocked, id=18604, stack(0x0000005c4e300000,0x0000005c4e400000) (1024K)]
  0x000001687dc1b650 JavaThread "Unconstrained build operations Thread 88"        [_thread_blocked, id=13220, stack(0x0000005c4e400000,0x0000005c4e500000) (1024K)]
  0x000001687dc19c10 JavaThread "Unconstrained build operations Thread 89"        [_thread_blocked, id=20560, stack(0x0000005c4e500000,0x0000005c4e600000) (1024K)]
  0x000001687dc1d720 JavaThread "Unconstrained build operations Thread 90"        [_thread_blocked, id=2640, stack(0x0000005c4e600000,0x0000005c4e700000) (1024K)]
  0x000001687dc1a2a0 JavaThread "Unconstrained build operations Thread 91"        [_thread_blocked, id=17004, stack(0x0000005c4e700000,0x0000005c4e800000) (1024K)]
  0x000001687dc1f7f0 JavaThread "Unconstrained build operations Thread 92"        [_thread_blocked, id=19784, stack(0x0000005c4e800000,0x0000005c4e900000) (1024K)]
  0x000001687dc20ba0 JavaThread "Unconstrained build operations Thread 93"        [_thread_blocked, id=9796, stack(0x0000005c4e900000,0x0000005c4ea00000) (1024K)]
  0x000001687dc1ddb0 JavaThread "Unconstrained build operations Thread 94"        [_thread_blocked, id=9868, stack(0x0000005c4ea00000,0x0000005c4eb00000) (1024K)]
  0x000001687dc1e440 JavaThread "Unconstrained build operations Thread 95"        [_thread_blocked, id=8152, stack(0x0000005c4eb00000,0x0000005c4ec00000) (1024K)]
  0x000001687dc1ead0 JavaThread "Unconstrained build operations Thread 96"        [_thread_blocked, id=7908, stack(0x0000005c4ec00000,0x0000005c4ed00000) (1024K)]
  0x000001687dc21230 JavaThread "Unconstrained build operations Thread 97"        [_thread_blocked, id=21236, stack(0x0000005c4ed00000,0x0000005c4ee00000) (1024K)]
  0x000001687dc1f160 JavaThread "Unconstrained build operations Thread 98"        [_thread_blocked, id=7836, stack(0x0000005c4ee00000,0x0000005c4ef00000) (1024K)]
  0x000001687dc1fe80 JavaThread "Unconstrained build operations Thread 99"        [_thread_blocked, id=1628, stack(0x0000005c4ef00000,0x0000005c4f000000) (1024K)]
  0x000001687b8c91d0 JavaThread "Unconstrained build operations Thread 100"        [_thread_blocked, id=2360, stack(0x0000005c4c000000,0x0000005c4c100000) (1024K)]
  0x000001687b8c9860 JavaThread "Unconstrained build operations Thread 101"        [_thread_blocked, id=12724, stack(0x0000005c4f000000,0x0000005c4f100000) (1024K)]
  0x000001687b8ca580 JavaThread "Unconstrained build operations Thread 102"        [_thread_blocked, id=19912, stack(0x0000005c4f100000,0x0000005c4f200000) (1024K)]
  0x000001687b8c8b40 JavaThread "Unconstrained build operations Thread 103"        [_thread_blocked, id=12120, stack(0x0000005c4f200000,0x0000005c4f300000) (1024K)]
  0x000001687b8c9ef0 JavaThread "Unconstrained build operations Thread 104"        [_thread_blocked, id=14204, stack(0x0000005c4f300000,0x0000005c4f400000) (1024K)]
  0x000001687b8cb2a0 JavaThread "Unconstrained build operations Thread 105"        [_thread_blocked, id=5328, stack(0x0000005c4f400000,0x0000005c4f500000) (1024K)]
  0x000001687b8cac10 JavaThread "Unconstrained build operations Thread 106"        [_thread_blocked, id=6900, stack(0x0000005c4f500000,0x0000005c4f600000) (1024K)]
  0x000001687b8cb930 JavaThread "Unconstrained build operations Thread 107"        [_thread_blocked, id=20292, stack(0x0000005c4f600000,0x0000005c4f700000) (1024K)]
  0x000001687b8c84b0 JavaThread "Unconstrained build operations Thread 108"        [_thread_blocked, id=15588, stack(0x0000005c4f700000,0x0000005c4f800000) (1024K)]
  0x000001687b8ce720 JavaThread "Unconstrained build operations Thread 109"        [_thread_blocked, id=19828, stack(0x0000005c4f800000,0x0000005c4f900000) (1024K)]
  0x000001687b8cedb0 JavaThread "Unconstrained build operations Thread 110"        [_thread_blocked, id=2748, stack(0x0000005c4f900000,0x0000005c4fa00000) (1024K)]
  0x000001687b8cf440 JavaThread "Unconstrained build operations Thread 111"        [_thread_blocked, id=2444, stack(0x0000005c4fa00000,0x0000005c4fb00000) (1024K)]
  0x000001687b8cda00 JavaThread "Unconstrained build operations Thread 112"        [_thread_blocked, id=5020, stack(0x0000005c4fb00000,0x0000005c4fc00000) (1024K)]
  0x000001687b8cbfc0 JavaThread "Unconstrained build operations Thread 113"        [_thread_blocked, id=11504, stack(0x0000005c4fc00000,0x0000005c4fd00000) (1024K)]
  0x000001687b8cfad0 JavaThread "Unconstrained build operations Thread 114"        [_thread_blocked, id=1712, stack(0x0000005c4fd00000,0x0000005c4fe00000) (1024K)]
  0x000001687b8cc650 JavaThread "Unconstrained build operations Thread 115"        [_thread_blocked, id=13464, stack(0x0000005c4fe00000,0x0000005c4ff00000) (1024K)]
  0x000001687b8ce090 JavaThread "Unconstrained build operations Thread 116"        [_thread_blocked, id=9432, stack(0x0000005c4ff00000,0x0000005c50000000) (1024K)]
  0x000001687b8d0160 JavaThread "Unconstrained build operations Thread 117"        [_thread_blocked, id=7668, stack(0x0000005c50000000,0x0000005c50100000) (1024K)]
  0x000001687b8ccce0 JavaThread "Unconstrained build operations Thread 118"        [_thread_blocked, id=11348, stack(0x0000005c50100000,0x0000005c50200000) (1024K)]
  0x000001687b8d07f0 JavaThread "Unconstrained build operations Thread 119"        [_thread_blocked, id=17312, stack(0x0000005c50200000,0x0000005c50300000) (1024K)]
  0x000001687b8cd370 JavaThread "Unconstrained build operations Thread 120"        [_thread_blocked, id=16404, stack(0x0000005c50300000,0x0000005c50400000) (1024K)]
  0x000001687b8d35e0 JavaThread "WorkerExecutor Queue"              [_thread_blocked, id=16516, stack(0x0000005c4bf00000,0x0000005c4c000000) (1024K)]
  0x000001687b8d3c70 JavaThread "WorkerExecutor Queue Thread 2"        [_thread_blocked, id=11240, stack(0x0000005c50500000,0x0000005c50600000) (1024K)]
  0x000001687b8d56b0 JavaThread "WorkerExecutor Queue Thread 3"        [_thread_blocked, id=10372, stack(0x0000005c50600000,0x0000005c50700000) (1024K)]
  0x000001687b8d4990 JavaThread "WorkerExecutor Queue Thread 4"        [_thread_blocked, id=17040, stack(0x0000005c50700000,0x0000005c50800000) (1024K)]
  0x000001687b8d5020 JavaThread "WorkerExecutor Queue Thread 5"        [_thread_blocked, id=4432, stack(0x0000005c50800000,0x0000005c50900000) (1024K)]
  0x000001687b8d6a60 JavaThread "pool-3-thread-1"                   [_thread_blocked, id=12948, stack(0x0000005c50900000,0x0000005c50a00000) (1024K)]
  0x000001687b8d5d40 JavaThread "stderr"                            [_thread_in_native, id=10008, stack(0x0000005c50a00000,0x0000005c50b00000) (1024K)]
  0x000001687b8d70f0 JavaThread "stdout"                            [_thread_in_native, id=6688, stack(0x0000005c50b00000,0x0000005c50c00000) (1024K)]
  0x000001687f742680 JavaThread "ForkJoinPool-1-worker-1"    daemon [_thread_blocked, id=7764, stack(0x0000005c50c00000,0x0000005c50d00000) (1024K)]
  0x000001687f745b00 JavaThread "ForkJoinPool-1-worker-2"    daemon [_thread_blocked, id=20544, stack(0x0000005c50d00000,0x0000005c50e00000) (1024K)]
  0x000001687f7433a0 JavaThread "ForkJoinPool-1-worker-3"    daemon [_thread_blocked, id=9068, stack(0x0000005c50e00000,0x0000005c50f00000) (1024K)]
  0x000001687f746190 JavaThread "ForkJoinPool-1-worker-4"    daemon [_thread_blocked, id=6296, stack(0x0000005c50f00000,0x0000005c51000000) (1024K)]
  0x000001687f742d10 JavaThread "ForkJoinPool-1-worker-5"    daemon [_thread_blocked, id=19712, stack(0x0000005c51000000,0x0000005c51100000) (1024K)]
  0x000001687f746820 JavaThread "ForkJoinPool-1-worker-6"    daemon [_thread_blocked, id=20444, stack(0x0000005c51100000,0x0000005c51200000) (1024K)]
  0x000001687f746eb0 JavaThread "ForkJoinPool-1-worker-7"    daemon [_thread_blocked, id=16392, stack(0x0000005c51200000,0x0000005c51300000) (1024K)]
  0x000001687f743a30 JavaThread "ForkJoinPool-1-worker-8"    daemon [_thread_blocked, id=4972, stack(0x0000005c51300000,0x0000005c51400000) (1024K)]
  0x000001687f747540 JavaThread "ForkJoinPool-1-worker-9"    daemon [_thread_blocked, id=14792, stack(0x0000005c51400000,0x0000005c51500000) (1024K)]
  0x000001687f7440c0 JavaThread "ForkJoinPool-1-worker-10"   daemon [_thread_blocked, id=6596, stack(0x0000005c51500000,0x0000005c51600000) (1024K)]
  0x000001687f74b050 JavaThread "ForkJoinPool-1-worker-11"   daemon [_thread_blocked, id=8368, stack(0x0000005c51600000,0x0000005c51700000) (1024K)]
  0x000001687f749ca0 JavaThread "ForkJoinPool-1-worker-12"   daemon [_thread_blocked, id=20156, stack(0x0000005c51700000,0x0000005c51800000) (1024K)]
  0x000001687f8c2050 JavaThread "C2 CompilerThread1"         daemon [_thread_blocked, id=13900, stack(0x0000005c50400000,0x0000005c50500000) (1024K)]
Total: 198

Other Threads:
=>0x0000016858f206e0 VMThread "VM Thread"                           [id=7684, stack(0x0000005c44700000,0x0000005c44800000) (1024K)]
  0x0000016874cc0cf0 WatcherThread "VM Periodic Task Thread"        [id=19832, stack(0x0000005c44600000,0x0000005c44700000) (1024K)]
  0x0000016858f1ffa0 WorkerThread "GC Thread#0"                     [id=20864, stack(0x0000005c44100000,0x0000005c44200000) (1024K)]
  0x0000016858f1ed80 WorkerThread "GC Thread#1"                     [id=2524, stack(0x0000005c45400000,0x0000005c45500000) (1024K)]
  0x0000016858f1f120 WorkerThread "GC Thread#2"                     [id=16964, stack(0x0000005c45500000,0x0000005c45600000) (1024K)]
  0x0000016858f1f860 WorkerThread "GC Thread#3"                     [id=12292, stack(0x0000005c45600000,0x0000005c45700000) (1024K)]
  0x000001687b06ca20 WorkerThread "GC Thread#4"                     [id=6408, stack(0x0000005c45700000,0x0000005c45800000) (1024K)]
  0x000001687b06b0c0 WorkerThread "GC Thread#5"                     [id=9500, stack(0x0000005c46100000,0x0000005c46200000) (1024K)]
  0x000001687b06bba0 WorkerThread "GC Thread#6"                     [id=10936, stack(0x0000005c46200000,0x0000005c46300000) (1024K)]
  0x000001687b06e380 WorkerThread "GC Thread#7"                     [id=16476, stack(0x0000005c46300000,0x0000005c46400000) (1024K)]
  0x000001687b06d8a0 WorkerThread "GC Thread#8"                     [id=21312, stack(0x0000005c46400000,0x0000005c46500000) (1024K)]
  0x000001687b06c2e0 WorkerThread "GC Thread#9"                     [id=19896, stack(0x0000005c46500000,0x0000005c46600000) (1024K)]
  0x000001685b3f9150 ConcurrentGCThread "G1 Main Marker"            [id=11880, stack(0x0000005c44200000,0x0000005c44300000) (1024K)]
  0x0000016858f20340 WorkerThread "G1 Conc#0"                       [id=20820, stack(0x0000005c44300000,0x0000005c44400000) (1024K)]
  0x000001687b06b460 WorkerThread "G1 Conc#1"                       [id=13300, stack(0x0000005c46700000,0x0000005c46800000) (1024K)]
  0x000001687b06b800 WorkerThread "G1 Conc#2"                       [id=4888, stack(0x0000005c46800000,0x0000005c46900000) (1024K)]
  0x0000016874b8c050 ConcurrentGCThread "G1 Refine#0"               [id=19488, stack(0x0000005c44400000,0x0000005c44500000) (1024K)]
  0x0000016874b8c870 ConcurrentGCThread "G1 Service"                [id=20220, stack(0x0000005c44500000,0x0000005c44600000) (1024K)]
Total: 18

Threads with active compile tasks:
C2 CompilerThread0  39403 17630       4       com.android.builder.symbols.BytecodeRClassWriterKt::generateResourceTypeClass (853 bytes)
C1 CompilerThread0  39403 17734       2       jdk.internal.org.objectweb.asm.Type::appendDescriptor (185 bytes)
C2 CompilerThread1  39403 17695   !   4       java.util.concurrent.ForkJoinTask$InterruptibleTask::exec (84 bytes)
Total: 3

VM state: at safepoint (normal execution)

VM Mutex/Monitor currently owned by a thread:  ([mutex/lock_event])
[0x00007fff5f5b8690] Threads_lock - owner thread: 0x0000016858f206e0
[0x00007fff5f5b8790] Heap_lock - owner thread: 0x000001687b8d3c70

Heap address: 0x0000000700000000, size: 4096 MB, Compressed Oops mode: Zero based, Oop shift amount: 3

CDS archive(s) not mapped
Compressed class space mapped at: 0x0000000800000000-0x0000000840000000, reserved size: 1073741824
Narrow klass base: 0x0000000800000000, Narrow klass shift: 0, Narrow klass range: 0x40000000

GC Precious Log:
 CardTable entry size: 512
 Card Set container configuration: InlinePtr #cards 4 size 8 Array Of Cards #cards 16 size 48 Howl #buckets 8 coarsen threshold 3686 Howl Bitmap #cards 512 size 80 coarsen threshold 460 Card regions per heap region 1 cards per card region 4096
 CPUs: 12 total, 12 available
 Memory: 7933M
 Large Page Support: Disabled
 NUMA Support: Disabled
 Compressed Oops: Enabled (Zero based)
 Heap Region Size: 2M
 Heap Min Capacity: 8M
 Heap Initial Capacity: 124M
 Heap Max Capacity: 4G
 Pre-touch: Disabled
 Parallel Workers: 10
 Concurrent Workers: 3
 Concurrent Refinement Workers: 10
 Periodic GC: Disabled

Heap:
 garbage-first heap   total 1116160K, used 679412K [0x0000000700000000, 0x0000000800000000)
  region size 2048K, 24 young (49152K), 24 survivors (49152K)
 Metaspace       used 133056K, committed 135424K, reserved 1179648K
  class space    used 18927K, committed 20096K, reserved 1048576K

Heap Regions: E=young(eden), S=young(survivor), O=old, HS=humongous(starts), HC=humongous(continues), CS=collection set, F=free, TAMS=top-at-mark-start, PB=parsable bottom
|   0|0x0000000700000000, 0x0000000700200000, 0x0000000700200000|100%|HS|  |TAMS 0x0000000700200000| PB 0x0000000700000000| Complete 
|   1|0x0000000700200000, 0x0000000700400000, 0x0000000700400000|100%|HC|  |TAMS 0x0000000700400000| PB 0x0000000700200000| Complete 
|   2|0x0000000700400000, 0x0000000700600000, 0x0000000700600000|100%| O|  |TAMS 0x0000000700600000| PB 0x0000000700400000| Untracked 
|   3|0x0000000700600000, 0x0000000700800000, 0x0000000700800000|100%| O|  |TAMS 0x0000000700800000| PB 0x0000000700600000| Untracked 
|   4|0x0000000700800000, 0x0000000700a00000, 0x0000000700a00000|100%| O|  |TAMS 0x0000000700a00000| PB 0x0000000700800000| Untracked 
|   5|0x0000000700a00000, 0x0000000700c00000, 0x0000000700c00000|100%| O|  |TAMS 0x0000000700c00000| PB 0x0000000700a00000| Untracked 
|   6|0x0000000700c00000, 0x0000000700e00000, 0x0000000700e00000|100%| O|  |TAMS 0x0000000700e00000| PB 0x0000000700c00000| Untracked 
|   7|0x0000000700e00000, 0x0000000701000000, 0x0000000701000000|100%| O|  |TAMS 0x0000000701000000| PB 0x0000000700e00000| Untracked 
|   8|0x0000000701000000, 0x0000000701200000, 0x0000000701200000|100%| O|  |TAMS 0x0000000701200000| PB 0x0000000701000000| Untracked 
|   9|0x0000000701200000, 0x0000000701400000, 0x0000000701400000|100%| O|  |TAMS 0x0000000701400000| PB 0x0000000701200000| Untracked 
|  10|0x0000000701400000, 0x0000000701600000, 0x0000000701600000|100%| O|  |TAMS 0x0000000701600000| PB 0x0000000701400000| Untracked 
|  11|0x0000000701600000, 0x0000000701800000, 0x0000000701800000|100%| O|  |TAMS 0x0000000701800000| PB 0x0000000701600000| Untracked 
|  12|0x0000000701800000, 0x0000000701a00000, 0x0000000701a00000|100%| O|  |TAMS 0x0000000701a00000| PB 0x0000000701800000| Untracked 
|  13|0x0000000701a00000, 0x0000000701c00000, 0x0000000701c00000|100%| O|  |TAMS 0x0000000701c00000| PB 0x0000000701a00000| Untracked 
|  14|0x0000000701c00000, 0x0000000701e00000, 0x0000000701e00000|100%| O|  |TAMS 0x0000000701e00000| PB 0x0000000701c00000| Untracked 
|  15|0x0000000701e00000, 0x0000000702000000, 0x0000000702000000|100%| O|  |TAMS 0x0000000702000000| PB 0x0000000701e00000| Untracked 
|  16|0x0000000702000000, 0x0000000702200000, 0x0000000702200000|100%| O|  |TAMS 0x0000000702200000| PB 0x0000000702000000| Untracked 
|  17|0x0000000702200000, 0x0000000702400000, 0x0000000702400000|100%| O|  |TAMS 0x0000000702400000| PB 0x0000000702200000| Untracked 
|  18|0x0000000702400000, 0x0000000702600000, 0x0000000702600000|100%|HS|  |TAMS 0x0000000702600000| PB 0x0000000702400000| Complete 
|  19|0x0000000702600000, 0x0000000702800000, 0x0000000702800000|100%| O|  |TAMS 0x0000000702800000| PB 0x0000000702600000| Untracked 
|  20|0x0000000702800000, 0x0000000702a00000, 0x0000000702a00000|100%| O|  |TAMS 0x0000000702a00000| PB 0x0000000702800000| Untracked 
|  21|0x0000000702a00000, 0x0000000702bfd028, 0x0000000702c00000| 99%| O|  |TAMS 0x0000000702bfd028| PB 0x0000000702a00000| Untracked 
|  22|0x0000000702c00000, 0x0000000702e00000, 0x0000000702e00000|100%|HS|  |TAMS 0x0000000702e00000| PB 0x0000000702c00000| Complete 
|  23|0x0000000702e00000, 0x0000000703000000, 0x0000000703000000|100%|HS|  |TAMS 0x0000000703000000| PB 0x0000000702e00000| Complete 
|  24|0x0000000703000000, 0x0000000703200000, 0x0000000703200000|100%| O|  |TAMS 0x0000000703200000| PB 0x0000000703000000| Untracked 
|  25|0x0000000703200000, 0x0000000703400000, 0x0000000703400000|100%| O|  |TAMS 0x0000000703400000| PB 0x0000000703200000| Untracked 
|  26|0x0000000703400000, 0x0000000703600000, 0x0000000703600000|100%| O|  |TAMS 0x0000000703600000| PB 0x0000000703400000| Untracked 
|  27|0x0000000703600000, 0x0000000703800000, 0x0000000703800000|100%| O|  |TAMS 0x0000000703800000| PB 0x0000000703600000| Untracked 
|  28|0x0000000703800000, 0x0000000703a00000, 0x0000000703a00000|100%| O|  |TAMS 0x0000000703a00000| PB 0x0000000703800000| Untracked 
|  29|0x0000000703a00000, 0x0000000703c00000, 0x0000000703c00000|100%|HS|  |TAMS 0x0000000703c00000| PB 0x0000000703a00000| Complete 
|  30|0x0000000703c00000, 0x0000000703e00000, 0x0000000703e00000|100%|HC|  |TAMS 0x0000000703e00000| PB 0x0000000703c00000| Complete 
|  31|0x0000000703e00000, 0x0000000704000000, 0x0000000704000000|100%| O|  |TAMS 0x0000000704000000| PB 0x0000000703e00000| Untracked 
|  32|0x0000000704000000, 0x0000000704200000, 0x0000000704200000|100%| O|  |TAMS 0x0000000704200000| PB 0x0000000704000000| Untracked 
|  33|0x0000000704200000, 0x0000000704400000, 0x0000000704400000|100%| O|  |TAMS 0x0000000704400000| PB 0x0000000704200000| Untracked 
|  34|0x0000000704400000, 0x0000000704600000, 0x0000000704600000|100%| O|  |TAMS 0x0000000704600000| PB 0x0000000704400000| Untracked 
|  35|0x0000000704600000, 0x0000000704800000, 0x0000000704800000|100%| O|  |TAMS 0x0000000704800000| PB 0x0000000704600000| Untracked 
|  36|0x0000000704800000, 0x0000000704a00000, 0x0000000704a00000|100%| O|  |TAMS 0x0000000704a00000| PB 0x0000000704800000| Untracked 
|  37|0x0000000704a00000, 0x0000000704c00000, 0x0000000704c00000|100%| O|  |TAMS 0x0000000704c00000| PB 0x0000000704a00000| Untracked 
|  38|0x0000000704c00000, 0x0000000704e00000, 0x0000000704e00000|100%| O|  |TAMS 0x0000000704e00000| PB 0x0000000704c00000| Untracked 
|  39|0x0000000704e00000, 0x0000000705000000, 0x0000000705000000|100%|HS|  |TAMS 0x0000000705000000| PB 0x0000000704e00000| Complete 
|  40|0x0000000705000000, 0x0000000705200000, 0x0000000705200000|100%|HC|  |TAMS 0x0000000705200000| PB 0x0000000705000000| Complete 
|  41|0x0000000705200000, 0x0000000705400000, 0x0000000705400000|100%| O|  |TAMS 0x0000000705400000| PB 0x0000000705200000| Untracked 
|  42|0x0000000705400000, 0x0000000705600000, 0x0000000705600000|100%| O|  |TAMS 0x0000000705600000| PB 0x0000000705400000| Untracked 
|  43|0x0000000705600000, 0x0000000705800000, 0x0000000705800000|100%| O|  |TAMS 0x0000000705800000| PB 0x0000000705600000| Untracked 
|  44|0x0000000705800000, 0x0000000705a00000, 0x0000000705a00000|100%| O|  |TAMS 0x0000000705a00000| PB 0x0000000705800000| Untracked 
|  45|0x0000000705a00000, 0x0000000705c00000, 0x0000000705c00000|100%| O|  |TAMS 0x0000000705c00000| PB 0x0000000705a00000| Untracked 
|  46|0x0000000705c00000, 0x0000000705e00000, 0x0000000705e00000|100%| O|  |TAMS 0x0000000705e00000| PB 0x0000000705c00000| Untracked 
|  47|0x0000000705e00000, 0x0000000706000000, 0x0000000706000000|100%| O|  |TAMS 0x0000000706000000| PB 0x0000000705e00000| Untracked 
|  48|0x0000000706000000, 0x0000000706200000, 0x0000000706200000|100%| O|  |TAMS 0x0000000706200000| PB 0x0000000706000000| Untracked 
|  49|0x0000000706200000, 0x0000000706400000, 0x0000000706400000|100%| O|  |TAMS 0x0000000706400000| PB 0x0000000706200000| Untracked 
|  50|0x0000000706400000, 0x0000000706600000, 0x0000000706600000|100%| O|  |TAMS 0x0000000706400000| PB 0x0000000706400000| Untracked 
|  51|0x0000000706600000, 0x0000000706800000, 0x0000000706800000|100%| O|  |TAMS 0x0000000706800000| PB 0x0000000706600000| Untracked 
|  52|0x0000000706800000, 0x0000000706a00000, 0x0000000706a00000|100%| O|  |TAMS 0x0000000706a00000| PB 0x0000000706800000| Untracked 
|  53|0x0000000706a00000, 0x0000000706c00000, 0x0000000706c00000|100%| O|  |TAMS 0x0000000706c00000| PB 0x0000000706a00000| Untracked 
|  54|0x0000000706c00000, 0x0000000706e00000, 0x0000000706e00000|100%| O|  |TAMS 0x0000000706e00000| PB 0x0000000706c00000| Untracked 
|  55|0x0000000706e00000, 0x0000000707000000, 0x0000000707000000|100%| O|  |TAMS 0x0000000707000000| PB 0x0000000706e00000| Untracked 
|  56|0x0000000707000000, 0x0000000707200000, 0x0000000707200000|100%| O|  |TAMS 0x0000000707200000| PB 0x0000000707000000| Untracked 
|  57|0x0000000707200000, 0x0000000707400000, 0x0000000707400000|100%| O|  |TAMS 0x0000000707400000| PB 0x0000000707200000| Untracked 
|  58|0x0000000707400000, 0x0000000707600000, 0x0000000707600000|100%| O|  |TAMS 0x0000000707600000| PB 0x0000000707400000| Untracked 
|  59|0x0000000707600000, 0x0000000707800000, 0x0000000707800000|100%| O|  |TAMS 0x0000000707800000| PB 0x0000000707600000| Untracked 
|  60|0x0000000707800000, 0x0000000707a00000, 0x0000000707a00000|100%| O|  |TAMS 0x0000000707a00000| PB 0x0000000707800000| Untracked 
|  61|0x0000000707a00000, 0x0000000707c00000, 0x0000000707c00000|100%| O|  |TAMS 0x0000000707c00000| PB 0x0000000707a00000| Untracked 
|  62|0x0000000707c00000, 0x0000000707e00000, 0x0000000707e00000|100%|HS|  |TAMS 0x0000000707e00000| PB 0x0000000707c00000| Complete 
|  63|0x0000000707e00000, 0x0000000708000000, 0x0000000708000000|100%|HS|  |TAMS 0x0000000708000000| PB 0x0000000707e00000| Complete 
|  64|0x0000000708000000, 0x0000000708200000, 0x0000000708200000|100%|HS|  |TAMS 0x0000000708200000| PB 0x0000000708000000| Complete 
|  65|0x0000000708200000, 0x0000000708400000, 0x0000000708400000|100%| O|  |TAMS 0x0000000708400000| PB 0x0000000708200000| Untracked 
|  66|0x0000000708400000, 0x0000000708600000, 0x0000000708600000|100%|HS|  |TAMS 0x0000000708600000| PB 0x0000000708400000| Complete 
|  67|0x0000000708600000, 0x0000000708800000, 0x0000000708800000|100%|HC|  |TAMS 0x0000000708800000| PB 0x0000000708600000| Complete 
|  68|0x0000000708800000, 0x0000000708a00000, 0x0000000708a00000|100%| O|  |TAMS 0x0000000708a00000| PB 0x0000000708800000| Untracked 
|  69|0x0000000708a00000, 0x0000000708c00000, 0x0000000708c00000|100%|HS|  |TAMS 0x0000000708c00000| PB 0x0000000708a00000| Complete 
|  70|0x0000000708c00000, 0x0000000708e00000, 0x0000000708e00000|100%|HC|  |TAMS 0x0000000708e00000| PB 0x0000000708c00000| Complete 
|  71|0x0000000708e00000, 0x0000000709000000, 0x0000000709000000|100%|HC|  |TAMS 0x0000000709000000| PB 0x0000000708e00000| Complete 
|  72|0x0000000709000000, 0x0000000709200000, 0x0000000709200000|100%|HC|  |TAMS 0x0000000709200000| PB 0x0000000709000000| Complete 
|  73|0x0000000709200000, 0x0000000709400000, 0x0000000709400000|100%|HC|  |TAMS 0x0000000709400000| PB 0x0000000709200000| Complete 
|  74|0x0000000709400000, 0x0000000709600000, 0x0000000709600000|100%|HC|  |TAMS 0x0000000709600000| PB 0x0000000709400000| Complete 
|  75|0x0000000709600000, 0x0000000709800000, 0x0000000709800000|100%|HC|  |TAMS 0x0000000709800000| PB 0x0000000709600000| Complete 
|  76|0x0000000709800000, 0x0000000709a00000, 0x0000000709a00000|100%|HC|  |TAMS 0x0000000709a00000| PB 0x0000000709800000| Complete 
|  77|0x0000000709a00000, 0x0000000709c00000, 0x0000000709c00000|100%|HC|  |TAMS 0x0000000709c00000| PB 0x0000000709a00000| Complete 
|  78|0x0000000709c00000, 0x0000000709e00000, 0x0000000709e00000|100%|HC|  |TAMS 0x0000000709e00000| PB 0x0000000709c00000| Complete 
|  79|0x0000000709e00000, 0x000000070a000000, 0x000000070a000000|100%|HC|  |TAMS 0x000000070a000000| PB 0x0000000709e00000| Complete 
|  80|0x000000070a000000, 0x000000070a200000, 0x000000070a200000|100%|HC|  |TAMS 0x000000070a200000| PB 0x000000070a000000| Complete 
|  81|0x000000070a200000, 0x000000070a400000, 0x000000070a400000|100%|HC|  |TAMS 0x000000070a400000| PB 0x000000070a200000| Complete 
|  82|0x000000070a400000, 0x000000070a600000, 0x000000070a600000|100%|HC|  |TAMS 0x000000070a600000| PB 0x000000070a400000| Complete 
|  83|0x000000070a600000, 0x000000070a800000, 0x000000070a800000|100%|HC|  |TAMS 0x000000070a800000| PB 0x000000070a600000| Complete 
|  84|0x000000070a800000, 0x000000070aa00000, 0x000000070aa00000|100%|HS|  |TAMS 0x000000070aa00000| PB 0x000000070a800000| Complete 
|  85|0x000000070aa00000, 0x000000070ac00000, 0x000000070ac00000|100%|HC|  |TAMS 0x000000070ac00000| PB 0x000000070aa00000| Complete 
|  86|0x000000070ac00000, 0x000000070ae00000, 0x000000070ae00000|100%|HS|  |TAMS 0x000000070ae00000| PB 0x000000070ac00000| Complete 
|  87|0x000000070ae00000, 0x000000070b000000, 0x000000070b000000|100%|HC|  |TAMS 0x000000070b000000| PB 0x000000070ae00000| Complete 
|  88|0x000000070b000000, 0x000000070b200000, 0x000000070b200000|100%|HS|  |TAMS 0x000000070b200000| PB 0x000000070b000000| Complete 
|  89|0x000000070b200000, 0x000000070b400000, 0x000000070b400000|100%|HS|  |TAMS 0x000000070b400000| PB 0x000000070b200000| Complete 
|  90|0x000000070b400000, 0x000000070b600000, 0x000000070b600000|100%|HS|  |TAMS 0x000000070b600000| PB 0x000000070b400000| Complete 
|  91|0x000000070b600000, 0x000000070b800000, 0x000000070b800000|100%|HS|  |TAMS 0x000000070b800000| PB 0x000000070b600000| Complete 
|  92|0x000000070b800000, 0x000000070ba00000, 0x000000070ba00000|100%|HS|  |TAMS 0x000000070ba00000| PB 0x000000070b800000| Complete 
|  93|0x000000070ba00000, 0x000000070bc00000, 0x000000070bc00000|100%|HC|  |TAMS 0x000000070bc00000| PB 0x000000070ba00000| Complete 
|  94|0x000000070bc00000, 0x000000070be00000, 0x000000070be00000|100%| O|  |TAMS 0x000000070be00000| PB 0x000000070bc00000| Untracked 
|  95|0x000000070be00000, 0x000000070c000000, 0x000000070c000000|100%| O|  |TAMS 0x000000070c000000| PB 0x000000070be00000| Untracked 
|  96|0x000000070c000000, 0x000000070c200000, 0x000000070c200000|100%|HS|  |TAMS 0x000000070c200000| PB 0x000000070c000000| Complete 
|  97|0x000000070c200000, 0x000000070c400000, 0x000000070c400000|100%| O|  |TAMS 0x000000070c400000| PB 0x000000070c200000| Untracked 
|  98|0x000000070c400000, 0x000000070c600000, 0x000000070c600000|100%|HS|  |TAMS 0x000000070c600000| PB 0x000000070c400000| Complete 
|  99|0x000000070c600000, 0x000000070c800000, 0x000000070c800000|100%| O|  |TAMS 0x000000070c800000| PB 0x000000070c600000| Untracked 
| 100|0x000000070c800000, 0x000000070ca00000, 0x000000070ca00000|100%| O|  |TAMS 0x000000070ca00000| PB 0x000000070c800000| Untracked 
| 101|0x000000070ca00000, 0x000000070cc00000, 0x000000070cc00000|100%| O|  |TAMS 0x000000070cc00000| PB 0x000000070ca00000| Untracked 
| 102|0x000000070cc00000, 0x000000070ce00000, 0x000000070ce00000|100%|HS|  |TAMS 0x000000070ce00000| PB 0x000000070cc00000| Complete 
| 103|0x000000070ce00000, 0x000000070d000000, 0x000000070d000000|100%|HC|  |TAMS 0x000000070d000000| PB 0x000000070ce00000| Complete 
| 104|0x000000070d000000, 0x000000070d200000, 0x000000070d200000|100%| O|  |TAMS 0x000000070d200000| PB 0x000000070d000000| Untracked 
| 105|0x000000070d200000, 0x000000070d400000, 0x000000070d400000|100%|HS|  |TAMS 0x000000070d400000| PB 0x000000070d200000| Complete 
| 106|0x000000070d400000, 0x000000070d600000, 0x000000070d600000|100%| O|  |TAMS 0x000000070d600000| PB 0x000000070d400000| Untracked 
| 107|0x000000070d600000, 0x000000070d800000, 0x000000070d800000|100%| O|  |TAMS 0x000000070d800000| PB 0x000000070d600000| Untracked 
| 108|0x000000070d800000, 0x000000070da00000, 0x000000070da00000|100%| O|  |TAMS 0x000000070da00000| PB 0x000000070d800000| Untracked 
| 109|0x000000070da00000, 0x000000070dc00000, 0x000000070dc00000|100%| O|  |TAMS 0x000000070dc00000| PB 0x000000070da00000| Untracked 
| 110|0x000000070dc00000, 0x000000070de00000, 0x000000070de00000|100%| O|  |TAMS 0x000000070de00000| PB 0x000000070dc00000| Untracked 
| 111|0x000000070de00000, 0x000000070e000000, 0x000000070e000000|100%| O|  |TAMS 0x000000070e000000| PB 0x000000070de00000| Untracked 
| 112|0x000000070e000000, 0x000000070e200000, 0x000000070e200000|100%| O|  |TAMS 0x000000070e200000| PB 0x000000070e000000| Untracked 
| 113|0x000000070e200000, 0x000000070e400000, 0x000000070e400000|100%| O|  |TAMS 0x000000070e400000| PB 0x000000070e200000| Untracked 
| 114|0x000000070e400000, 0x000000070e600000, 0x000000070e600000|100%| O|  |TAMS 0x000000070e600000| PB 0x000000070e400000| Untracked 
| 115|0x000000070e600000, 0x000000070e800000, 0x000000070e800000|100%| O|  |TAMS 0x000000070e800000| PB 0x000000070e600000| Untracked 
| 116|0x000000070e800000, 0x000000070ea00000, 0x000000070ea00000|100%| O|  |TAMS 0x000000070ea00000| PB 0x000000070e800000| Untracked 
| 117|0x000000070ea00000, 0x000000070ec00000, 0x000000070ec00000|100%| O|  |TAMS 0x000000070ec00000| PB 0x000000070ea00000| Untracked 
| 118|0x000000070ec00000, 0x000000070ee00000, 0x000000070ee00000|100%| O|  |TAMS 0x000000070ee00000| PB 0x000000070ec00000| Untracked 
| 119|0x000000070ee00000, 0x000000070f000000, 0x000000070f000000|100%| O|  |TAMS 0x000000070f000000| PB 0x000000070ee00000| Untracked 
| 120|0x000000070f000000, 0x000000070f200000, 0x000000070f200000|100%| O|  |TAMS 0x000000070f200000| PB 0x000000070f000000| Untracked 
| 121|0x000000070f200000, 0x000000070f400000, 0x000000070f400000|100%| O|  |TAMS 0x000000070f400000| PB 0x000000070f200000| Untracked 
| 122|0x000000070f400000, 0x000000070f600000, 0x000000070f600000|100%| O|  |TAMS 0x000000070f600000| PB 0x000000070f400000| Untracked 
| 123|0x000000070f600000, 0x000000070f800000, 0x000000070f800000|100%| O|  |TAMS 0x000000070f800000| PB 0x000000070f600000| Untracked 
| 124|0x000000070f800000, 0x000000070fa00000, 0x000000070fa00000|100%| O|  |TAMS 0x000000070fa00000| PB 0x000000070f800000| Untracked 
| 125|0x000000070fa00000, 0x000000070fc00000, 0x000000070fc00000|100%| O|  |TAMS 0x000000070fc00000| PB 0x000000070fa00000| Untracked 
| 126|0x000000070fc00000, 0x000000070fe00000, 0x000000070fe00000|100%|HS|  |TAMS 0x000000070fe00000| PB 0x000000070fc00000| Complete 
| 127|0x000000070fe00000, 0x0000000710000000, 0x0000000710000000|100%|HC|  |TAMS 0x0000000710000000| PB 0x000000070fe00000| Complete 
| 128|0x0000000710000000, 0x0000000710200000, 0x0000000710200000|100%|HC|  |TAMS 0x0000000710200000| PB 0x0000000710000000| Complete 
| 129|0x0000000710200000, 0x0000000710400000, 0x0000000710400000|100%|HC|  |TAMS 0x0000000710400000| PB 0x0000000710200000| Complete 
| 130|0x0000000710400000, 0x0000000710600000, 0x0000000710600000|100%|HC|  |TAMS 0x0000000710600000| PB 0x0000000710400000| Complete 
| 131|0x0000000710600000, 0x0000000710800000, 0x0000000710800000|100%|HC|  |TAMS 0x0000000710800000| PB 0x0000000710600000| Complete 
| 132|0x0000000710800000, 0x0000000710a00000, 0x0000000710a00000|100%|HC|  |TAMS 0x0000000710a00000| PB 0x0000000710800000| Complete 
| 133|0x0000000710a00000, 0x0000000710c00000, 0x0000000710c00000|100%|HC|  |TAMS 0x0000000710c00000| PB 0x0000000710a00000| Complete 
| 134|0x0000000710c00000, 0x0000000710e00000, 0x0000000710e00000|100%|HC|  |TAMS 0x0000000710e00000| PB 0x0000000710c00000| Complete 
| 135|0x0000000710e00000, 0x0000000711000000, 0x0000000711000000|100%|HC|  |TAMS 0x0000000711000000| PB 0x0000000710e00000| Complete 
| 136|0x0000000711000000, 0x0000000711200000, 0x0000000711200000|100%|HC|  |TAMS 0x0000000711200000| PB 0x0000000711000000| Complete 
| 137|0x0000000711200000, 0x0000000711400000, 0x0000000711400000|100%|HC|  |TAMS 0x0000000711400000| PB 0x0000000711200000| Complete 
| 138|0x0000000711400000, 0x0000000711600000, 0x0000000711600000|100%|HC|  |TAMS 0x0000000711600000| PB 0x0000000711400000| Complete 
| 139|0x0000000711600000, 0x0000000711800000, 0x0000000711800000|100%|HC|  |TAMS 0x0000000711800000| PB 0x0000000711600000| Complete 
| 140|0x0000000711800000, 0x0000000711a00000, 0x0000000711a00000|100%|HC|  |TAMS 0x0000000711a00000| PB 0x0000000711800000| Complete 
| 141|0x0000000711a00000, 0x0000000711c00000, 0x0000000711c00000|100%| O|  |TAMS 0x0000000711c00000| PB 0x0000000711a00000| Untracked 
| 142|0x0000000711c00000, 0x0000000711e00000, 0x0000000711e00000|100%| O|  |TAMS 0x0000000711e00000| PB 0x0000000711c00000| Untracked 
| 143|0x0000000711e00000, 0x0000000712000000, 0x0000000712000000|100%|HS|  |TAMS 0x0000000712000000| PB 0x0000000711e00000| Complete 
| 144|0x0000000712000000, 0x0000000712200000, 0x0000000712200000|100%|HC|  |TAMS 0x0000000712200000| PB 0x0000000712000000| Complete 
| 145|0x0000000712200000, 0x0000000712400000, 0x0000000712400000|100%| O|  |TAMS 0x0000000712400000| PB 0x0000000712200000| Untracked 
| 146|0x0000000712400000, 0x0000000712600000, 0x0000000712600000|100%| O|  |TAMS 0x0000000712600000| PB 0x0000000712400000| Untracked 
| 147|0x0000000712600000, 0x0000000712800000, 0x0000000712800000|100%| O|  |TAMS 0x0000000712800000| PB 0x0000000712600000| Untracked 
| 148|0x0000000712800000, 0x0000000712a00000, 0x0000000712a00000|100%|HS|  |TAMS 0x0000000712a00000| PB 0x0000000712800000| Complete 
| 149|0x0000000712a00000, 0x0000000712c00000, 0x0000000712c00000|100%|HC|  |TAMS 0x0000000712c00000| PB 0x0000000712a00000| Complete 
| 150|0x0000000712c00000, 0x0000000712e00000, 0x0000000712e00000|100%| O|  |TAMS 0x0000000712e00000| PB 0x0000000712c00000| Untracked 
| 151|0x0000000712e00000, 0x0000000713000000, 0x0000000713000000|100%|HS|  |TAMS 0x0000000713000000| PB 0x0000000712e00000| Complete 
| 152|0x0000000713000000, 0x0000000713200000, 0x0000000713200000|100%| O|  |TAMS 0x0000000713200000| PB 0x0000000713000000| Untracked 
| 153|0x0000000713200000, 0x0000000713400000, 0x0000000713400000|100%|HS|  |TAMS 0x0000000713400000| PB 0x0000000713200000| Complete 
| 154|0x0000000713400000, 0x0000000713600000, 0x0000000713600000|100%| O|  |TAMS 0x0000000713600000| PB 0x0000000713400000| Untracked 
| 155|0x0000000713600000, 0x0000000713800000, 0x0000000713800000|100%|HS|  |TAMS 0x0000000713800000| PB 0x0000000713600000| Complete 
| 156|0x0000000713800000, 0x0000000713a00000, 0x0000000713a00000|100%| O|  |TAMS 0x0000000713a00000| PB 0x0000000713800000| Untracked 
| 157|0x0000000713a00000, 0x0000000713c00000, 0x0000000713c00000|100%|HS|  |TAMS 0x0000000713c00000| PB 0x0000000713a00000| Complete 
| 158|0x0000000713c00000, 0x0000000713e00000, 0x0000000713e00000|100%| O|  |TAMS 0x0000000713e00000| PB 0x0000000713c00000| Untracked 
| 159|0x0000000713e00000, 0x0000000714000000, 0x0000000714000000|100%| O|  |TAMS 0x0000000714000000| PB 0x0000000713e00000| Untracked 
| 160|0x0000000714000000, 0x0000000714200000, 0x0000000714200000|100%| O|  |TAMS 0x0000000714200000| PB 0x0000000714000000| Untracked 
| 161|0x0000000714200000, 0x0000000714400000, 0x0000000714400000|100%|HS|  |TAMS 0x0000000714400000| PB 0x0000000714200000| Complete 
| 162|0x0000000714400000, 0x0000000714600000, 0x0000000714600000|100%|HC|  |TAMS 0x0000000714600000| PB 0x0000000714400000| Complete 
| 163|0x0000000714600000, 0x0000000714800000, 0x0000000714800000|100%|HS|  |TAMS 0x0000000714800000| PB 0x0000000714600000| Complete 
| 164|0x0000000714800000, 0x0000000714a00000, 0x0000000714a00000|100%| O|  |TAMS 0x0000000714a00000| PB 0x0000000714800000| Untracked 
| 165|0x0000000714a00000, 0x0000000714c00000, 0x0000000714c00000|100%| O|  |TAMS 0x0000000714c00000| PB 0x0000000714a00000| Untracked 
| 166|0x0000000714c00000, 0x0000000714e00000, 0x0000000714e00000|100%|HS|  |TAMS 0x0000000714e00000| PB 0x0000000714c00000| Complete 
| 167|0x0000000714e00000, 0x0000000715000000, 0x0000000715000000|100%|HS|  |TAMS 0x0000000715000000| PB 0x0000000714e00000| Complete 
| 168|0x0000000715000000, 0x0000000715200000, 0x0000000715200000|100%|HC|  |TAMS 0x0000000715200000| PB 0x0000000715000000| Complete 
| 169|0x0000000715200000, 0x0000000715400000, 0x0000000715400000|100%| O|  |TAMS 0x0000000715200000| PB 0x0000000715200000| Untracked 
| 170|0x0000000715400000, 0x0000000715600000, 0x0000000715600000|100%| O|  |TAMS 0x0000000715400000| PB 0x0000000715400000| Untracked 
| 171|0x0000000715600000, 0x0000000715800000, 0x0000000715800000|100%| O|  |TAMS 0x0000000715600000| PB 0x0000000715600000| Untracked 
| 172|0x0000000715800000, 0x0000000715a00000, 0x0000000715a00000|100%| O|  |TAMS 0x0000000715800000| PB 0x0000000715800000| Untracked 
| 173|0x0000000715a00000, 0x0000000715c00000, 0x0000000715c00000|100%| O|  |TAMS 0x0000000715b00000| PB 0x0000000715a00000| Untracked 
| 174|0x0000000715c00000, 0x0000000715e00000, 0x0000000715e00000|100%| O|  |TAMS 0x0000000715c00000| PB 0x0000000715c00000| Untracked 
| 175|0x0000000715e00000, 0x0000000716000000, 0x0000000716000000|100%| O|  |TAMS 0x0000000715e00000| PB 0x0000000715e00000| Untracked 
| 176|0x0000000716000000, 0x0000000716200000, 0x0000000716200000|100%| O|  |TAMS 0x0000000716000000| PB 0x0000000716000000| Untracked 
| 177|0x0000000716200000, 0x0000000716400000, 0x0000000716400000|100%| O|  |TAMS 0x0000000716200000| PB 0x0000000716200000| Untracked 
| 178|0x0000000716400000, 0x0000000716600000, 0x0000000716600000|100%| O|  |TAMS 0x0000000716400000| PB 0x0000000716400000| Untracked 
| 179|0x0000000716600000, 0x0000000716800000, 0x0000000716800000|100%| O|  |TAMS 0x0000000716600000| PB 0x0000000716600000| Untracked 
| 180|0x0000000716800000, 0x0000000716a00000, 0x0000000716a00000|100%| O|  |TAMS 0x0000000716800000| PB 0x0000000716800000| Untracked 
| 181|0x0000000716a00000, 0x0000000716c00000, 0x0000000716c00000|100%| O|  |TAMS 0x0000000716a00000| PB 0x0000000716a00000| Untracked 
| 182|0x0000000716c00000, 0x0000000716e00000, 0x0000000716e00000|100%| O|  |TAMS 0x0000000716c00000| PB 0x0000000716c00000| Untracked 
| 183|0x0000000716e00000, 0x0000000717000000, 0x0000000717000000|100%| O|  |TAMS 0x0000000716e00000| PB 0x0000000716e00000| Untracked 
| 184|0x0000000717000000, 0x0000000717200000, 0x0000000717200000|100%| O|  |TAMS 0x0000000717000000| PB 0x0000000717000000| Untracked 
| 185|0x0000000717200000, 0x0000000717400000, 0x0000000717400000|100%| O|  |TAMS 0x0000000717200000| PB 0x0000000717200000| Untracked 
| 186|0x0000000717400000, 0x0000000717600000, 0x0000000717600000|100%| O|  |TAMS 0x0000000717400000| PB 0x0000000717400000| Untracked 
| 187|0x0000000717600000, 0x0000000717800000, 0x0000000717800000|100%| O|  |TAMS 0x0000000717600000| PB 0x0000000717600000| Untracked 
| 188|0x0000000717800000, 0x0000000717a00000, 0x0000000717a00000|100%| O|  |TAMS 0x0000000717800000| PB 0x0000000717800000| Untracked 
| 189|0x0000000717a00000, 0x0000000717c00000, 0x0000000717c00000|100%| O|  |TAMS 0x0000000717a00000| PB 0x0000000717a00000| Untracked 
| 190|0x0000000717c00000, 0x0000000717e00000, 0x0000000717e00000|100%| O|  |TAMS 0x0000000717c00000| PB 0x0000000717c00000| Untracked 
| 191|0x0000000717e00000, 0x0000000718000000, 0x0000000718000000|100%| O|  |TAMS 0x0000000717e00000| PB 0x0000000717e00000| Untracked 
| 192|0x0000000718000000, 0x0000000718200000, 0x0000000718200000|100%| O|  |TAMS 0x0000000718000000| PB 0x0000000718000000| Untracked 
| 193|0x0000000718200000, 0x0000000718400000, 0x0000000718400000|100%| O|  |TAMS 0x0000000718200000| PB 0x0000000718200000| Untracked 
| 194|0x0000000718400000, 0x0000000718600000, 0x0000000718600000|100%| O|  |TAMS 0x0000000718400000| PB 0x0000000718400000| Untracked 
| 195|0x0000000718600000, 0x0000000718800000, 0x0000000718800000|100%| O|  |TAMS 0x0000000718600000| PB 0x0000000718600000| Untracked 
| 196|0x0000000718800000, 0x0000000718a00000, 0x0000000718a00000|100%| O|  |TAMS 0x0000000718800000| PB 0x0000000718800000| Untracked 
| 197|0x0000000718a00000, 0x0000000718c00000, 0x0000000718c00000|100%| O|  |TAMS 0x0000000718a00000| PB 0x0000000718a00000| Untracked 
| 198|0x0000000718c00000, 0x0000000718e00000, 0x0000000718e00000|100%| O|  |TAMS 0x0000000718c00000| PB 0x0000000718c00000| Untracked 
| 199|0x0000000718e00000, 0x0000000719000000, 0x0000000719000000|100%| O|  |TAMS 0x0000000718e00000| PB 0x0000000718e00000| Untracked 
| 200|0x0000000719000000, 0x0000000719200000, 0x0000000719200000|100%| O|  |TAMS 0x0000000719000000| PB 0x0000000719000000| Untracked 
| 201|0x0000000719200000, 0x0000000719400000, 0x0000000719400000|100%| O|  |TAMS 0x0000000719200000| PB 0x0000000719200000| Untracked 
| 202|0x0000000719400000, 0x0000000719600000, 0x0000000719600000|100%| O|  |TAMS 0x0000000719400000| PB 0x0000000719400000| Untracked 
| 203|0x0000000719600000, 0x0000000719800000, 0x0000000719800000|100%| O|  |TAMS 0x0000000719600000| PB 0x0000000719600000| Untracked 
| 204|0x0000000719800000, 0x0000000719a00000, 0x0000000719a00000|100%| O|  |TAMS 0x0000000719800000| PB 0x0000000719800000| Untracked 
| 205|0x0000000719a00000, 0x0000000719c00000, 0x0000000719c00000|100%| O|  |TAMS 0x0000000719a00000| PB 0x0000000719a00000| Untracked 
| 206|0x0000000719c00000, 0x0000000719e00000, 0x0000000719e00000|100%| O|  |TAMS 0x0000000719c00000| PB 0x0000000719c00000| Untracked 
| 207|0x0000000719e00000, 0x000000071a000000, 0x000000071a000000|100%| O|  |TAMS 0x0000000719e00000| PB 0x0000000719e00000| Untracked 
| 208|0x000000071a000000, 0x000000071a200000, 0x000000071a200000|100%| O|  |TAMS 0x000000071a000000| PB 0x000000071a000000| Untracked 
| 209|0x000000071a200000, 0x000000071a400000, 0x000000071a400000|100%| O|  |TAMS 0x000000071a200000| PB 0x000000071a200000| Untracked 
| 210|0x000000071a400000, 0x000000071a600000, 0x000000071a600000|100%| O|  |TAMS 0x000000071a400000| PB 0x000000071a400000| Untracked 
| 211|0x000000071a600000, 0x000000071a800000, 0x000000071a800000|100%| O|  |TAMS 0x000000071a600000| PB 0x000000071a600000| Untracked 
| 212|0x000000071a800000, 0x000000071aa00000, 0x000000071aa00000|100%| O|  |TAMS 0x000000071a800000| PB 0x000000071a800000| Untracked 
| 213|0x000000071aa00000, 0x000000071ac00000, 0x000000071ac00000|100%| O|  |TAMS 0x000000071aa00000| PB 0x000000071aa00000| Untracked 
| 214|0x000000071ac00000, 0x000000071ae00000, 0x000000071ae00000|100%| O|  |TAMS 0x000000071ac00000| PB 0x000000071ac00000| Untracked 
| 215|0x000000071ae00000, 0x000000071b000000, 0x000000071b000000|100%| O|  |TAMS 0x000000071ae00000| PB 0x000000071ae00000| Untracked 
| 216|0x000000071b000000, 0x000000071b200000, 0x000000071b200000|100%| O|  |TAMS 0x000000071b000000| PB 0x000000071b000000| Untracked 
| 217|0x000000071b200000, 0x000000071b400000, 0x000000071b400000|100%| O|  |TAMS 0x000000071b200000| PB 0x000000071b200000| Untracked 
| 218|0x000000071b400000, 0x000000071b600000, 0x000000071b600000|100%| O|  |TAMS 0x000000071b400000| PB 0x000000071b400000| Untracked 
| 219|0x000000071b600000, 0x000000071b800000, 0x000000071b800000|100%| O|  |TAMS 0x000000071b600000| PB 0x000000071b600000| Untracked 
| 220|0x000000071b800000, 0x000000071ba00000, 0x000000071ba00000|100%| O|  |TAMS 0x000000071b800000| PB 0x000000071b800000| Untracked 
| 221|0x000000071ba00000, 0x000000071bc00000, 0x000000071bc00000|100%| O|  |TAMS 0x000000071ba00000| PB 0x000000071ba00000| Untracked 
| 222|0x000000071bc00000, 0x000000071bd80018, 0x000000071be00000| 75%| O|  |TAMS 0x000000071bc00000| PB 0x000000071bc00000| Untracked 
| 223|0x000000071be00000, 0x000000071be00000, 0x000000071c000000|  0%| F|  |TAMS 0x000000071be00000| PB 0x000000071be00000| Untracked 
| 224|0x000000071c000000, 0x000000071c000000, 0x000000071c200000|  0%| F|  |TAMS 0x000000071c000000| PB 0x000000071c000000| Untracked 
| 225|0x000000071c200000, 0x000000071c200000, 0x000000071c400000|  0%| F|  |TAMS 0x000000071c200000| PB 0x000000071c200000| Untracked 
| 226|0x000000071c400000, 0x000000071c400000, 0x000000071c600000|  0%| F|  |TAMS 0x000000071c400000| PB 0x000000071c400000| Untracked 
| 227|0x000000071c600000, 0x000000071c600000, 0x000000071c800000|  0%| F|  |TAMS 0x000000071c600000| PB 0x000000071c600000| Untracked 
| 228|0x000000071c800000, 0x000000071c800000, 0x000000071ca00000|  0%| F|  |TAMS 0x000000071c800000| PB 0x000000071c800000| Untracked 
| 229|0x000000071ca00000, 0x000000071ca00000, 0x000000071cc00000|  0%| F|  |TAMS 0x000000071ca00000| PB 0x000000071ca00000| Untracked 
| 230|0x000000071cc00000, 0x000000071cc00000, 0x000000071ce00000|  0%| F|  |TAMS 0x000000071cc00000| PB 0x000000071cc00000| Untracked 
| 231|0x000000071ce00000, 0x000000071ce00000, 0x000000071d000000|  0%| F|  |TAMS 0x000000071ce00000| PB 0x000000071ce00000| Untracked 
| 232|0x000000071d000000, 0x000000071d000000, 0x000000071d200000|  0%| F|  |TAMS 0x000000071d000000| PB 0x000000071d000000| Untracked 
| 233|0x000000071d200000, 0x000000071d200000, 0x000000071d400000|  0%| F|  |TAMS 0x000000071d200000| PB 0x000000071d200000| Untracked 
| 234|0x000000071d400000, 0x000000071d400000, 0x000000071d600000|  0%| F|  |TAMS 0x000000071d400000| PB 0x000000071d400000| Untracked 
| 235|0x000000071d600000, 0x000000071d600000, 0x000000071d800000|  0%| F|  |TAMS 0x000000071d600000| PB 0x000000071d600000| Untracked 
| 236|0x000000071d800000, 0x000000071d800000, 0x000000071da00000|  0%| F|  |TAMS 0x000000071d800000| PB 0x000000071d800000| Untracked 
| 237|0x000000071da00000, 0x000000071da00000, 0x000000071dc00000|  0%| F|  |TAMS 0x000000071da00000| PB 0x000000071da00000| Untracked 
| 238|0x000000071dc00000, 0x000000071dc00000, 0x000000071de00000|  0%| F|  |TAMS 0x000000071dc00000| PB 0x000000071dc00000| Untracked 
| 239|0x000000071de00000, 0x000000071de00000, 0x000000071e000000|  0%| F|  |TAMS 0x000000071de00000| PB 0x000000071de00000| Untracked 
| 240|0x000000071e000000, 0x000000071e000000, 0x000000071e200000|  0%| F|  |TAMS 0x000000071e000000| PB 0x000000071e000000| Untracked 
| 241|0x000000071e200000, 0x000000071e200000, 0x000000071e400000|  0%| F|  |TAMS 0x000000071e200000| PB 0x000000071e200000| Untracked 
| 242|0x000000071e400000, 0x000000071e400000, 0x000000071e600000|  0%| F|  |TAMS 0x000000071e400000| PB 0x000000071e400000| Untracked 
| 243|0x000000071e600000, 0x000000071e600000, 0x000000071e800000|  0%| F|  |TAMS 0x000000071e600000| PB 0x000000071e600000| Untracked 
| 244|0x000000071e800000, 0x000000071e800000, 0x000000071ea00000|  0%| F|  |TAMS 0x000000071e800000| PB 0x000000071e800000| Untracked 
| 245|0x000000071ea00000, 0x000000071ec00000, 0x000000071ec00000|100%| S|CS|TAMS 0x000000071ea00000| PB 0x000000071ea00000| Complete 
| 246|0x000000071ec00000, 0x000000071ee00000, 0x000000071ee00000|100%| S|CS|TAMS 0x000000071ec00000| PB 0x000000071ec00000| Complete 
| 247|0x000000071ee00000, 0x000000071f000000, 0x000000071f000000|100%| S|CS|TAMS 0x000000071ee00000| PB 0x000000071ee00000| Complete 
| 248|0x000000071f000000, 0x000000071f200000, 0x000000071f200000|100%| S|CS|TAMS 0x000000071f000000| PB 0x000000071f000000| Complete 
| 249|0x000000071f200000, 0x000000071f400000, 0x000000071f400000|100%| S|CS|TAMS 0x000000071f200000| PB 0x000000071f200000| Complete 
| 250|0x000000071f400000, 0x000000071f600000, 0x000000071f600000|100%| S|CS|TAMS 0x000000071f400000| PB 0x000000071f400000| Complete 
| 251|0x000000071f600000, 0x000000071f800000, 0x000000071f800000|100%| S|CS|TAMS 0x000000071f600000| PB 0x000000071f600000| Complete 
| 252|0x000000071f800000, 0x000000071fa00000, 0x000000071fa00000|100%| S|CS|TAMS 0x000000071f800000| PB 0x000000071f800000| Complete 
| 253|0x000000071fa00000, 0x000000071fc00000, 0x000000071fc00000|100%| S|CS|TAMS 0x000000071fa00000| PB 0x000000071fa00000| Complete 
| 254|0x000000071fc00000, 0x000000071fe00000, 0x000000071fe00000|100%| S|CS|TAMS 0x000000071fc00000| PB 0x000000071fc00000| Complete 
| 255|0x000000071fe00000, 0x0000000720000000, 0x0000000720000000|100%| S|CS|TAMS 0x000000071fe00000| PB 0x000000071fe00000| Complete 
| 256|0x0000000720000000, 0x0000000720200000, 0x0000000720200000|100%| S|CS|TAMS 0x0000000720000000| PB 0x0000000720000000| Complete 
| 257|0x0000000720200000, 0x0000000720400000, 0x0000000720400000|100%| S|CS|TAMS 0x0000000720200000| PB 0x0000000720200000| Complete 
| 258|0x0000000720400000, 0x0000000720600000, 0x0000000720600000|100%| S|CS|TAMS 0x0000000720400000| PB 0x0000000720400000| Complete 
| 259|0x0000000720600000, 0x0000000720800000, 0x0000000720800000|100%| S|CS|TAMS 0x0000000720600000| PB 0x0000000720600000| Complete 
| 260|0x0000000720800000, 0x0000000720a00000, 0x0000000720a00000|100%| S|CS|TAMS 0x0000000720800000| PB 0x0000000720800000| Complete 
| 261|0x0000000720a00000, 0x0000000720c00000, 0x0000000720c00000|100%| S|CS|TAMS 0x0000000720a00000| PB 0x0000000720a00000| Complete 
| 262|0x0000000720c00000, 0x0000000720e00000, 0x0000000720e00000|100%| S|CS|TAMS 0x0000000720c00000| PB 0x0000000720c00000| Complete 
| 263|0x0000000720e00000, 0x0000000721000000, 0x0000000721000000|100%| S|CS|TAMS 0x0000000720e00000| PB 0x0000000720e00000| Complete 
| 264|0x0000000721000000, 0x0000000721200000, 0x0000000721200000|100%| S|CS|TAMS 0x0000000721000000| PB 0x0000000721000000| Complete 
| 265|0x0000000721200000, 0x0000000721400000, 0x0000000721400000|100%| S|CS|TAMS 0x0000000721200000| PB 0x0000000721200000| Complete 
| 266|0x0000000721400000, 0x0000000721600000, 0x0000000721600000|100%| S|CS|TAMS 0x0000000721400000| PB 0x0000000721400000| Complete 
| 267|0x0000000721600000, 0x0000000721800000, 0x0000000721800000|100%| S|CS|TAMS 0x0000000721600000| PB 0x0000000721600000| Complete 
| 268|0x0000000721800000, 0x0000000721a00000, 0x0000000721a00000|100%| S|CS|TAMS 0x0000000721800000| PB 0x0000000721800000| Complete 
| 269|0x0000000721a00000, 0x0000000721a00000, 0x0000000721c00000|  0%| F|  |TAMS 0x0000000721a00000| PB 0x0000000721a00000| Untracked 
| 270|0x0000000721c00000, 0x0000000721c00000, 0x0000000721e00000|  0%| F|  |TAMS 0x0000000721c00000| PB 0x0000000721c00000| Untracked 
| 271|0x0000000721e00000, 0x0000000721e00000, 0x0000000722000000|  0%| F|  |TAMS 0x0000000721e00000| PB 0x0000000721e00000| Untracked 
| 272|0x0000000722000000, 0x0000000722000000, 0x0000000722200000|  0%| F|  |TAMS 0x0000000722000000| PB 0x0000000722000000| Untracked 
| 273|0x0000000722200000, 0x0000000722200000, 0x0000000722400000|  0%| F|  |TAMS 0x0000000722200000| PB 0x0000000722200000| Untracked 
| 274|0x0000000722400000, 0x0000000722400000, 0x0000000722600000|  0%| F|  |TAMS 0x0000000722400000| PB 0x0000000722400000| Untracked 
| 275|0x0000000722600000, 0x0000000722600000, 0x0000000722800000|  0%| F|  |TAMS 0x0000000722600000| PB 0x0000000722600000| Untracked 
| 276|0x0000000722800000, 0x0000000722800000, 0x0000000722a00000|  0%| F|  |TAMS 0x0000000722800000| PB 0x0000000722800000| Untracked 
| 277|0x0000000722a00000, 0x0000000722a00000, 0x0000000722c00000|  0%| F|  |TAMS 0x0000000722a00000| PB 0x0000000722a00000| Untracked 
| 278|0x0000000722c00000, 0x0000000722c00000, 0x0000000722e00000|  0%| F|  |TAMS 0x0000000722c00000| PB 0x0000000722c00000| Untracked 
| 279|0x0000000722e00000, 0x0000000722e00000, 0x0000000723000000|  0%| F|  |TAMS 0x0000000722e00000| PB 0x0000000722e00000| Untracked 
| 280|0x0000000723000000, 0x0000000723000000, 0x0000000723200000|  0%| F|  |TAMS 0x0000000723000000| PB 0x0000000723000000| Untracked 
| 281|0x0000000723200000, 0x0000000723200000, 0x0000000723400000|  0%| F|  |TAMS 0x0000000723200000| PB 0x0000000723200000| Untracked 
| 282|0x0000000723400000, 0x0000000723400000, 0x0000000723600000|  0%| F|  |TAMS 0x0000000723400000| PB 0x0000000723400000| Untracked 
| 283|0x0000000723600000, 0x0000000723600000, 0x0000000723800000|  0%| F|  |TAMS 0x0000000723600000| PB 0x0000000723600000| Untracked 
| 284|0x0000000723800000, 0x0000000723800000, 0x0000000723a00000|  0%| F|  |TAMS 0x0000000723800000| PB 0x0000000723800000| Untracked 
| 285|0x0000000723a00000, 0x0000000723a00000, 0x0000000723c00000|  0%| F|  |TAMS 0x0000000723a00000| PB 0x0000000723a00000| Untracked 
| 286|0x0000000723c00000, 0x0000000723c00000, 0x0000000723e00000|  0%| F|  |TAMS 0x0000000723c00000| PB 0x0000000723c00000| Untracked 
| 287|0x0000000723e00000, 0x0000000723e00000, 0x0000000724000000|  0%| F|  |TAMS 0x0000000723e00000| PB 0x0000000723e00000| Untracked 
| 288|0x0000000724000000, 0x0000000724000000, 0x0000000724200000|  0%| F|  |TAMS 0x0000000724000000| PB 0x0000000724000000| Untracked 
| 289|0x0000000724200000, 0x0000000724200000, 0x0000000724400000|  0%| F|  |TAMS 0x0000000724200000| PB 0x0000000724200000| Untracked 
| 290|0x0000000724400000, 0x0000000724400000, 0x0000000724600000|  0%| F|  |TAMS 0x0000000724400000| PB 0x0000000724400000| Untracked 
| 291|0x0000000724600000, 0x0000000724600000, 0x0000000724800000|  0%| F|  |TAMS 0x0000000724600000| PB 0x0000000724600000| Untracked 
| 292|0x0000000724800000, 0x0000000724800000, 0x0000000724a00000|  0%| F|  |TAMS 0x0000000724800000| PB 0x0000000724800000| Untracked 
| 293|0x0000000724a00000, 0x0000000724a00000, 0x0000000724c00000|  0%| F|  |TAMS 0x0000000724a00000| PB 0x0000000724a00000| Untracked 
| 294|0x0000000724c00000, 0x0000000724c00000, 0x0000000724e00000|  0%| F|  |TAMS 0x0000000724c00000| PB 0x0000000724c00000| Untracked 
| 295|0x0000000724e00000, 0x0000000724e00000, 0x0000000725000000|  0%| F|  |TAMS 0x0000000724e00000| PB 0x0000000724e00000| Untracked 
| 296|0x0000000725000000, 0x0000000725000000, 0x0000000725200000|  0%| F|  |TAMS 0x0000000725000000| PB 0x0000000725000000| Untracked 
| 297|0x0000000725200000, 0x0000000725200000, 0x0000000725400000|  0%| F|  |TAMS 0x0000000725200000| PB 0x0000000725200000| Untracked 
| 298|0x0000000725400000, 0x0000000725400000, 0x0000000725600000|  0%| F|  |TAMS 0x0000000725400000| PB 0x0000000725400000| Untracked 
| 299|0x0000000725600000, 0x0000000725600000, 0x0000000725800000|  0%| F|  |TAMS 0x0000000725600000| PB 0x0000000725600000| Untracked 
| 300|0x0000000725800000, 0x0000000725800000, 0x0000000725a00000|  0%| F|  |TAMS 0x0000000725800000| PB 0x0000000725800000| Untracked 
| 301|0x0000000725a00000, 0x0000000725a00000, 0x0000000725c00000|  0%| F|  |TAMS 0x0000000725a00000| PB 0x0000000725a00000| Untracked 
| 302|0x0000000725c00000, 0x0000000725c00000, 0x0000000725e00000|  0%| F|  |TAMS 0x0000000725c00000| PB 0x0000000725c00000| Untracked 
| 303|0x0000000725e00000, 0x0000000725e00000, 0x0000000726000000|  0%| F|  |TAMS 0x0000000725e00000| PB 0x0000000725e00000| Untracked 
| 304|0x0000000726000000, 0x0000000726000000, 0x0000000726200000|  0%| F|  |TAMS 0x0000000726000000| PB 0x0000000726000000| Untracked 
| 305|0x0000000726200000, 0x0000000726200000, 0x0000000726400000|  0%| F|  |TAMS 0x0000000726200000| PB 0x0000000726200000| Untracked 
| 306|0x0000000726400000, 0x0000000726400000, 0x0000000726600000|  0%| F|  |TAMS 0x0000000726400000| PB 0x0000000726400000| Untracked 
| 307|0x0000000726600000, 0x0000000726600000, 0x0000000726800000|  0%| F|  |TAMS 0x0000000726600000| PB 0x0000000726600000| Untracked 
| 308|0x0000000726800000, 0x0000000726800000, 0x0000000726a00000|  0%| F|  |TAMS 0x0000000726800000| PB 0x0000000726800000| Untracked 
| 309|0x0000000726a00000, 0x0000000726a00000, 0x0000000726c00000|  0%| F|  |TAMS 0x0000000726a00000| PB 0x0000000726a00000| Untracked 
| 310|0x0000000726c00000, 0x0000000726c00000, 0x0000000726e00000|  0%| F|  |TAMS 0x0000000726c00000| PB 0x0000000726c00000| Untracked 
| 311|0x0000000726e00000, 0x0000000726e00000, 0x0000000727000000|  0%| F|  |TAMS 0x0000000726e00000| PB 0x0000000726e00000| Untracked 
| 312|0x0000000727000000, 0x0000000727000000, 0x0000000727200000|  0%| F|  |TAMS 0x0000000727000000| PB 0x0000000727000000| Untracked 
| 313|0x0000000727200000, 0x0000000727200000, 0x0000000727400000|  0%| F|  |TAMS 0x0000000727200000| PB 0x0000000727200000| Untracked 
| 314|0x0000000727400000, 0x0000000727400000, 0x0000000727600000|  0%| F|  |TAMS 0x0000000727400000| PB 0x0000000727400000| Untracked 
| 315|0x0000000727600000, 0x0000000727600000, 0x0000000727800000|  0%| F|  |TAMS 0x0000000727600000| PB 0x0000000727600000| Untracked 
| 316|0x0000000727800000, 0x0000000727800000, 0x0000000727a00000|  0%| F|  |TAMS 0x0000000727800000| PB 0x0000000727800000| Untracked 
| 317|0x0000000727a00000, 0x0000000727a00000, 0x0000000727c00000|  0%| F|  |TAMS 0x0000000727a00000| PB 0x0000000727a00000| Untracked 
| 318|0x0000000727c00000, 0x0000000727c00000, 0x0000000727e00000|  0%| F|  |TAMS 0x0000000727c00000| PB 0x0000000727c00000| Untracked 
| 319|0x0000000727e00000, 0x0000000727e00000, 0x0000000728000000|  0%| F|  |TAMS 0x0000000727e00000| PB 0x0000000727e00000| Untracked 
| 320|0x0000000728000000, 0x0000000728000000, 0x0000000728200000|  0%| F|  |TAMS 0x0000000728000000| PB 0x0000000728000000| Untracked 
| 321|0x0000000728200000, 0x0000000728200000, 0x0000000728400000|  0%| F|  |TAMS 0x0000000728200000| PB 0x0000000728200000| Untracked 
| 322|0x0000000728400000, 0x0000000728400000, 0x0000000728600000|  0%| F|  |TAMS 0x0000000728400000| PB 0x0000000728400000| Untracked 
| 323|0x0000000728600000, 0x0000000728600000, 0x0000000728800000|  0%| F|  |TAMS 0x0000000728600000| PB 0x0000000728600000| Untracked 
| 324|0x0000000728800000, 0x0000000728800000, 0x0000000728a00000|  0%| F|  |TAMS 0x0000000728800000| PB 0x0000000728800000| Untracked 
| 325|0x0000000728a00000, 0x0000000728a00000, 0x0000000728c00000|  0%| F|  |TAMS 0x0000000728a00000| PB 0x0000000728a00000| Untracked 
| 326|0x0000000728c00000, 0x0000000728c00000, 0x0000000728e00000|  0%| F|  |TAMS 0x0000000728c00000| PB 0x0000000728c00000| Untracked 
| 327|0x0000000728e00000, 0x0000000728e00000, 0x0000000729000000|  0%| F|  |TAMS 0x0000000728e00000| PB 0x0000000728e00000| Untracked 
| 328|0x0000000729000000, 0x0000000729000000, 0x0000000729200000|  0%| F|  |TAMS 0x0000000729000000| PB 0x0000000729000000| Untracked 
| 329|0x0000000729200000, 0x0000000729200000, 0x0000000729400000|  0%| F|  |TAMS 0x0000000729200000| PB 0x0000000729200000| Untracked 
| 330|0x0000000729400000, 0x0000000729400000, 0x0000000729600000|  0%| F|  |TAMS 0x0000000729400000| PB 0x0000000729400000| Untracked 
| 331|0x0000000729600000, 0x0000000729600000, 0x0000000729800000|  0%| F|  |TAMS 0x0000000729600000| PB 0x0000000729600000| Untracked 
| 332|0x0000000729800000, 0x0000000729800000, 0x0000000729a00000|  0%| F|  |TAMS 0x0000000729800000| PB 0x0000000729800000| Untracked 
| 333|0x0000000729a00000, 0x0000000729a00000, 0x0000000729c00000|  0%| F|  |TAMS 0x0000000729a00000| PB 0x0000000729a00000| Untracked 
| 334|0x0000000729c00000, 0x0000000729c00000, 0x0000000729e00000|  0%| F|  |TAMS 0x0000000729c00000| PB 0x0000000729c00000| Untracked 
| 335|0x0000000729e00000, 0x0000000729e00000, 0x000000072a000000|  0%| F|  |TAMS 0x0000000729e00000| PB 0x0000000729e00000| Untracked 
| 336|0x000000072a000000, 0x000000072a000000, 0x000000072a200000|  0%| F|  |TAMS 0x000000072a000000| PB 0x000000072a000000| Untracked 
| 337|0x000000072a200000, 0x000000072a200000, 0x000000072a400000|  0%| F|  |TAMS 0x000000072a200000| PB 0x000000072a200000| Untracked 
| 338|0x000000072a400000, 0x000000072a400000, 0x000000072a600000|  0%| F|  |TAMS 0x000000072a400000| PB 0x000000072a400000| Untracked 
| 339|0x000000072a600000, 0x000000072a600000, 0x000000072a800000|  0%| F|  |TAMS 0x000000072a600000| PB 0x000000072a600000| Untracked 
| 340|0x000000072a800000, 0x000000072a800000, 0x000000072aa00000|  0%| F|  |TAMS 0x000000072a800000| PB 0x000000072a800000| Untracked 
| 341|0x000000072aa00000, 0x000000072aa00000, 0x000000072ac00000|  0%| F|  |TAMS 0x000000072aa00000| PB 0x000000072aa00000| Untracked 
| 342|0x000000072ac00000, 0x000000072ac00000, 0x000000072ae00000|  0%| F|  |TAMS 0x000000072ac00000| PB 0x000000072ac00000| Untracked 
| 343|0x000000072ae00000, 0x000000072ae00000, 0x000000072b000000|  0%| F|  |TAMS 0x000000072ae00000| PB 0x000000072ae00000| Untracked 
| 344|0x000000072b000000, 0x000000072b000000, 0x000000072b200000|  0%| F|  |TAMS 0x000000072b000000| PB 0x000000072b000000| Untracked 
| 345|0x000000072b200000, 0x000000072b200000, 0x000000072b400000|  0%| F|  |TAMS 0x000000072b200000| PB 0x000000072b200000| Untracked 
| 346|0x000000072b400000, 0x000000072b400000, 0x000000072b600000|  0%| F|  |TAMS 0x000000072b400000| PB 0x000000072b400000| Untracked 
| 347|0x000000072b600000, 0x000000072b600000, 0x000000072b800000|  0%| F|  |TAMS 0x000000072b600000| PB 0x000000072b600000| Untracked 
| 348|0x000000072b800000, 0x000000072b800000, 0x000000072ba00000|  0%| F|  |TAMS 0x000000072b800000| PB 0x000000072b800000| Untracked 
| 349|0x000000072ba00000, 0x000000072ba00000, 0x000000072bc00000|  0%| F|  |TAMS 0x000000072ba00000| PB 0x000000072ba00000| Untracked 
| 350|0x000000072bc00000, 0x000000072bc00000, 0x000000072be00000|  0%| F|  |TAMS 0x000000072bc00000| PB 0x000000072bc00000| Untracked 
| 351|0x000000072be00000, 0x000000072be00000, 0x000000072c000000|  0%| F|  |TAMS 0x000000072be00000| PB 0x000000072be00000| Untracked 
| 352|0x000000072c000000, 0x000000072c000000, 0x000000072c200000|  0%| F|  |TAMS 0x000000072c000000| PB 0x000000072c000000| Untracked 
| 353|0x000000072c200000, 0x000000072c200000, 0x000000072c400000|  0%| F|  |TAMS 0x000000072c200000| PB 0x000000072c200000| Untracked 
| 354|0x000000072c400000, 0x000000072c400000, 0x000000072c600000|  0%| F|  |TAMS 0x000000072c400000| PB 0x000000072c400000| Untracked 
| 355|0x000000072c600000, 0x000000072c600000, 0x000000072c800000|  0%| F|  |TAMS 0x000000072c600000| PB 0x000000072c600000| Untracked 
| 356|0x000000072c800000, 0x000000072c800000, 0x000000072ca00000|  0%| F|  |TAMS 0x000000072c800000| PB 0x000000072c800000| Untracked 
| 357|0x000000072ca00000, 0x000000072ca00000, 0x000000072cc00000|  0%| F|  |TAMS 0x000000072ca00000| PB 0x000000072ca00000| Untracked 
| 358|0x000000072cc00000, 0x000000072cc00000, 0x000000072ce00000|  0%| F|  |TAMS 0x000000072cc00000| PB 0x000000072cc00000| Untracked 
| 359|0x000000072ce00000, 0x000000072ce00000, 0x000000072d000000|  0%| F|  |TAMS 0x000000072ce00000| PB 0x000000072ce00000| Untracked 
| 360|0x000000072d000000, 0x000000072d000000, 0x000000072d200000|  0%| F|  |TAMS 0x000000072d000000| PB 0x000000072d000000| Untracked 
| 361|0x000000072d200000, 0x000000072d200000, 0x000000072d400000|  0%| F|  |TAMS 0x000000072d200000| PB 0x000000072d200000| Untracked 
| 362|0x000000072d400000, 0x000000072d400000, 0x000000072d600000|  0%| F|  |TAMS 0x000000072d400000| PB 0x000000072d400000| Untracked 
| 363|0x000000072d600000, 0x000000072d600000, 0x000000072d800000|  0%| F|  |TAMS 0x000000072d600000| PB 0x000000072d600000| Untracked 
| 364|0x000000072d800000, 0x000000072d800000, 0x000000072da00000|  0%| F|  |TAMS 0x000000072d800000| PB 0x000000072d800000| Untracked 
| 365|0x000000072da00000, 0x000000072da00000, 0x000000072dc00000|  0%| F|  |TAMS 0x000000072da00000| PB 0x000000072da00000| Untracked 
| 366|0x000000072dc00000, 0x000000072dc00000, 0x000000072de00000|  0%| F|  |TAMS 0x000000072dc00000| PB 0x000000072dc00000| Untracked 
| 367|0x000000072de00000, 0x000000072de00000, 0x000000072e000000|  0%| F|  |TAMS 0x000000072de00000| PB 0x000000072de00000| Untracked 
| 368|0x000000072e000000, 0x000000072e000000, 0x000000072e200000|  0%| F|  |TAMS 0x000000072e000000| PB 0x000000072e000000| Untracked 
| 369|0x000000072e200000, 0x000000072e200000, 0x000000072e400000|  0%| F|  |TAMS 0x000000072e200000| PB 0x000000072e200000| Untracked 
| 370|0x000000072e400000, 0x000000072e400000, 0x000000072e600000|  0%| F|  |TAMS 0x000000072e400000| PB 0x000000072e400000| Untracked 
| 371|0x000000072e600000, 0x000000072e600000, 0x000000072e800000|  0%| F|  |TAMS 0x000000072e600000| PB 0x000000072e600000| Untracked 
| 372|0x000000072e800000, 0x000000072e800000, 0x000000072ea00000|  0%| F|  |TAMS 0x000000072e800000| PB 0x000000072e800000| Untracked 
| 373|0x000000072ea00000, 0x000000072ea00000, 0x000000072ec00000|  0%| F|  |TAMS 0x000000072ea00000| PB 0x000000072ea00000| Untracked 
| 374|0x000000072ec00000, 0x000000072ec00000, 0x000000072ee00000|  0%| F|  |TAMS 0x000000072ec00000| PB 0x000000072ec00000| Untracked 
| 375|0x000000072ee00000, 0x000000072ee00000, 0x000000072f000000|  0%| F|  |TAMS 0x000000072ee00000| PB 0x000000072ee00000| Untracked 
| 376|0x000000072f000000, 0x000000072f000000, 0x000000072f200000|  0%| F|  |TAMS 0x000000072f000000| PB 0x000000072f000000| Untracked 
| 377|0x000000072f200000, 0x000000072f200000, 0x000000072f400000|  0%| F|  |TAMS 0x000000072f200000| PB 0x000000072f200000| Untracked 
| 378|0x000000072f400000, 0x000000072f400000, 0x000000072f600000|  0%| F|  |TAMS 0x000000072f400000| PB 0x000000072f400000| Untracked 
| 379|0x000000072f600000, 0x000000072f600000, 0x000000072f800000|  0%| F|  |TAMS 0x000000072f600000| PB 0x000000072f600000| Untracked 
| 380|0x000000072f800000, 0x000000072f800000, 0x000000072fa00000|  0%| F|  |TAMS 0x000000072f800000| PB 0x000000072f800000| Untracked 
| 381|0x000000072fa00000, 0x000000072fa00000, 0x000000072fc00000|  0%| F|  |TAMS 0x000000072fa00000| PB 0x000000072fa00000| Untracked 
| 382|0x000000072fc00000, 0x000000072fc00000, 0x000000072fe00000|  0%| F|  |TAMS 0x000000072fc00000| PB 0x000000072fc00000| Untracked 
| 383|0x000000072fe00000, 0x000000072fe00000, 0x0000000730000000|  0%| F|  |TAMS 0x000000072fe00000| PB 0x000000072fe00000| Untracked 
| 384|0x0000000730000000, 0x0000000730000000, 0x0000000730200000|  0%| F|  |TAMS 0x0000000730000000| PB 0x0000000730000000| Untracked 
| 385|0x0000000730200000, 0x0000000730200000, 0x0000000730400000|  0%| F|  |TAMS 0x0000000730200000| PB 0x0000000730200000| Untracked 
| 386|0x0000000730400000, 0x0000000730400000, 0x0000000730600000|  0%| F|  |TAMS 0x0000000730400000| PB 0x0000000730400000| Untracked 
| 387|0x0000000730600000, 0x0000000730600000, 0x0000000730800000|  0%| F|  |TAMS 0x0000000730600000| PB 0x0000000730600000| Untracked 
| 388|0x0000000730800000, 0x0000000730800000, 0x0000000730a00000|  0%| F|  |TAMS 0x0000000730800000| PB 0x0000000730800000| Untracked 
| 389|0x0000000730a00000, 0x0000000730a00000, 0x0000000730c00000|  0%| F|  |TAMS 0x0000000730a00000| PB 0x0000000730a00000| Untracked 
| 390|0x0000000730c00000, 0x0000000730c00000, 0x0000000730e00000|  0%| F|  |TAMS 0x0000000730c00000| PB 0x0000000730c00000| Untracked 
| 391|0x0000000730e00000, 0x0000000730e00000, 0x0000000731000000|  0%| F|  |TAMS 0x0000000730e00000| PB 0x0000000730e00000| Untracked 
| 392|0x0000000731000000, 0x0000000731000000, 0x0000000731200000|  0%| F|  |TAMS 0x0000000731000000| PB 0x0000000731000000| Untracked 
| 393|0x0000000731200000, 0x0000000731200000, 0x0000000731400000|  0%| F|  |TAMS 0x0000000731200000| PB 0x0000000731200000| Untracked 
| 394|0x0000000731400000, 0x0000000731400000, 0x0000000731600000|  0%| F|  |TAMS 0x0000000731400000| PB 0x0000000731400000| Untracked 
| 395|0x0000000731600000, 0x0000000731600000, 0x0000000731800000|  0%| F|  |TAMS 0x0000000731600000| PB 0x0000000731600000| Untracked 
| 396|0x0000000731800000, 0x0000000731800000, 0x0000000731a00000|  0%| F|  |TAMS 0x0000000731800000| PB 0x0000000731800000| Untracked 
| 397|0x0000000731a00000, 0x0000000731a00000, 0x0000000731c00000|  0%| F|  |TAMS 0x0000000731a00000| PB 0x0000000731a00000| Untracked 
| 398|0x0000000731c00000, 0x0000000731c00000, 0x0000000731e00000|  0%| F|  |TAMS 0x0000000731c00000| PB 0x0000000731c00000| Untracked 
| 399|0x0000000731e00000, 0x0000000731e00000, 0x0000000732000000|  0%| F|  |TAMS 0x0000000731e00000| PB 0x0000000731e00000| Untracked 
| 400|0x0000000732000000, 0x0000000732000000, 0x0000000732200000|  0%| F|  |TAMS 0x0000000732000000| PB 0x0000000732000000| Untracked 
| 401|0x0000000732200000, 0x0000000732200000, 0x0000000732400000|  0%| F|  |TAMS 0x0000000732200000| PB 0x0000000732200000| Untracked 
| 402|0x0000000732400000, 0x0000000732400000, 0x0000000732600000|  0%| F|  |TAMS 0x0000000732400000| PB 0x0000000732400000| Untracked 
| 403|0x0000000732600000, 0x0000000732600000, 0x0000000732800000|  0%| F|  |TAMS 0x0000000732600000| PB 0x0000000732600000| Untracked 
| 404|0x0000000732800000, 0x0000000732800000, 0x0000000732a00000|  0%| F|  |TAMS 0x0000000732800000| PB 0x0000000732800000| Untracked 
| 405|0x0000000732a00000, 0x0000000732a00000, 0x0000000732c00000|  0%| F|  |TAMS 0x0000000732a00000| PB 0x0000000732a00000| Untracked 
| 406|0x0000000732c00000, 0x0000000732c00000, 0x0000000732e00000|  0%| F|  |TAMS 0x0000000732c00000| PB 0x0000000732c00000| Untracked 
| 407|0x0000000732e00000, 0x0000000732e00000, 0x0000000733000000|  0%| F|  |TAMS 0x0000000732e00000| PB 0x0000000732e00000| Untracked 
| 408|0x0000000733000000, 0x0000000733000000, 0x0000000733200000|  0%| F|  |TAMS 0x0000000733000000| PB 0x0000000733000000| Untracked 
| 409|0x0000000733200000, 0x0000000733200000, 0x0000000733400000|  0%| F|  |TAMS 0x0000000733200000| PB 0x0000000733200000| Untracked 
| 410|0x0000000733400000, 0x0000000733400000, 0x0000000733600000|  0%| F|  |TAMS 0x0000000733400000| PB 0x0000000733400000| Untracked 
| 411|0x0000000733600000, 0x0000000733600000, 0x0000000733800000|  0%| F|  |TAMS 0x0000000733600000| PB 0x0000000733600000| Untracked 
| 412|0x0000000733800000, 0x0000000733800000, 0x0000000733a00000|  0%| F|  |TAMS 0x0000000733800000| PB 0x0000000733800000| Untracked 
| 413|0x0000000733a00000, 0x0000000733a00000, 0x0000000733c00000|  0%| F|  |TAMS 0x0000000733a00000| PB 0x0000000733a00000| Untracked 
| 414|0x0000000733c00000, 0x0000000733c00000, 0x0000000733e00000|  0%| F|  |TAMS 0x0000000733c00000| PB 0x0000000733c00000| Untracked 
| 415|0x0000000733e00000, 0x0000000733e00000, 0x0000000734000000|  0%| F|  |TAMS 0x0000000733e00000| PB 0x0000000733e00000| Untracked 
| 416|0x0000000734000000, 0x0000000734000000, 0x0000000734200000|  0%| F|  |TAMS 0x0000000734000000| PB 0x0000000734000000| Untracked 
| 417|0x0000000734200000, 0x0000000734200000, 0x0000000734400000|  0%| F|  |TAMS 0x0000000734200000| PB 0x0000000734200000| Untracked 
| 418|0x0000000734400000, 0x0000000734400000, 0x0000000734600000|  0%| F|  |TAMS 0x0000000734400000| PB 0x0000000734400000| Untracked 
| 419|0x0000000734600000, 0x0000000734600000, 0x0000000734800000|  0%| F|  |TAMS 0x0000000734600000| PB 0x0000000734600000| Untracked 
| 420|0x0000000734800000, 0x0000000734800000, 0x0000000734a00000|  0%| F|  |TAMS 0x0000000734800000| PB 0x0000000734800000| Untracked 
| 421|0x0000000734a00000, 0x0000000734a00000, 0x0000000734c00000|  0%| F|  |TAMS 0x0000000734a00000| PB 0x0000000734a00000| Untracked 
| 422|0x0000000734c00000, 0x0000000734c00000, 0x0000000734e00000|  0%| F|  |TAMS 0x0000000734c00000| PB 0x0000000734c00000| Untracked 
| 423|0x0000000734e00000, 0x0000000734e00000, 0x0000000735000000|  0%| F|  |TAMS 0x0000000734e00000| PB 0x0000000734e00000| Untracked 
| 424|0x0000000735000000, 0x0000000735000000, 0x0000000735200000|  0%| F|  |TAMS 0x0000000735000000| PB 0x0000000735000000| Untracked 
| 425|0x0000000735200000, 0x0000000735200000, 0x0000000735400000|  0%| F|  |TAMS 0x0000000735200000| PB 0x0000000735200000| Untracked 
| 426|0x0000000735400000, 0x0000000735400000, 0x0000000735600000|  0%| F|  |TAMS 0x0000000735400000| PB 0x0000000735400000| Untracked 
| 427|0x0000000735600000, 0x0000000735600000, 0x0000000735800000|  0%| F|  |TAMS 0x0000000735600000| PB 0x0000000735600000| Untracked 
| 428|0x0000000735800000, 0x0000000735800000, 0x0000000735a00000|  0%| F|  |TAMS 0x0000000735800000| PB 0x0000000735800000| Untracked 
| 429|0x0000000735a00000, 0x0000000735a00000, 0x0000000735c00000|  0%| F|  |TAMS 0x0000000735a00000| PB 0x0000000735a00000| Untracked 
| 430|0x0000000735c00000, 0x0000000735c00000, 0x0000000735e00000|  0%| F|  |TAMS 0x0000000735c00000| PB 0x0000000735c00000| Untracked 
| 431|0x0000000735e00000, 0x0000000735e00000, 0x0000000736000000|  0%| F|  |TAMS 0x0000000735e00000| PB 0x0000000735e00000| Untracked 
| 432|0x0000000736000000, 0x0000000736000000, 0x0000000736200000|  0%| F|  |TAMS 0x0000000736000000| PB 0x0000000736000000| Untracked 
| 433|0x0000000736200000, 0x0000000736200000, 0x0000000736400000|  0%| F|  |TAMS 0x0000000736200000| PB 0x0000000736200000| Untracked 
| 434|0x0000000736400000, 0x0000000736400000, 0x0000000736600000|  0%| F|  |TAMS 0x0000000736400000| PB 0x0000000736400000| Untracked 
| 435|0x0000000736600000, 0x0000000736600000, 0x0000000736800000|  0%| F|  |TAMS 0x0000000736600000| PB 0x0000000736600000| Untracked 
| 436|0x0000000736800000, 0x0000000736800000, 0x0000000736a00000|  0%| F|  |TAMS 0x0000000736800000| PB 0x0000000736800000| Untracked 
| 437|0x0000000736a00000, 0x0000000736a00000, 0x0000000736c00000|  0%| F|  |TAMS 0x0000000736a00000| PB 0x0000000736a00000| Untracked 
| 438|0x0000000736c00000, 0x0000000736c00000, 0x0000000736e00000|  0%| F|  |TAMS 0x0000000736c00000| PB 0x0000000736c00000| Untracked 
| 439|0x0000000736e00000, 0x0000000736e00000, 0x0000000737000000|  0%| F|  |TAMS 0x0000000736e00000| PB 0x0000000736e00000| Untracked 
| 440|0x0000000737000000, 0x0000000737000000, 0x0000000737200000|  0%| F|  |TAMS 0x0000000737000000| PB 0x0000000737000000| Untracked 
| 441|0x0000000737200000, 0x0000000737200000, 0x0000000737400000|  0%| F|  |TAMS 0x0000000737200000| PB 0x0000000737200000| Untracked 
| 442|0x0000000737400000, 0x0000000737400000, 0x0000000737600000|  0%| F|  |TAMS 0x0000000737400000| PB 0x0000000737400000| Untracked 
| 443|0x0000000737600000, 0x0000000737600000, 0x0000000737800000|  0%| F|  |TAMS 0x0000000737600000| PB 0x0000000737600000| Untracked 
| 444|0x0000000737800000, 0x0000000737800000, 0x0000000737a00000|  0%| F|  |TAMS 0x0000000737800000| PB 0x0000000737800000| Untracked 
| 445|0x0000000737a00000, 0x0000000737a00000, 0x0000000737c00000|  0%| F|  |TAMS 0x0000000737a00000| PB 0x0000000737a00000| Untracked 
| 446|0x0000000737c00000, 0x0000000737c00000, 0x0000000737e00000|  0%| F|  |TAMS 0x0000000737c00000| PB 0x0000000737c00000| Untracked 
| 447|0x0000000737e00000, 0x0000000737e00000, 0x0000000738000000|  0%| F|  |TAMS 0x0000000737e00000| PB 0x0000000737e00000| Untracked 
| 448|0x0000000738000000, 0x0000000738000000, 0x0000000738200000|  0%| F|  |TAMS 0x0000000738000000| PB 0x0000000738000000| Untracked 
| 449|0x0000000738200000, 0x0000000738200000, 0x0000000738400000|  0%| F|  |TAMS 0x0000000738200000| PB 0x0000000738200000| Untracked 
| 450|0x0000000738400000, 0x0000000738400000, 0x0000000738600000|  0%| F|  |TAMS 0x0000000738400000| PB 0x0000000738400000| Untracked 
| 451|0x0000000738600000, 0x0000000738600000, 0x0000000738800000|  0%| F|  |TAMS 0x0000000738600000| PB 0x0000000738600000| Untracked 
| 452|0x0000000738800000, 0x0000000738800000, 0x0000000738a00000|  0%| F|  |TAMS 0x0000000738800000| PB 0x0000000738800000| Untracked 
| 453|0x0000000738a00000, 0x0000000738a00000, 0x0000000738c00000|  0%| F|  |TAMS 0x0000000738a00000| PB 0x0000000738a00000| Untracked 
| 454|0x0000000738c00000, 0x0000000738c00000, 0x0000000738e00000|  0%| F|  |TAMS 0x0000000738c00000| PB 0x0000000738c00000| Untracked 
| 455|0x0000000738e00000, 0x0000000738e00000, 0x0000000739000000|  0%| F|  |TAMS 0x0000000738e00000| PB 0x0000000738e00000| Untracked 
| 456|0x0000000739000000, 0x0000000739000000, 0x0000000739200000|  0%| F|  |TAMS 0x0000000739000000| PB 0x0000000739000000| Untracked 
| 457|0x0000000739200000, 0x0000000739200000, 0x0000000739400000|  0%| F|  |TAMS 0x0000000739200000| PB 0x0000000739200000| Untracked 
| 458|0x0000000739400000, 0x0000000739400000, 0x0000000739600000|  0%| F|  |TAMS 0x0000000739400000| PB 0x0000000739400000| Untracked 
| 459|0x0000000739600000, 0x0000000739600000, 0x0000000739800000|  0%| F|  |TAMS 0x0000000739600000| PB 0x0000000739600000| Untracked 
|1963|0x00000007f5600000, 0x00000007f5800000, 0x00000007f5800000|100%| O|  |TAMS 0x00000007f5800000| PB 0x00000007f5600000| Untracked 
|1964|0x00000007f5800000, 0x00000007f5a00000, 0x00000007f5a00000|100%| O|  |TAMS 0x00000007f5a00000| PB 0x00000007f5800000| Untracked 
|1965|0x00000007f5a00000, 0x00000007f5c00000, 0x00000007f5c00000|100%| O|  |TAMS 0x00000007f5c00000| PB 0x00000007f5a00000| Untracked 
|1966|0x00000007f5c00000, 0x00000007f5e00000, 0x00000007f5e00000|100%| O|  |TAMS 0x00000007f5e00000| PB 0x00000007f5c00000| Untracked 
|1967|0x00000007f5e00000, 0x00000007f6000000, 0x00000007f6000000|100%| O|  |TAMS 0x00000007f6000000| PB 0x00000007f5e00000| Untracked 
|1968|0x00000007f6000000, 0x00000007f6200000, 0x00000007f6200000|100%| O|  |TAMS 0x00000007f6200000| PB 0x00000007f6000000| Untracked 
|1969|0x00000007f6200000, 0x00000007f6400000, 0x00000007f6400000|100%| O|  |TAMS 0x00000007f6400000| PB 0x00000007f6200000| Untracked 
|1970|0x00000007f6400000, 0x00000007f6600000, 0x00000007f6600000|100%| O|  |TAMS 0x00000007f6600000| PB 0x00000007f6400000| Untracked 
|1971|0x00000007f6600000, 0x00000007f6800000, 0x00000007f6800000|100%| O|  |TAMS 0x00000007f6800000| PB 0x00000007f6600000| Untracked 
|1972|0x00000007f6800000, 0x00000007f6a00000, 0x00000007f6a00000|100%| O|  |TAMS 0x00000007f6a00000| PB 0x00000007f6800000| Untracked 
|1973|0x00000007f6a00000, 0x00000007f6c00000, 0x00000007f6c00000|100%| O|  |TAMS 0x00000007f6c00000| PB 0x00000007f6a00000| Untracked 
|1974|0x00000007f6c00000, 0x00000007f6e00000, 0x00000007f6e00000|100%| O|  |TAMS 0x00000007f6e00000| PB 0x00000007f6c00000| Untracked 
|1975|0x00000007f6e00000, 0x00000007f7000000, 0x00000007f7000000|100%| O|  |TAMS 0x00000007f7000000| PB 0x00000007f6e00000| Untracked 
|1976|0x00000007f7000000, 0x00000007f7200000, 0x00000007f7200000|100%| O|  |TAMS 0x00000007f7200000| PB 0x00000007f7000000| Untracked 
|1977|0x00000007f7200000, 0x00000007f7400000, 0x00000007f7400000|100%| O|  |TAMS 0x00000007f7400000| PB 0x00000007f7200000| Untracked 
|1978|0x00000007f7400000, 0x00000007f7600000, 0x00000007f7600000|100%| O|  |TAMS 0x00000007f7600000| PB 0x00000007f7400000| Untracked 
|1979|0x00000007f7600000, 0x00000007f7800000, 0x00000007f7800000|100%| O|  |TAMS 0x00000007f7800000| PB 0x00000007f7600000| Untracked 
|1980|0x00000007f7800000, 0x00000007f7a00000, 0x00000007f7a00000|100%| O|  |TAMS 0x00000007f7a00000| PB 0x00000007f7800000| Untracked 
|1981|0x00000007f7a00000, 0x00000007f7c00000, 0x00000007f7c00000|100%| O|  |TAMS 0x00000007f7c00000| PB 0x00000007f7a00000| Untracked 
|1982|0x00000007f7c00000, 0x00000007f7e00000, 0x00000007f7e00000|100%| O|  |TAMS 0x00000007f7e00000| PB 0x00000007f7c00000| Untracked 
|1983|0x00000007f7e00000, 0x00000007f8000000, 0x00000007f8000000|100%| O|  |TAMS 0x00000007f8000000| PB 0x00000007f7e00000| Untracked 
|1984|0x00000007f8000000, 0x00000007f8200000, 0x00000007f8200000|100%| O|  |TAMS 0x00000007f8200000| PB 0x00000007f8000000| Untracked 
|1985|0x00000007f8200000, 0x00000007f8400000, 0x00000007f8400000|100%| O|  |TAMS 0x00000007f8400000| PB 0x00000007f8200000| Untracked 
|1986|0x00000007f8400000, 0x00000007f8600000, 0x00000007f8600000|100%| O|  |TAMS 0x00000007f8600000| PB 0x00000007f8400000| Untracked 
|1987|0x00000007f8600000, 0x00000007f8800000, 0x00000007f8800000|100%| O|  |TAMS 0x00000007f8800000| PB 0x00000007f8600000| Untracked 
|1988|0x00000007f8800000, 0x00000007f8a00000, 0x00000007f8a00000|100%| O|  |TAMS 0x00000007f8a00000| PB 0x00000007f8800000| Untracked 
|1989|0x00000007f8a00000, 0x00000007f8c00000, 0x00000007f8c00000|100%| O|  |TAMS 0x00000007f8c00000| PB 0x00000007f8a00000| Untracked 
|1990|0x00000007f8c00000, 0x00000007f8e00000, 0x00000007f8e00000|100%| O|  |TAMS 0x00000007f8e00000| PB 0x00000007f8c00000| Untracked 
|1991|0x00000007f8e00000, 0x00000007f9000000, 0x00000007f9000000|100%| O|  |TAMS 0x00000007f9000000| PB 0x00000007f8e00000| Untracked 
|1992|0x00000007f9000000, 0x00000007f9200000, 0x00000007f9200000|100%| O|  |TAMS 0x00000007f9200000| PB 0x00000007f9000000| Untracked 
|1993|0x00000007f9200000, 0x00000007f9400000, 0x00000007f9400000|100%| O|  |TAMS 0x00000007f9400000| PB 0x00000007f9200000| Untracked 
|1994|0x00000007f9400000, 0x00000007f9600000, 0x00000007f9600000|100%| O|  |TAMS 0x00000007f9600000| PB 0x00000007f9400000| Untracked 
|1995|0x00000007f9600000, 0x00000007f9800000, 0x00000007f9800000|100%| O|  |TAMS 0x00000007f9800000| PB 0x00000007f9600000| Untracked 
|1996|0x00000007f9800000, 0x00000007f9a00000, 0x00000007f9a00000|100%| O|  |TAMS 0x00000007f9a00000| PB 0x00000007f9800000| Untracked 
|1997|0x00000007f9a00000, 0x00000007f9c00000, 0x00000007f9c00000|100%| O|  |TAMS 0x00000007f9c00000| PB 0x00000007f9a00000| Untracked 
|1998|0x00000007f9c00000, 0x00000007f9e00000, 0x00000007f9e00000|100%| O|  |TAMS 0x00000007f9e00000| PB 0x00000007f9c00000| Untracked 
|1999|0x00000007f9e00000, 0x00000007fa000000, 0x00000007fa000000|100%| O|  |TAMS 0x00000007fa000000| PB 0x00000007f9e00000| Untracked 
|2000|0x00000007fa000000, 0x00000007fa200000, 0x00000007fa200000|100%| O|  |TAMS 0x00000007fa200000| PB 0x00000007fa000000| Untracked 
|2001|0x00000007fa200000, 0x00000007fa400000, 0x00000007fa400000|100%| O|  |TAMS 0x00000007fa400000| PB 0x00000007fa200000| Untracked 
|2002|0x00000007fa400000, 0x00000007fa600000, 0x00000007fa600000|100%| O|  |TAMS 0x00000007fa600000| PB 0x00000007fa400000| Untracked 
|2003|0x00000007fa600000, 0x00000007fa800000, 0x00000007fa800000|100%| O|  |TAMS 0x00000007fa800000| PB 0x00000007fa600000| Untracked 
|2004|0x00000007fa800000, 0x00000007faa00000, 0x00000007faa00000|100%| O|  |TAMS 0x00000007faa00000| PB 0x00000007fa800000| Untracked 
|2005|0x00000007faa00000, 0x00000007fac00000, 0x00000007fac00000|100%| O|  |TAMS 0x00000007fac00000| PB 0x00000007faa00000| Untracked 
|2006|0x00000007fac00000, 0x00000007fae00000, 0x00000007fae00000|100%| O|  |TAMS 0x00000007fae00000| PB 0x00000007fac00000| Untracked 
|2007|0x00000007fae00000, 0x00000007fb000000, 0x00000007fb000000|100%| O|  |TAMS 0x00000007fb000000| PB 0x00000007fae00000| Untracked 
|2008|0x00000007fb000000, 0x00000007fb200000, 0x00000007fb200000|100%| O|  |TAMS 0x00000007fb200000| PB 0x00000007fb000000| Untracked 
|2009|0x00000007fb200000, 0x00000007fb400000, 0x00000007fb400000|100%| O|  |TAMS 0x00000007fb400000| PB 0x00000007fb200000| Untracked 
|2010|0x00000007fb400000, 0x00000007fb600000, 0x00000007fb600000|100%| O|  |TAMS 0x00000007fb600000| PB 0x00000007fb400000| Untracked 
|2011|0x00000007fb600000, 0x00000007fb800000, 0x00000007fb800000|100%| O|  |TAMS 0x00000007fb800000| PB 0x00000007fb600000| Untracked 
|2012|0x00000007fb800000, 0x00000007fba00000, 0x00000007fba00000|100%| O|  |TAMS 0x00000007fba00000| PB 0x00000007fb800000| Untracked 
|2013|0x00000007fba00000, 0x00000007fbc00000, 0x00000007fbc00000|100%| O|  |TAMS 0x00000007fbc00000| PB 0x00000007fba00000| Untracked 
|2014|0x00000007fbc00000, 0x00000007fbe00000, 0x00000007fbe00000|100%| O|  |TAMS 0x00000007fbe00000| PB 0x00000007fbc00000| Untracked 
|2015|0x00000007fbe00000, 0x00000007fc000000, 0x00000007fc000000|100%| O|  |TAMS 0x00000007fc000000| PB 0x00000007fbe00000| Untracked 
|2016|0x00000007fc000000, 0x00000007fc200000, 0x00000007fc200000|100%| O|  |TAMS 0x00000007fc200000| PB 0x00000007fc000000| Untracked 
|2017|0x00000007fc200000, 0x00000007fc400000, 0x00000007fc400000|100%| O|  |TAMS 0x00000007fc400000| PB 0x00000007fc200000| Untracked 
|2018|0x00000007fc400000, 0x00000007fc600000, 0x00000007fc600000|100%| O|  |TAMS 0x00000007fc600000| PB 0x00000007fc400000| Untracked 
|2019|0x00000007fc600000, 0x00000007fc800000, 0x00000007fc800000|100%| O|  |TAMS 0x00000007fc800000| PB 0x00000007fc600000| Untracked 
|2020|0x00000007fc800000, 0x00000007fca00000, 0x00000007fca00000|100%| O|  |TAMS 0x00000007fca00000| PB 0x00000007fc800000| Untracked 
|2021|0x00000007fca00000, 0x00000007fcc00000, 0x00000007fcc00000|100%| O|  |TAMS 0x00000007fcc00000| PB 0x00000007fca00000| Untracked 
|2022|0x00000007fcc00000, 0x00000007fce00000, 0x00000007fce00000|100%| O|  |TAMS 0x00000007fce00000| PB 0x00000007fcc00000| Untracked 
|2023|0x00000007fce00000, 0x00000007fd000000, 0x00000007fd000000|100%| O|  |TAMS 0x00000007fd000000| PB 0x00000007fce00000| Untracked 
|2024|0x00000007fd000000, 0x00000007fd200000, 0x00000007fd200000|100%| O|  |TAMS 0x00000007fd200000| PB 0x00000007fd000000| Untracked 
|2025|0x00000007fd200000, 0x00000007fd400000, 0x00000007fd400000|100%| O|  |TAMS 0x00000007fd400000| PB 0x00000007fd200000| Untracked 
|2026|0x00000007fd400000, 0x00000007fd600000, 0x00000007fd600000|100%| O|  |TAMS 0x00000007fd600000| PB 0x00000007fd400000| Untracked 
|2027|0x00000007fd600000, 0x00000007fd800000, 0x00000007fd800000|100%| O|  |TAMS 0x00000007fd800000| PB 0x00000007fd600000| Untracked 
|2028|0x00000007fd800000, 0x00000007fda00000, 0x00000007fda00000|100%| O|  |TAMS 0x00000007fda00000| PB 0x00000007fd800000| Untracked 
|2029|0x00000007fda00000, 0x00000007fdc00000, 0x00000007fdc00000|100%| O|  |TAMS 0x00000007fdc00000| PB 0x00000007fda00000| Untracked 
|2030|0x00000007fdc00000, 0x00000007fde00000, 0x00000007fde00000|100%| O|  |TAMS 0x00000007fde00000| PB 0x00000007fdc00000| Untracked 
|2031|0x00000007fde00000, 0x00000007fe000000, 0x00000007fe000000|100%| O|  |TAMS 0x00000007fe000000| PB 0x00000007fde00000| Untracked 
|2032|0x00000007fe000000, 0x00000007fe200000, 0x00000007fe200000|100%| O|  |TAMS 0x00000007fe200000| PB 0x00000007fe000000| Untracked 
|2033|0x00000007fe200000, 0x00000007fe400000, 0x00000007fe400000|100%| O|  |TAMS 0x00000007fe400000| PB 0x00000007fe200000| Untracked 
|2034|0x00000007fe400000, 0x00000007fe600000, 0x00000007fe600000|100%| O|  |TAMS 0x00000007fe600000| PB 0x00000007fe400000| Untracked 
|2035|0x00000007fe600000, 0x00000007fe800000, 0x00000007fe800000|100%| O|  |TAMS 0x00000007fe800000| PB 0x00000007fe600000| Untracked 
|2036|0x00000007fe800000, 0x00000007fea00000, 0x00000007fea00000|100%| O|  |TAMS 0x00000007fea00000| PB 0x00000007fe800000| Untracked 
|2037|0x00000007fea00000, 0x00000007fec00000, 0x00000007fec00000|100%| O|  |TAMS 0x00000007fec00000| PB 0x00000007fea00000| Untracked 
|2038|0x00000007fec00000, 0x00000007fee00000, 0x00000007fee00000|100%| O|  |TAMS 0x00000007fee00000| PB 0x00000007fec00000| Untracked 
|2039|0x00000007fee00000, 0x00000007ff000000, 0x00000007ff000000|100%| O|  |TAMS 0x00000007ff000000| PB 0x00000007fee00000| Untracked 
|2040|0x00000007ff000000, 0x00000007ff200000, 0x00000007ff200000|100%| O|  |TAMS 0x00000007ff200000| PB 0x00000007ff000000| Untracked 
|2041|0x00000007ff200000, 0x00000007ff400000, 0x00000007ff400000|100%| O|  |TAMS 0x00000007ff400000| PB 0x00000007ff200000| Untracked 
|2042|0x00000007ff400000, 0x00000007ff600000, 0x00000007ff600000|100%| O|  |TAMS 0x00000007ff600000| PB 0x00000007ff400000| Untracked 
|2043|0x00000007ff600000, 0x00000007ff800000, 0x00000007ff800000|100%| O|  |TAMS 0x00000007ff800000| PB 0x00000007ff600000| Untracked 
|2044|0x00000007ff800000, 0x00000007ffa00000, 0x00000007ffa00000|100%| O|  |TAMS 0x00000007ffa00000| PB 0x00000007ff800000| Untracked 
|2045|0x00000007ffa00000, 0x00000007ffc00000, 0x00000007ffc00000|100%| O|  |TAMS 0x00000007ffc00000| PB 0x00000007ffa00000| Untracked 
|2046|0x00000007ffc00000, 0x00000007ffe00000, 0x00000007ffe00000|100%| O|  |TAMS 0x00000007ffe00000| PB 0x00000007ffc00000| Untracked 
|2047|0x00000007ffe00000, 0x0000000800000000, 0x0000000800000000|100%| O|  |TAMS 0x0000000800000000| PB 0x00000007ffe00000| Untracked 

Card table byte_map: [0x000001686e210000,0x000001686ea10000] _byte_map_base: 0x000001686aa10000

Marking Bits: (CMBitMap*) 0x000001685b3e77c0
 Bits: [0x000001686ea10000, 0x0000016872a10000)

Polling page: 0x00000168591d0000

Metaspace:

Usage:
  Non-class:    111.45 MB used.
      Class:     18.48 MB used.
       Both:    129.94 MB used.

Virtual space:
  Non-class space:      128.00 MB reserved,     112.62 MB ( 88%) committed,  2 nodes.
      Class space:        1.00 GB reserved,      19.62 MB (  2%) committed,  1 nodes.
             Both:        1.12 GB reserved,     132.25 MB ( 11%) committed. 

Chunk freelists:
   Non-Class:  15.12 MB
       Class:  12.34 MB
        Both:  27.47 MB

MaxMetaspaceSize: unlimited
CompressedClassSpaceSize: 1.00 GB
Initial GC threshold: 21.00 MB
Current GC threshold: 208.25 MB
CDS: off
 - commit_granule_bytes: 65536.
 - commit_granule_words: 8192.
 - virtual_space_node_default_size: 8388608.
 - enlarge_chunks_in_place: 1.
 - use_allocation_guard: 0.


Internal statistics:

num_allocs_failed_limit: 12.
num_arena_births: 4768.
num_arena_deaths: 0.
num_vsnodes_births: 3.
num_vsnodes_deaths: 0.
num_space_committed: 2115.
num_space_uncommitted: 0.
num_chunks_returned_to_freelist: 12.
num_chunks_taken_from_freelist: 10425.
num_chunk_merges: 12.
num_chunk_splits: 6904.
num_chunks_enlarged: 4449.
num_inconsistent_stats: 0.

CodeHeap 'non-profiled nmethods': size=120000Kb used=11601Kb max_used=11601Kb free=108398Kb
 bounds [0x0000016865f90000, 0x0000016866af0000, 0x000001686d4c0000]
CodeHeap 'profiled nmethods': size=120000Kb used=27616Kb max_used=27616Kb free=92383Kb
 bounds [0x000001685e4c0000, 0x000001685ffc0000, 0x00000168659f0000]
CodeHeap 'non-nmethods': size=5760Kb used=2050Kb max_used=2116Kb free=3709Kb
 bounds [0x00000168659f0000, 0x0000016865c60000, 0x0000016865f90000]
CodeCache: size=245760Kb, used=41267Kb, max_used=41333Kb, free=204490Kb
 total_blobs=15777, nmethods=14860, adapters=821, full_count=0
Compilation: enabled, stopped_count=0, restarted_count=0

Compilation events (20 events):
Event: 38.063 Thread 0x00000168758c02b0 nmethod 17724 0x000001685ffb3010 code [0x000001685ffb31c0, 0x000001685ffb33f0]
Event: 38.065 Thread 0x00000168758c02b0 17725       2       org.gradle.api.services.internal.RegisteredBuildServiceProvider::getType (8 bytes)
Event: 38.065 Thread 0x00000168758c02b0 nmethod 17725 0x000001685ffb3490 code [0x000001685ffb3620, 0x000001685ffb3738]
Event: 38.066 Thread 0x00000168758c02b0 17726 %     3       java.util.IdentityHashMap::resize @ 58 (153 bytes)
Event: 38.066 Thread 0x00000168758c02b0 nmethod 17726% 0x000001685ffb3810 code [0x000001685ffb3a80, 0x000001685ffb49f0]
Event: 38.067 Thread 0x00000168758c02b0 17727       3       java.util.IdentityHashMap::resize (153 bytes)
Event: 38.067 Thread 0x00000168758c02b0 nmethod 17727 0x000001685ffb4e90 code [0x000001685ffb5100, 0x000001685ffb5ef8]
Event: 38.070 Thread 0x00000168758c02b0 17728       2       java.util.ArrayDeque::iterator (9 bytes)
Event: 38.070 Thread 0x00000168758c02b0 nmethod 17728 0x000001685ffb6290 code [0x000001685ffb6440, 0x000001685ffb6648]
Event: 38.070 Thread 0x00000168758c02b0 17729       2       java.util.ArrayDeque$DeqIterator::<init> (34 bytes)
Event: 38.070 Thread 0x00000168758c02b0 nmethod 17729 0x000001685ffb6790 code [0x000001685ffb6940, 0x000001685ffb6ae0]
Event: 38.070 Thread 0x00000168758c02b0 17731       3       java.util.stream.AbstractPipeline::<init> (91 bytes)
Event: 38.071 Thread 0x00000168758c02b0 nmethod 17731 0x000001685ffb6c10 code [0x000001685ffb6e20, 0x000001685ffb74a0]
Event: 38.071 Thread 0x00000168758c02b0 17730       2       org.gradle.internal.execution.history.impl.FileSystemSnapshotSerializer$SnapshotStack::push (17 bytes)
Event: 38.071 Thread 0x00000168758c02b0 nmethod 17730 0x000001685ffb7690 code [0x000001685ffb7840, 0x000001685ffb7a58]
Event: 38.071 Thread 0x00000168758c02b0 17732       2       org.gradle.internal.execution.history.impl.FileSystemSnapshotSerializer$SnapshotStack::pop (29 bytes)
Event: 38.071 Thread 0x00000168758c02b0 nmethod 17732 0x000001685ffb7b90 code [0x000001685ffb7d60, 0x000001685ffb7fc0]
Event: 38.077 Thread 0x000001687f8c2050 nmethod 17680 0x0000016866ae1e10 code [0x0000016866ae2140, 0x0000016866ae3210]
Event: 38.077 Thread 0x000001687f8c2050 17695   !   4       java.util.concurrent.ForkJoinTask$InterruptibleTask::exec (84 bytes)
Event: 38.080 Thread 0x00000168758c02b0 17734       2       jdk.internal.org.objectweb.asm.Type::appendDescriptor (185 bytes)

GC Heap History (20 events):
Event: 26.069 GC heap after
{Heap after GC invocations=64 (full 0):
 garbage-first heap   total 610304K, used 146300K [0x0000000700000000, 0x0000000800000000)
  region size 2048K, 10 young (20480K), 10 survivors (20480K)
 Metaspace       used 120806K, committed 123136K, reserved 1179648K
  class space    used 17066K, committed 18176K, reserved 1048576K
}
Event: 26.359 GC heap before
{Heap before GC invocations=64 (full 0):
 garbage-first heap   total 610304K, used 490364K [0x0000000700000000, 0x0000000800000000)
  region size 2048K, 178 young (364544K), 10 survivors (20480K)
 Metaspace       used 120856K, committed 123200K, reserved 1179648K
  class space    used 17072K, committed 18176K, reserved 1048576K
}
Event: 26.382 GC heap after
{Heap after GC invocations=65 (full 0):
 garbage-first heap   total 882688K, used 147757K [0x0000000700000000, 0x0000000800000000)
  region size 2048K, 11 young (22528K), 11 survivors (22528K)
 Metaspace       used 120856K, committed 123200K, reserved 1179648K
  class space    used 17072K, committed 18176K, reserved 1048576K
}
Event: 27.174 GC heap before
{Heap before GC invocations=65 (full 0):
 garbage-first heap   total 882688K, used 651565K [0x0000000700000000, 0x0000000800000000)
  region size 2048K, 258 young (528384K), 11 survivors (22528K)
 Metaspace       used 120856K, committed 123200K, reserved 1179648K
  class space    used 17072K, committed 18176K, reserved 1048576K
}
Event: 27.194 GC heap after
{Heap after GC invocations=66 (full 0):
 garbage-first heap   total 882688K, used 148107K [0x0000000700000000, 0x0000000800000000)
  region size 2048K, 10 young (20480K), 10 survivors (20480K)
 Metaspace       used 120856K, committed 123200K, reserved 1179648K
  class space    used 17072K, committed 18176K, reserved 1048576K
}
Event: 27.688 GC heap before
{Heap before GC invocations=66 (full 0):
 garbage-first heap   total 882688K, used 653963K [0x0000000700000000, 0x0000000800000000)
  region size 2048K, 258 young (528384K), 10 survivors (20480K)
 Metaspace       used 120857K, committed 123200K, reserved 1179648K
  class space    used 17072K, committed 18176K, reserved 1048576K
}
Event: 27.701 GC heap after
{Heap after GC invocations=67 (full 0):
 garbage-first heap   total 882688K, used 150086K [0x0000000700000000, 0x0000000800000000)
  region size 2048K, 11 young (22528K), 11 survivors (22528K)
 Metaspace       used 120857K, committed 123200K, reserved 1179648K
  class space    used 17072K, committed 18176K, reserved 1048576K
}
Event: 28.362 GC heap before
{Heap before GC invocations=67 (full 0):
 garbage-first heap   total 882688K, used 664134K [0x0000000700000000, 0x0000000800000000)
  region size 2048K, 258 young (528384K), 11 survivors (22528K)
 Metaspace       used 121233K, committed 123712K, reserved 1179648K
  class space    used 17124K, committed 18304K, reserved 1048576K
}
Event: 28.385 GC heap after
{Heap after GC invocations=68 (full 0):
 garbage-first heap   total 882688K, used 168009K [0x0000000700000000, 0x0000000800000000)
  region size 2048K, 14 young (28672K), 14 survivors (28672K)
 Metaspace       used 121233K, committed 123712K, reserved 1179648K
  class space    used 17124K, committed 18304K, reserved 1048576K
}
Event: 28.951 GC heap before
{Heap before GC invocations=68 (full 0):
 garbage-first heap   total 882688K, used 716873K [0x0000000700000000, 0x0000000800000000)
  region size 2048K, 258 young (528384K), 14 survivors (28672K)
 Metaspace       used 121809K, committed 124224K, reserved 1179648K
  class space    used 17206K, committed 18368K, reserved 1048576K
}
Event: 28.967 GC heap after
{Heap after GC invocations=69 (full 0):
 garbage-first heap   total 882688K, used 230108K [0x0000000700000000, 0x0000000800000000)
  region size 2048K, 18 young (36864K), 18 survivors (36864K)
 Metaspace       used 121809K, committed 124224K, reserved 1179648K
  class space    used 17206K, committed 18368K, reserved 1048576K
}
Event: 29.928 GC heap before
{Heap before GC invocations=69 (full 0):
 garbage-first heap   total 882688K, used 441052K [0x0000000700000000, 0x0000000800000000)
  region size 2048K, 106 young (217088K), 18 survivors (36864K)
 Metaspace       used 125355K, committed 127744K, reserved 1179648K
  class space    used 17719K, committed 18880K, reserved 1048576K
}
Event: 29.955 GC heap after
{Heap after GC invocations=70 (full 0):
 garbage-first heap   total 882688K, used 262768K [0x0000000700000000, 0x0000000800000000)
  region size 2048K, 23 young (47104K), 23 survivors (47104K)
 Metaspace       used 125355K, committed 127744K, reserved 1179648K
  class space    used 17719K, committed 18880K, reserved 1048576K
}
Event: 29.959 GC heap before
{Heap before GC invocations=70 (full 0):
 garbage-first heap   total 882688K, used 273008K [0x0000000700000000, 0x0000000800000000)
  region size 2048K, 24 young (49152K), 23 survivors (47104K)
 Metaspace       used 125355K, committed 127744K, reserved 1179648K
  class space    used 17719K, committed 18880K, reserved 1048576K
}
Event: 30.003 GC heap after
{Heap after GC invocations=71 (full 0):
 garbage-first heap   total 882688K, used 275893K [0x0000000700000000, 0x0000000800000000)
  region size 2048K, 19 young (38912K), 19 survivors (38912K)
 Metaspace       used 125355K, committed 127744K, reserved 1179648K
  class space    used 17719K, committed 18880K, reserved 1048576K
}
Event: 32.359 GC heap before
{Heap before GC invocations=72 (full 0):
 garbage-first heap   total 882688K, used 871861K [0x0000000700000000, 0x0000000800000000)
  region size 2048K, 258 young (528384K), 19 survivors (38912K)
 Metaspace       used 128578K, committed 131008K, reserved 1179648K
  class space    used 18360K, committed 19520K, reserved 1048576K
}
Event: 32.580 GC heap after
{Heap after GC invocations=73 (full 0):
 garbage-first heap   total 1116160K, used 515060K [0x0000000700000000, 0x0000000800000000)
  region size 2048K, 33 young (67584K), 33 survivors (67584K)
 Metaspace       used 128578K, committed 131008K, reserved 1179648K
  class space    used 18360K, committed 19520K, reserved 1048576K
}
Event: 32.591 GC heap before
{Heap before GC invocations=73 (full 0):
 garbage-first heap   total 1116160K, used 519156K [0x0000000700000000, 0x0000000800000000)
  region size 2048K, 35 young (71680K), 33 survivors (67584K)
 Metaspace       used 128579K, committed 131008K, reserved 1179648K
  class space    used 18360K, committed 19520K, reserved 1048576K
}
Event: 32.696 GC heap after
{Heap after GC invocations=74 (full 0):
 garbage-first heap   total 1116160K, used 525300K [0x0000000700000000, 0x0000000800000000)
  region size 2048K, 3 young (6144K), 3 survivors (6144K)
 Metaspace       used 128579K, committed 131008K, reserved 1179648K
  class space    used 18360K, committed 19520K, reserved 1048576K
}
Event: 38.081 GC heap before
{Heap before GC invocations=74 (full 0):
 garbage-first heap   total 1116160K, used 908276K [0x0000000700000000, 0x0000000800000000)
  region size 2048K, 191 young (391168K), 3 survivors (6144K)
 Metaspace       used 133056K, committed 135424K, reserved 1179648K
  class space    used 18927K, committed 20096K, reserved 1048576K
}

Dll operation events (3 events):
Event: 0.009 Loaded shared library C:\Program Files\Android\Android Studio\jbr\bin\java.dll
Event: 0.013 Loaded shared library C:\Program Files\Android\Android Studio\jbr\bin\zip.dll
Event: 0.722 Loaded shared library C:\Program Files\Android\Android Studio\jbr\bin\verify.dll

Deoptimization events (20 events):
Event: 38.080 Thread 0x000001687f742680 Uncommon trap: trap_request=0xffffff45 fr.pc=0x0000016866aa337c relative=0x0000000000000cbc
Event: 38.080 Thread 0x000001687f7433a0 Uncommon trap: trap_request=0xffffffc6 fr.pc=0x0000016866ae2d40 relative=0x0000000000000c00
Event: 38.080 Thread 0x000001687f742680 Uncommon trap: reason=unstable_if action=reinterpret pc=0x0000016866aa337c method=com.android.tools.r8.graph.E0.O0()Lcom/android/tools/r8/graph/j1; @ 14 c2
Event: 38.080 Thread 0x000001687f7433a0 Uncommon trap: reason=bimorphic_or_optimized_type_check action=maybe_recompile pc=0x0000016866ae2d40 method=com.android.tools.r8.internal.dh0.a(Ljava/util/function/Consumer;Ljava/lang/Object;I)V @ 2 c2
Event: 38.080 Thread 0x000001687f742680 DEOPT PACKING pc=0x0000016866aa337c sp=0x0000005c50cfe880
Event: 38.080 Thread 0x000001687f7433a0 DEOPT PACKING pc=0x0000016866ae2d40 sp=0x0000005c50efed90
Event: 38.080 Thread 0x000001687f7440c0 Uncommon trap: trap_request=0xffffffc6 fr.pc=0x0000016866ae2d40 relative=0x0000000000000c00
Event: 38.080 Thread 0x000001687f7440c0 Uncommon trap: reason=bimorphic_or_optimized_type_check action=maybe_recompile pc=0x0000016866ae2d40 method=com.android.tools.r8.internal.dh0.a(Ljava/util/function/Consumer;Ljava/lang/Object;I)V @ 2 c2
Event: 38.080 Thread 0x000001687f7440c0 DEOPT PACKING pc=0x0000016866ae2d40 sp=0x0000005c515ff010
Event: 38.080 Thread 0x000001687f7433a0 DEOPT UNPACKING pc=0x0000016865a44422 sp=0x0000005c50efea90 mode 2
Event: 38.080 Thread 0x000001687f742680 DEOPT UNPACKING pc=0x0000016865a44422 sp=0x0000005c50cfe858 mode 2
Event: 38.080 Thread 0x000001687f7440c0 DEOPT UNPACKING pc=0x0000016865a44422 sp=0x0000005c515fed10 mode 2
Event: 38.080 Thread 0x000001687f746190 Uncommon trap: trap_request=0xffffffc6 fr.pc=0x0000016866ae2d40 relative=0x0000000000000c00
Event: 38.080 Thread 0x000001687f746190 Uncommon trap: reason=bimorphic_or_optimized_type_check action=maybe_recompile pc=0x0000016866ae2d40 method=com.android.tools.r8.internal.dh0.a(Ljava/util/function/Consumer;Ljava/lang/Object;I)V @ 2 c2
Event: 38.080 Thread 0x000001687f746190 DEOPT PACKING pc=0x0000016866ae2d40 sp=0x0000005c50ffece0
Event: 38.080 Thread 0x000001687f746190 DEOPT UNPACKING pc=0x0000016865a44422 sp=0x0000005c50ffe9e0 mode 2
Event: 38.080 Thread 0x0000016800396660 Uncommon trap: trap_request=0xffffffec fr.pc=0x00000168667c5450 relative=0x0000000000001650
Event: 38.080 Thread 0x0000016800396660 Uncommon trap: reason=null_assert_or_unreached0 action=make_not_entrant pc=0x00000168667c5450 method=org.gradle.internal.snapshot.impl.DirectorySnapshotter$PathVisitor.shouldVisit(Ljava/nio/file/Path;Ljava/lang/String;Z)Z @ 34 c2
Event: 38.080 Thread 0x0000016800396660 DEOPT PACKING pc=0x00000168667c5450 sp=0x0000005c4c5fb1f0
Event: 38.080 Thread 0x0000016800396660 DEOPT UNPACKING pc=0x0000016865a44422 sp=0x0000005c4c5fb0e0 mode 2

Classes loaded (20 events):
Event: 31.448 Loading class java/util/AbstractList$SubList$1
Event: 31.448 Loading class java/util/AbstractList$SubList$1 done
Event: 31.634 Loading class java/nio/ShortBuffer
Event: 31.636 Loading class java/nio/ShortBuffer done
Event: 31.637 Loading class java/nio/HeapShortBuffer
Event: 31.637 Loading class java/nio/HeapShortBuffer done
Event: 33.746 Loading class java/util/concurrent/ConcurrentLinkedQueue$Itr
Event: 33.757 Loading class java/util/concurrent/ConcurrentLinkedQueue$Itr done
Event: 34.208 Loading class java/nio/file/FileChannelLinesSpliterator
Event: 34.278 Loading class java/nio/file/FileChannelLinesSpliterator done
Event: 36.299 Loading class java/util/stream/Streams$1
Event: 36.360 Loading class java/util/stream/Streams$1 done
Event: 36.856 Loading class java/nio/file/FileChannelLinesSpliterator$1
Event: 36.856 Loading class java/nio/file/FileChannelLinesSpliterator$1 done
Event: 36.861 Loading class java/io/FileReader
Event: 36.862 Loading class java/io/FileReader done
Event: 37.269 Loading class sun/nio/fs/WindowsUriSupport
Event: 37.280 Loading class sun/nio/fs/WindowsUriSupport done
Event: 37.842 Loading class sun/nio/ch/ChannelOutputStream
Event: 37.851 Loading class sun/nio/ch/ChannelOutputStream done

Classes unloaded (0 events):
No events

Classes redefined (0 events):
No events

Internal exceptions (20 events):
Event: 38.027 Thread 0x000001687b8d3c70 Exception <a 'sun/nio/fs/WindowsException'{0x0000000721fab510}> (0x0000000721fab510) 
thrown [s\src\hotspot\share\prims\jni.cpp, line 537]
Event: 38.072 Thread 0x0000016800396660 Exception <a 'sun/nio/fs/WindowsException'{0x0000000721dd4120}> (0x0000000721dd4120) 
thrown [s\src\hotspot\share\prims\jni.cpp, line 537]
Event: 38.072 Thread 0x0000016800396660 Exception <a 'sun/nio/fs/WindowsException'{0x0000000721dd4e50}> (0x0000000721dd4e50) 
thrown [s\src\hotspot\share\prims\jni.cpp, line 537]
Event: 38.074 Thread 0x0000016800396660 Exception <a 'sun/nio/fs/WindowsException'{0x0000000721dd7688}> (0x0000000721dd7688) 
thrown [s\src\hotspot\share\prims\jni.cpp, line 537]
Event: 38.074 Thread 0x0000016800396660 Exception <a 'sun/nio/fs/WindowsException'{0x0000000721dd83a0}> (0x0000000721dd83a0) 
thrown [s\src\hotspot\share\prims\jni.cpp, line 537]
Event: 38.074 Thread 0x0000016800396660 Exception <a 'sun/nio/fs/WindowsException'{0x0000000721dd9868}> (0x0000000721dd9868) 
thrown [s\src\hotspot\share\prims\jni.cpp, line 537]
Event: 38.074 Thread 0x0000016800396660 Exception <a 'sun/nio/fs/WindowsException'{0x0000000721dda598}> (0x0000000721dda598) 
thrown [s\src\hotspot\share\prims\jni.cpp, line 537]
Event: 38.074 Thread 0x0000016800396660 Exception <a 'sun/nio/fs/WindowsException'{0x0000000721ddbd58}> (0x0000000721ddbd58) 
thrown [s\src\hotspot\share\prims\jni.cpp, line 537]
Event: 38.074 Thread 0x0000016800396660 Exception <a 'sun/nio/fs/WindowsException'{0x0000000721ddca88}> (0x0000000721ddca88) 
thrown [s\src\hotspot\share\prims\jni.cpp, line 537]
Event: 38.074 Thread 0x0000016800396660 Exception <a 'sun/nio/fs/WindowsException'{0x0000000721ddd8d0}> (0x0000000721ddd8d0) 
thrown [s\src\hotspot\share\prims\jni.cpp, line 537]
Event: 38.074 Thread 0x0000016800396660 Exception <a 'sun/nio/fs/WindowsException'{0x0000000721a75608}> (0x0000000721a75608) 
thrown [s\src\hotspot\share\prims\jni.cpp, line 537]
Event: 38.075 Thread 0x000001687b8d3c70 Exception <a 'sun/nio/fs/WindowsException'{0x0000000721fda9a0}> (0x0000000721fda9a0) 
thrown [s\src\hotspot\share\prims\jni.cpp, line 537]
Event: 38.076 Thread 0x000001687b8d3c70 Exception <a 'sun/nio/fs/WindowsException'{0x0000000721a86030}> (0x0000000721a86030) 
thrown [s\src\hotspot\share\prims\jni.cpp, line 537]
Event: 38.077 Thread 0x0000016800396660 Exception <a 'sun/nio/fs/WindowsException'{0x0000000721ac0e00}> (0x0000000721ac0e00) 
thrown [s\src\hotspot\share\prims\jni.cpp, line 537]
Event: 38.077 Thread 0x0000016800396660 Exception <a 'sun/nio/fs/WindowsException'{0x0000000721ac1b30}> (0x0000000721ac1b30) 
thrown [s\src\hotspot\share\prims\jni.cpp, line 537]
Event: 38.078 Thread 0x0000016800396660 Exception <a 'sun/nio/fs/WindowsException'{0x0000000721ac4cd0}> (0x0000000721ac4cd0) 
thrown [s\src\hotspot\share\prims\jni.cpp, line 537]
Event: 38.078 Thread 0x0000016800396660 Exception <a 'sun/nio/fs/WindowsException'{0x0000000721ac5a00}> (0x0000000721ac5a00) 
thrown [s\src\hotspot\share\prims\jni.cpp, line 537]
Event: 38.078 Thread 0x0000016800396660 Exception <a 'sun/nio/fs/WindowsException'{0x0000000721ac71c0}> (0x0000000721ac71c0) 
thrown [s\src\hotspot\share\prims\jni.cpp, line 537]
Event: 38.078 Thread 0x0000016800396660 Exception <a 'sun/nio/fs/WindowsException'{0x0000000721ac7ef0}> (0x0000000721ac7ef0) 
thrown [s\src\hotspot\share\prims\jni.cpp, line 537]
Event: 38.079 Thread 0x000001687b8d3c70 Exception <a 'sun/nio/fs/WindowsException'{0x0000000721a99940}> (0x0000000721a99940) 
thrown [s\src\hotspot\share\prims\jni.cpp, line 537]

ZGC Phase Switch (0 events):
No events

VM Operations (20 events):
Event: 36.866 Executing VM operation: HandshakeAllThreads (Deoptimize) done
Event: 37.670 Executing VM operation: HandshakeAllThreads (Deoptimize)
Event: 37.671 Executing VM operation: HandshakeAllThreads (Deoptimize) done
Event: 37.671 Executing VM operation: Cleanup
Event: 37.671 Executing VM operation: Cleanup done
Event: 37.674 Executing VM operation: HandshakeAllThreads (Deoptimize)
Event: 37.674 Executing VM operation: HandshakeAllThreads (Deoptimize) done
Event: 37.756 Executing VM operation: HandshakeAllThreads (Deoptimize)
Event: 37.756 Executing VM operation: HandshakeAllThreads (Deoptimize) done
Event: 37.764 Executing VM operation: HandshakeAllThreads (Deoptimize)
Event: 37.765 Executing VM operation: HandshakeAllThreads (Deoptimize) done
Event: 37.954 Executing VM operation: HandshakeAllThreads (Deoptimize)
Event: 37.954 Executing VM operation: HandshakeAllThreads (Deoptimize) done
Event: 38.031 Executing VM operation: HandshakeAllThreads (Deoptimize)
Event: 38.031 Executing VM operation: HandshakeAllThreads (Deoptimize) done
Event: 38.044 Executing VM operation: HandshakeAllThreads (Deoptimize)
Event: 38.045 Executing VM operation: HandshakeAllThreads (Deoptimize) done
Event: 38.072 Executing VM operation: ICBufferFull
Event: 38.073 Executing VM operation: ICBufferFull done
Event: 38.080 Executing VM operation: G1CollectForAllocation (G1 Evacuation Pause)

Memory protections (0 events):
No events

Nmethod flushes (20 events):
Event: 30.141 Thread 0x0000016858f206e0 flushing  nmethod 0x000001685ed5b110
Event: 30.141 Thread 0x0000016858f206e0 flushing  nmethod 0x000001685f099810
Event: 30.141 Thread 0x0000016858f206e0 flushing  nmethod 0x000001685f14eb90
Event: 30.141 Thread 0x0000016858f206e0 flushing  nmethod 0x000001685ed1fd10
Event: 30.141 Thread 0x0000016858f206e0 flushing  nmethod 0x000001685ed6d090
Event: 30.141 Thread 0x0000016858f206e0 flushing  nmethod 0x000001685ef4b890
Event: 30.141 Thread 0x0000016858f206e0 flushing  nmethod 0x000001685f074110
Event: 30.141 Thread 0x0000016858f206e0 flushing  nmethod 0x000001685f20e510
Event: 30.141 Thread 0x0000016858f206e0 flushing  nmethod 0x000001685f287a10
Event: 30.141 Thread 0x0000016858f206e0 flushing  nmethod 0x000001685f28a990
Event: 30.141 Thread 0x0000016858f206e0 flushing  nmethod 0x000001685e5cd690
Event: 30.141 Thread 0x0000016858f206e0 flushing  nmethod 0x000001685ee50e90
Event: 30.141 Thread 0x0000016858f206e0 flushing  nmethod 0x000001685f2dee10
Event: 30.141 Thread 0x0000016858f206e0 flushing  nmethod 0x000001685f882410
Event: 30.141 Thread 0x0000016858f206e0 flushing  nmethod 0x00000168663bf690
Event: 30.141 Thread 0x0000016858f206e0 flushing  nmethod 0x000001686672d790
Event: 30.141 Thread 0x0000016858f206e0 flushing  nmethod 0x000001685e80e610
Event: 30.141 Thread 0x0000016858f206e0 flushing  nmethod 0x000001685e810910
Event: 30.141 Thread 0x0000016858f206e0 flushing  nmethod 0x000001685e9b3190
Event: 30.141 Thread 0x0000016858f206e0 flushing  nmethod 0x000001685f23b390

Events (20 events):
Event: 29.262 Thread 0x0000016800396660 Thread added: 0x000001687b8d5020
Event: 29.412 Thread 0x000001687b8d4990 Thread added: 0x000001687b8d6a60
Event: 29.644 Thread 0x000001687b8d4990 Thread added: 0x000001687b8d5d40
Event: 29.644 Thread 0x000001687b8d4990 Thread added: 0x000001687b8d70f0
Event: 29.680 Thread 0x000001687e20d4e0 Thread exited: 0x000001687e20d4e0
Event: 31.194 Thread 0x00000168758c02b0 Thread added: 0x000001687e20ce10
Event: 31.285 Thread 0x000001687b8d3c70 Thread added: 0x000001687f742680
Event: 31.285 Thread 0x000001687b8d3c70 Thread added: 0x000001687f745b00
Event: 31.285 Thread 0x000001687f742680 Thread added: 0x000001687f7433a0
Event: 31.286 Thread 0x000001687f745b00 Thread added: 0x000001687f746190
Event: 31.287 Thread 0x000001687f7433a0 Thread added: 0x000001687f742d10
Event: 31.287 Thread 0x000001687f746190 Thread added: 0x000001687f746820
Event: 31.288 Thread 0x000001687f742d10 Thread added: 0x000001687f746eb0
Event: 31.289 Thread 0x000001687f746820 Thread added: 0x000001687f743a30
Event: 31.289 Thread 0x000001687f746eb0 Thread added: 0x000001687f747540
Event: 31.289 Thread 0x000001687f743a30 Thread added: 0x000001687f7440c0
Event: 31.290 Thread 0x000001687f747540 Thread added: 0x000001687f74b050
Event: 31.290 Thread 0x000001687f7440c0 Thread added: 0x000001687f749ca0
Event: 35.036 Thread 0x000001687e20ce10 Thread exited: 0x000001687e20ce10
Event: 36.931 Thread 0x00000168758c02b0 Thread added: 0x000001687f8c2050


Dynamic libraries:
0x00007ff650f30000 - 0x00007ff650f3a000 	C:\Program Files\Android\Android Studio\jbr\bin\java.exe
0x00007fffc28a0000 - 0x00007fffc2b06000 	C:\WINDOWS\SYSTEM32\ntdll.dll
0x00007fffc13c0000 - 0x00007fffc1489000 	C:\WINDOWS\System32\KERNEL32.DLL
0x00007fffc0100000 - 0x00007fffc0500000 	C:\WINDOWS\System32\KERNELBASE.dll
0x00007fffbff70000 - 0x00007fffc00bc000 	C:\WINDOWS\System32\ucrtbase.dll
0x00007fff61490000 - 0x00007fff614ab000 	C:\Program Files\Android\Android Studio\jbr\bin\VCRUNTIME140.dll
0x00007fffa9370000 - 0x00007fffa9388000 	C:\Program Files\Android\Android Studio\jbr\bin\jli.dll
0x00007fffc0f10000 - 0x00007fffc10d7000 	C:\WINDOWS\System32\USER32.dll
0x00007fffc00d0000 - 0x00007fffc00f7000 	C:\WINDOWS\System32\win32u.dll
0x00007fffc24a0000 - 0x00007fffc24cb000 	C:\WINDOWS\System32\GDI32.dll
0x00007fffbfb80000 - 0x00007fffbfca9000 	C:\WINDOWS\System32\gdi32full.dll
0x00007fffbfe30000 - 0x00007fffbfed3000 	C:\WINDOWS\System32\msvcp_win.dll
0x00007fffa7ab0000 - 0x00007fffa7d42000 	C:\WINDOWS\WinSxS\amd64_microsoft.windows.common-controls_6595b64144ccf1df_6.0.26100.8737_none_3e092eaee333b772\COMCTL32.dll
0x00007fffc23d0000 - 0x00007fffc2479000 	C:\WINDOWS\System32\msvcrt.dll
0x00007fffc2160000 - 0x00007fffc2192000 	C:\WINDOWS\System32\IMM32.DLL
0x00000000650e0000 - 0x00000000650ed000 	C:\Program Files (x86)\360\Total Security\safemon\SafeWrapper.dll
0x00007fffc05d0000 - 0x00007fffc0687000 	C:\WINDOWS\System32\ADVAPI32.dll
0x00007fffc1530000 - 0x00007fffc15da000 	C:\WINDOWS\System32\sechost.dll
0x00007fffc17c0000 - 0x00007fffc18d8000 	C:\WINDOWS\System32\RPCRT4.dll
0x00007fffbdc30000 - 0x00007fffbdd35000 	C:\Program Files (x86)\360\Total Security\safemon\libzdtp64.dll
0x00007fffc19c0000 - 0x00007fffc2152000 	C:\WINDOWS\System32\SHELL32.dll
0x00007fffc0c20000 - 0x00007fffc0c87000 	C:\WINDOWS\System32\SHLWAPI.dll
0x00007fffbf3b0000 - 0x00007fffbf3bb000 	C:\WINDOWS\SYSTEM32\VERSION.dll
0x00007fff61480000 - 0x00007fff6148c000 	C:\Program Files\Android\Android Studio\jbr\bin\vcruntime140_1.dll
0x00007fff9b900000 - 0x00007fff9b98d000 	C:\Program Files\Android\Android Studio\jbr\bin\msvcp140.dll
0x00007fff5ea00000 - 0x00007fff5f696000 	C:\Program Files\Android\Android Studio\jbr\bin\server\jvm.dll
0x00007fffc14a0000 - 0x00007fffc1520000 	C:\WINDOWS\System32\WS2_32.dll
0x00007fffbf940000 - 0x00007fffbf99e000 	C:\WINDOWS\SYSTEM32\POWRPROF.dll
0x00007fffa7730000 - 0x00007fffa7766000 	C:\WINDOWS\SYSTEM32\WINMM.dll
0x00007fffbf920000 - 0x00007fffbf934000 	C:\WINDOWS\SYSTEM32\UMPDC.dll
0x00007fffbe700000 - 0x00007fffbe71b000 	C:\WINDOWS\SYSTEM32\kernel.appcore.dll
0x00007fff61470000 - 0x00007fff6147a000 	C:\Program Files\Android\Android Studio\jbr\bin\jimage.dll
0x00007fffbcec0000 - 0x00007fffbd102000 	C:\WINDOWS\SYSTEM32\DBGHELP.DLL
0x00007fffc24d0000 - 0x00007fffc2853000 	C:\WINDOWS\System32\combase.dll
0x00007fffc18e0000 - 0x00007fffc19b9000 	C:\WINDOWS\System32\OLEAUT32.dll
0x00007fffac620000 - 0x00007fffac65b000 	C:\WINDOWS\SYSTEM32\dbgcore.DLL
0x00007fffbfac0000 - 0x00007fffbfb6c000 	C:\WINDOWS\System32\bcryptPrimitives.dll
0x00007fffa59e0000 - 0x00007fffa59ee000 	C:\Program Files\Android\Android Studio\jbr\bin\instrument.dll
0x00007fff61450000 - 0x00007fff61470000 	C:\Program Files\Android\Android Studio\jbr\bin\java.dll
0x00007fff61430000 - 0x00007fff61448000 	C:\Program Files\Android\Android Studio\jbr\bin\zip.dll
0x00007fffbd370000 - 0x00007fffbdc02000 	C:\WINDOWS\SYSTEM32\windows.storage.dll
0x00007fffc0e00000 - 0x00007fffc0ef7000 	C:\WINDOWS\System32\SHCORE.dll
0x00007fffbf9e0000 - 0x00007fffbfa09000 	C:\WINDOWS\SYSTEM32\profapi.dll
0x00007fff61420000 - 0x00007fff61430000 	C:\Program Files\Android\Android Studio\jbr\bin\net.dll
0x00007fffb8c60000 - 0x00007fffb8d89000 	C:\WINDOWS\SYSTEM32\WINHTTP.dll
0x00007fffbecd0000 - 0x00007fffbed3c000 	C:\WINDOWS\system32\mswsock.dll
0x00007fff61400000 - 0x00007fff61416000 	C:\Program Files\Android\Android Studio\jbr\bin\nio.dll
0x00007fffb9fc0000 - 0x00007fffb9fd0000 	C:\Program Files\Android\Android Studio\jbr\bin\verify.dll
0x00007fff80540000 - 0x00007fff80567000 	C:\Users\anisa febrianti\.gradle\native\1def1411415f61bf3af743bc5b6707747c0891f09f0c88961ee8f79bc544acac\windows-amd64\native-platform.dll
0x00007fff7ad50000 - 0x00007fff7adc7000 	C:\Users\anisa febrianti\.gradle\native\0.2.8\x86_64-windows-gnu\gradle-fileevents.dll
0x00007fff60160000 - 0x00007fff60169000 	C:\Program Files\Android\Android Studio\jbr\bin\management.dll
0x00007fff60150000 - 0x00007fff6015b000 	C:\Program Files\Android\Android Studio\jbr\bin\management_ext.dll
0x00007fffc22b0000 - 0x00007fffc22b8000 	C:\WINDOWS\System32\PSAPI.DLL
0x00007fffbe080000 - 0x00007fffbe0b3000 	C:\WINDOWS\SYSTEM32\IPHLPAPI.DLL
0x00007fffc1490000 - 0x00007fffc149a000 	C:\WINDOWS\System32\NSI.dll
0x00007fff613f0000 - 0x00007fff613f9000 	C:\Program Files\Android\Android Studio\jbr\bin\extnet.dll
0x00007fffbeff0000 - 0x00007fffbf00b000 	C:\WINDOWS\SYSTEM32\CRYPTSP.dll
0x00007fffbe660000 - 0x00007fffbe699000 	C:\WINDOWS\system32\rsaenh.dll
0x00007fffbed90000 - 0x00007fffbedc2000 	C:\WINDOWS\SYSTEM32\USERENV.dll
0x00007fffbf9b0000 - 0x00007fffbf9da000 	C:\WINDOWS\SYSTEM32\bcrypt.dll
0x00007fffbefd0000 - 0x00007fffbefdc000 	C:\WINDOWS\SYSTEM32\CRYPTBASE.dll
0x00007fff95d50000 - 0x00007fff95d58000 	C:\WINDOWS\system32\wshunix.dll
0x00007fff54600000 - 0x00007fff54618000 	C:\WINDOWS\system32\napinsp.dll
0x00007fffbe0c0000 - 0x00007fffbe215000 	C:\WINDOWS\SYSTEM32\DNSAPI.dll
0x00007fffbead0000 - 0x00007fffbeadd000 	C:\WINDOWS\SYSTEM32\DSPARSE.dll
0x00007fff54720000 - 0x00007fff54733000 	C:\WINDOWS\System32\winrnr.dll
0x00007fff54620000 - 0x00007fff54642000 	C:\WINDOWS\system32\nlansp_c.dll
0x00007fff95d60000 - 0x00007fff95d76000 	C:\WINDOWS\system32\wshbth.dll
0x00007fffb57c0000 - 0x00007fffb57cb000 	C:\Windows\System32\rasadhlp.dll
0x00007fffb9bc0000 - 0x00007fffb9c46000 	C:\WINDOWS\System32\fwpuclnt.dll

JVMTI agents:
C:\Users\anisa febrianti\.gradle\wrapper\dists\gradle-9.1.0-bin\9agqghryom9wkf8r80qlhnts3\gradle-9.1.0\lib\agents\gradle-instrumentation-agent-9.1.0.jar path:C:\Program Files\Android\Android Studio\jbr\bin\instrument.dll, loaded, initialized, instrumentlib options:none

dbghelp: loaded successfully - version: 4.0.5 - missing functions: none
symbol engine: initialized successfully - sym options: 0x614 - pdb path: .;C:\Program Files\Android\Android Studio\jbr\bin;C:\WINDOWS\SYSTEM32;C:\WINDOWS\WinSxS\amd64_microsoft.windows.common-controls_6595b64144ccf1df_6.0.26100.8737_none_3e092eaee333b772;C:\Program Files (x86)\360\Total Security\safemon;C:\Program Files\Android\Android Studio\jbr\bin\server;C:\Users\anisa febrianti\.gradle\native\1def1411415f61bf3af743bc5b6707747c0891f09f0c88961ee8f79bc544acac\windows-amd64;C:\Users\anisa febrianti\.gradle\native\0.2.8\x86_64-windows-gnu

VM Arguments:
jvm_args: --add-opens=java.base/java.lang=ALL-UNNAMED --add-opens=java.base/java.lang.invoke=ALL-UNNAMED --add-opens=java.base/java.util=ALL-UNNAMED --add-opens=java.prefs/java.util.prefs=ALL-UNNAMED --add-exports=jdk.compiler/com.sun.tools.javac.api=ALL-UNNAMED --add-exports=jdk.compiler/com.sun.tools.javac.util=ALL-UNNAMED --add-opens=java.base/java.util=ALL-UNNAMED --add-opens=java.prefs/java.util.prefs=ALL-UNNAMED --add-opens=java.base/java.nio.charset=ALL-UNNAMED --add-opens=java.base/java.net=ALL-UNNAMED --add-opens=java.base/java.util.concurrent=ALL-UNNAMED --add-opens=java.base/java.util.concurrent.atomic=ALL-UNNAMED --add-opens=java.xml/javax.xml.namespace=ALL-UNNAMED --add-opens=java.base/java.time=ALL-UNNAMED -Xmx4096m -Dfile.encoding=UTF-8 -Duser.country=ID -Duser.language=en -Duser.variant -javaagent:C:\Users\anisa febrianti\.gradle\wrapper\dists\gradle-9.1.0-bin\9agqghryom9wkf8r80qlhnts3\gradle-9.1.0\lib\agents\gradle-instrumentation-agent-9.1.0.jar 
java_command: org.gradle.launcher.daemon.bootstrap.GradleDaemon 9.1.0
java_class_path (initial): C:\Users\anisa febrianti\.gradle\wrapper\dists\gradle-9.1.0-bin\9agqghryom9wkf8r80qlhnts3\gradle-9.1.0\lib\gradle-daemon-main-9.1.0.jar
Launcher Type: SUN_STANDARD

[Global flags]
     intx CICompilerCount                          = 4                                         {product} {ergonomic}
     uint ConcGCThreads                            = 3                                         {product} {ergonomic}
     uint G1ConcRefinementThreads                  = 10                                        {product} {ergonomic}
   size_t G1HeapRegionSize                         = 2097152                                   {product} {ergonomic}
    uintx GCDrainStackTargetSize                   = 64                                        {product} {ergonomic}
   size_t InitialHeapSize                          = 130023424                                 {product} {ergonomic}
   size_t MarkStackSize                            = 4194304                                   {product} {ergonomic}
   size_t MaxHeapSize                              = 4294967296                                {product} {command line}
   size_t MaxNewSize                               = 2575302656                                {product} {ergonomic}
   size_t MinHeapDeltaBytes                        = 2097152                                   {product} {ergonomic}
   size_t MinHeapSize                              = 8388608                                   {product} {ergonomic}
    uintx NonNMethodCodeHeapSize                   = 5839372                                {pd product} {ergonomic}
    uintx NonProfiledCodeHeapSize                  = 122909434                              {pd product} {ergonomic}
    uintx ProfiledCodeHeapSize                     = 122909434                              {pd product} {ergonomic}
    uintx ReservedCodeCacheSize                    = 251658240                              {pd product} {ergonomic}
     bool SegmentedCodeCache                       = true                                      {product} {ergonomic}
   size_t SoftMaxHeapSize                          = 4294967296                             {manageable} {ergonomic}
     bool UseCompressedOops                        = true                           {product lp64_product} {ergonomic}
     bool UseG1GC                                  = true                                      {product} {ergonomic}
     bool UseLargePagesIndividualAllocation        = false                                  {pd product} {ergonomic}

Logging:
Log output configuration:
 #0: stdout all=warning uptime,level,tags foldmultilines=false
 #1: stderr all=off uptime,level,tags foldmultilines=false

Release file:
JAVA_VERSION="21.0.9" 
MODULES="java.base java.compiler java.datatransfer java.xml java.prefs java.desktop java.instrument java.logging java.management java.security.sasl java.naming java.rmi java.management.rmi java.net.http java.scripting java.security.jgss java.transaction.xa java.sql java.sql.rowset java.xml.crypto java.se java.smartcardio jdk.accessibility jdk.internal.jvmstat jdk.attach jdk.charsets jdk.internal.opt jdk.zipfs jdk.compiler jdk.crypto.ec jdk.crypto.cryptoki jdk.dynalink jdk.hotspot.agent jdk.httpserver jdk.internal.ed jdk.internal.le jdk.internal.vm.ci jdk.jartool jdk.javadoc jdk.jcmd jdk.jdeps jdk.jdwp.agent jdk.jdi jdk.jfr jdk.jlink jdk.jsobject jdk.localedata jdk.management jdk.management.agent jdk.management.jfr jdk.naming.dns jdk.naming.rmi jdk.net jdk.sctp jdk.security.auth jdk.security.jgss jdk.unsupported jdk.unsupported.desktop jdk.xml.dom" 
IMPLEMENTOR="JetBrains s.r.o." 
JAVA_RUNTIME_VERSION="21.0.9+-14649483-b1163.86" 
LIBC="default" 
OS_ARCH="x86_64" 
OS_NAME="Windows" 
SOURCE=".:git:554d0c326095" 

Environment Variables:
PATH=C:\Program Files\Common Files\Oracle\Java\javapath;C:\WINDOWS\system32;C:\WINDOWS;C:\WINDOWS\System32\Wbem;C:\WINDOWS\System32\WindowsPowerShell\v1.0\;C:\WINDOWS\System32\OpenSSH\;C:\Program Files\Git\cmd;C:\Program Files\nodejs\;C:\Users\anisa febrianti\AppData\Local\Programs\Python\Launcher\;C:\Users\anisa febrianti\AppData\Local\Microsoft\WindowsApps;C:\Users\anisa febrianti\AppData\Local\Programs\Python\Python313\Scripts;C:\Users\anisa febrianti\AppData\Local\Programs\Python\Python313;C:\Users\anisa febrianti\AppData\Local\Programs\Microsoft VS Code\bin;C:\Users\anisa febrianti\AppData\Local\Packages\PythonSoftwareFoundation.Python.3.12_qbz5n2kfra8p0\LocalCache\local-packages\Python312\Scripts;C:\Users\anisa febrianti\AppData\Roaming\npm
USERNAME=anisa febrianti
OS=Windows_NT
PROCESSOR_IDENTIFIER=Intel64 Family 6 Model 154 Stepping 4, GenuineIntel
TMP=C:\Users\ANISAF~1\AppData\Local\Temp
TEMP=C:\Users\ANISAF~1\AppData\Local\Temp




Periodic native trim disabled

JNI global refs:
JNI global refs: 28, weak refs: 12

JNI global refs memory usage: 835, weak refs: 833

Process memory usage:
Resident Set Size: 1368988K (16% of 8124020K total physical memory with 595072K free physical memory)

OOME stack traces (most recent first):
Classloader memory used:
Loader org.gradle.internal.classloader.VisitableURLClassLoader                         : 46013K
Loader org.gradle.internal.classloader.VisitableURLClassLoader$InstrumentingVisitableURLClassLoader: 42748K
Loader bootstrap                                                                       : 30036K
Loader org.gradle.initialization.MixInLegacyTypesClassLoader                           : 13146K
Loader jdk.internal.reflect.DelegatingClassLoader                                      : 448K
Loader jdk.internal.loader.ClassLoaders$AppClassLoader                                 : 230K
Loader jdk.internal.loader.ClassLoaders$PlatformClassLoader                            : 156K
Loader org.gradle.internal.classloader.VisitableURLClassLoader                         : 148K
Loader org.gradle.groovy.scripts.internal.DefaultScriptCompilationHandler$ScriptClassLoader: 127K

Classes loaded by more than one classloader:
Class Program                                                                         : loaded 5 times (x 72B)
Class com.google.common.base.PairwiseEquivalence                                      : loaded 2 times (x 83B)
Class com.google.common.base.Equivalence$Identity                                     : loaded 2 times (x 82B)
Class com.google.common.collect.RegularImmutableMap$KeySet                            : loaded 2 times (x 150B)
Class org.gradle.internal.classloader.FilteringClassLoader                            : loaded 2 times (x 105B)
Class [Lcom.google.common.collect.MapMakerInternalMap$Segment;                        : loaded 2 times (x 69B)
Class com.google.common.io.FileWriteMode                                              : loaded 2 times (x 79B)
Class [Lcom.google.common.base.AbstractIterator$State;                                : loaded 2 times (x 69B)
Class com.google.common.base.CharMatcher$IsEither                                     : loaded 2 times (x 111B)
Class org.gradle.internal.classloader.ClassLoaderHierarchy                            : loaded 2 times (x 70B)
Class com.google.common.collect.AbstractMapBasedMultimap$WrappedCollection            : loaded 2 times (x 124B)
Class com.google.common.collect.ImmutableEnumSet                                      : loaded 2 times (x 146B)
Class com.google.common.util.concurrent.ExecutionError                                : loaded 2 times (x 82B)
Class com.google.common.collect.ImmutableList$1                                       : loaded 2 times (x 97B)
Class org.gradle.api.internal.classpath.ManifestUtil                                  : loaded 2 times (x 71B)
Class com.google.common.collect.RegularImmutableMap                                   : loaded 2 times (x 121B)
Class com.google.common.collect.ImmutableMap$MapViewOfValuesAsSingletonSets           : loaded 2 times (x 125B)
Class [Lorg.objectweb.asm.Symbol;                                                     : loaded 2 times (x 69B)
Class org.objectweb.asm.ClassVisitor                                                  : loaded 2 times (x 88B)
Class com.google.common.collect.UnmodifiableListIterator                              : loaded 2 times (x 95B)
Class com.google.common.collect.MapMakerInternalMap$StrongKeyDummyValueEntry$LinkedStrongKeyDummyValueEntry: loaded 2 times (x 82B)
Class com.google.common.collect.MapMakerInternalMap$Strength                          : loaded 2 times (x 80B)
Class org.objectweb.asm.MethodTooLargeException                                       : loaded 2 times (x 83B)
Class [Lcom.google.common.cache.CacheBuilder$OneWeigher;                              : loaded 2 times (x 69B)
Class com.google.common.base.Suppliers                                                : loaded 2 times (x 71B)
Class com.google.common.base.Platform$JdkPatternCompiler                              : loaded 2 times (x 75B)
Class org.gradle.internal.classloader.DefaultClassLoaderFactory                       : loaded 2 times (x 82B)
Class [Lcom.google.common.collect.AbstractIterator$State;                             : loaded 2 times (x 69B)
Class com.google.common.base.CharMatcher$None                                         : loaded 2 times (x 112B)
Class org.gradle.internal.classloader.ClassLoaderVisitor                              : loaded 2 times (x 76B)
Class [Lcom.google.common.collect.ImmutableMapEntry;                                  : loaded 2 times (x 69B)
Class org.gradle.api.internal.classpath.EffectiveClassPath                            : loaded 2 times (x 90B)
Class [Lorg.apache.commons.io.StandardLineSeparator;                                  : loaded 2 times (x 69B)
Class org.apache.commons.io.output.StringBuilderWriter                                : loaded 2 times (x 100B)
Class com.google.common.collect.ImmutableRangeSet                                     : loaded 2 times (x 115B)
Class com.google.common.collect.ImmutableEnumMap                                      : loaded 2 times (x 125B)
Class com.google.common.collect.ListMultimap                                          : loaded 2 times (x 70B)
Class com.google.common.collect.Iterators$EmptyModifiableIterator                     : loaded 2 times (x 86B)
Class com.google.common.collect.Sets$1                                                : loaded 2 times (x 139B)
Class org.objectweb.asm.AnnotationVisitor                                             : loaded 2 times (x 78B)
Class com.google.common.base.Splitter                                                 : loaded 2 times (x 72B)
Class org.gradle.api.internal.DefaultClassPathProvider                                : loaded 2 times (x 76B)
Class com.google.common.collect.MapMakerInternalMap$Strength$1                        : loaded 2 times (x 80B)
Class com.google.common.collect.Maps$ViewCachingAbstractMap                           : loaded 2 times (x 125B)
Class com.google.common.collect.Sets$2                                                : loaded 2 times (x 139B)
Class [Lorg.gradle.api.internal.ClassPathProvider;                                    : loaded 2 times (x 69B)
Class org.gradle.api.internal.ClassPathProvider                                       : loaded 2 times (x 70B)
Class com.google.common.collect.MapMakerInternalMap$Strength$2                        : loaded 2 times (x 80B)
Class [Lorg.objectweb.asm.AnnotationVisitor;                                          : loaded 2 times (x 69B)
Class com.google.common.collect.Sets$3                                                : loaded 2 times (x 139B)
Class com.google.common.cache.LocalCache$LocalLoadingCache                            : loaded 2 times (x 134B)
Class com.google.common.base.AbstractIterator$State                                   : loaded 2 times (x 79B)
Class org.gradle.internal.service.UnknownServiceException                             : loaded 2 times (x 83B)
Class com.google.common.collect.MapMakerInternalMap$StrongValueEntry                  : loaded 2 times (x 70B)
Class com.google.common.collect.Sets$4                                                : loaded 2 times (x 139B)
Class org.objectweb.asm.ModuleVisitor                                                 : loaded 2 times (x 81B)
Class com.google.common.cache.LocalCache$Strength$1                                   : loaded 2 times (x 81B)
Class org.apache.commons.io.output.QueueOutputStream                                  : loaded 2 times (x 87B)
Class com.google.common.util.concurrent.SettableFuture                                : loaded 2 times (x 114B)
Class com.google.common.cache.LocalCache$Strength$2                                   : loaded 2 times (x 81B)
Class com.google.common.collect.Interners$InternerImpl                                : loaded 2 times (x 75B)
Class com.google.common.collect.Interner                                              : loaded 2 times (x 70B)
Class com.google.common.cache.LocalCache$Strength$3                                   : loaded 2 times (x 81B)
Class com.google.common.collect.MapDifference                                         : loaded 2 times (x 70B)
Class com.google.common.base.Splitter$1                                               : loaded 2 times (x 77B)
Class com.google.common.collect.MapMaker$Dummy                                        : loaded 2 times (x 79B)
Class org.objectweb.asm.FieldWriter                                                   : loaded 2 times (x 78B)
Class com.google.common.cache.CacheBuilder$NullListener                               : loaded 2 times (x 82B)
Class org.gradle.internal.classpath.TransformedClassPath                              : loaded 2 times (x 96B)
Class org.gradle.internal.classloader.InstrumentingClassLoader                        : loaded 2 times (x 70B)
Class com.google.common.collect.ImmutableListMultimap                                 : loaded 2 times (x 176B)
Class org.apache.commons.io.output.UnsynchronizedByteArrayOutputStream                : loaded 2 times (x 102B)
Class com.google.common.collect.ImmutableRangeSet$AsSet                               : loaded 2 times (x 299B)
Class com.google.common.cache.CacheLoader$FunctionToCacheLoader                       : loaded 2 times (x 75B)
Class com.google.common.collect.Iterators$ArrayItr                                    : loaded 2 times (x 97B)
Class com.google.common.collect.ImmutableCollection$Builder                           : loaded 2 times (x 76B)
Class com.google.common.collect.EmptyImmutableListMultimap                            : loaded 2 times (x 176B)
Class com.google.common.collect.BaseImmutableMultimap                                 : loaded 2 times (x 123B)
Class org.apache.commons.io.output.ByteArrayOutputStream                              : loaded 2 times (x 102B)
Class com.google.common.base.Joiner                                                   : loaded 2 times (x 79B)
Class com.google.common.base.MoreObjects                                              : loaded 2 times (x 71B)
Class [Lorg.objectweb.asm.Type;                                                       : loaded 2 times (x 69B)
Class com.google.common.collect.Platform                                              : loaded 2 times (x 71B)
Class com.google.common.collect.UnmodifiableIterator                                  : loaded 2 times (x 80B)
Class org.gradle.internal.service.ServiceLocator                                      : loaded 2 times (x 70B)
Class com.google.common.base.Ascii                                                    : loaded 2 times (x 71B)
Class com.google.common.collect.SingletonImmutableBiMap                               : loaded 2 times (x 143B)
Class com.google.common.cache.LocalCache$1                                            : loaded 2 times (x 89B)
Class com.google.common.collect.AbstractMapEntry                                      : loaded 2 times (x 81B)
Class com.google.common.collect.MapMakerInternalMap$AbstractStrongKeyEntry            : loaded 2 times (x 80B)
Class com.google.common.collect.Sets$ImprovedAbstractSet                              : loaded 2 times (x 135B)
Class com.google.common.collect.ImmutableList$Builder                                 : loaded 2 times (x 77B)
Class com.google.common.cache.LocalCache$2                                            : loaded 2 times (x 142B)
Class com.google.common.collect.AbstractMultimap                                      : loaded 2 times (x 123B)
Class com.google.common.collect.ImmutableRangeSet$1                                   : loaded 2 times (x 209B)
Class com.google.common.collect.RegularImmutableAsList                                : loaded 2 times (x 216B)
Class com.google.common.base.Optional                                                 : loaded 2 times (x 80B)
Class com.google.common.collect.Range                                                 : loaded 2 times (x 87B)
Class com.google.common.util.concurrent.AbstractFuture$Trusted                        : loaded 2 times (x 70B)
Class com.google.common.collect.Iterators                                             : loaded 2 times (x 71B)
Class com.google.common.io.ByteSink$AsCharSink                                        : loaded 2 times (x 80B)
Class com.google.common.util.concurrent.UncheckedExecutionException                   : loaded 2 times (x 82B)
Class com.google.common.collect.Lists$StringAsImmutableList                           : loaded 2 times (x 207B)
Class org.gradle.internal.InternalTransformer                                         : loaded 2 times (x 70B)
Class com.google.common.collect.AbstractMapBasedMultimap$KeySet$1                     : loaded 2 times (x 82B)
Class org.objectweb.asm.ClassWriter                                                   : loaded 2 times (x 106B)
Class com.google.common.cache.CacheLoader$UnsupportedLoadingOperationException        : loaded 2 times (x 82B)
Class com.google.common.base.CharMatcher$And                                          : loaded 2 times (x 112B)
Class org.gradle.internal.classloader.ClasspathUtil$1                                 : loaded 2 times (x 76B)
Class com.google.common.collect.FluentIterable$1                                      : loaded 2 times (x 81B)
Class com.google.common.base.Objects                                                  : loaded 2 times (x 71B)
Class org.objectweb.asm.FieldVisitor                                                  : loaded 2 times (x 77B)
Class com.google.common.collect.IndexedImmutableSet                                   : loaded 2 times (x 150B)
Class com.google.common.collect.ImmutableMap$1                                        : loaded 2 times (x 81B)
Class com.google.common.collect.BiMap                                                 : loaded 2 times (x 70B)
Class org.gradle.api.internal.classpath.DefaultModuleRegistry$DefaultModule           : loaded 2 times (x 86B)
Class com.google.common.base.Absent                                                   : loaded 2 times (x 80B)
Class com.google.common.collect.FluentIterable$2                                      : loaded 2 times (x 81B)
Class com.google.common.primitives.Ints                                               : loaded 2 times (x 71B)
Class com.google.common.collect.AbstractIterator                                      : loaded 2 times (x 82B)
Class com.google.common.collect.FluentIterable$3                                      : loaded 2 times (x 81B)
Class com.google.common.math.MathPreconditions                                        : loaded 2 times (x 71B)
Class com.google.common.collect.Multiset                                              : loaded 2 times (x 70B)
Class com.google.common.collect.ArrayListMultimapGwtSerializationDependencies         : loaded 2 times (x 172B)
Class com.google.common.collect.ObjectArrays                                          : loaded 2 times (x 71B)
Class com.google.common.collect.AbstractIndexedListIterator                           : loaded 2 times (x 96B)
Class org.apache.commons.io.output.NullOutputStream                                   : loaded 2 times (x 85B)
Class com.google.common.collect.ImmutableMapEntrySet                                  : loaded 2 times (x 151B)
Class org.gradle.api.internal.classpath.Module                                        : loaded 2 times (x 70B)
Class com.google.common.cache.Weigher                                                 : loaded 2 times (x 70B)
Class org.gradle.api.internal.classpath.UnknownModuleException                        : loaded 2 times (x 82B)
Class com.google.common.base.Stopwatch                                                : loaded 2 times (x 72B)
Class com.google.common.cache.LocalCache$Strength                                     : loaded 2 times (x 81B)
Class com.google.common.cache.Cache                                                   : loaded 2 times (x 70B)
Class com.google.common.io.AppendableWriter                                           : loaded 2 times (x 100B)
Class com.google.common.util.concurrent.AbstractFuture$Cancellation                   : loaded 2 times (x 72B)
Class com.google.common.collect.ImmutableMap$Builder                                  : loaded 2 times (x 82B)
Class com.google.common.base.NullnessCasts                                            : loaded 2 times (x 71B)
Class com.google.common.base.Present                                                  : loaded 2 times (x 81B)
Class com.google.common.cache.RemovalListener                                         : loaded 2 times (x 70B)
Class org.gradle.api.internal.DefaultClassPathRegistry                                : loaded 2 times (x 76B)
Class com.google.common.collect.ImmutableMultimap$Keys                                : loaded 2 times (x 166B)
Class com.google.common.primitives.IntsMethodsForWeb                                  : loaded 2 times (x 71B)
Class com.google.common.collect.Multimap                                              : loaded 2 times (x 70B)
Class org.gradle.api.internal.ClassPathRegistry                                       : loaded 2 times (x 70B)
Class org.gradle.internal.classpath.DefaultClassPath$ImmutableUniqueList              : loaded 2 times (x 199B)
Class com.google.common.collect.NullnessCasts                                         : loaded 2 times (x 71B)
Class com.google.common.collect.MapMakerInternalMap$Segment                           : loaded 2 times (x 142B)
Class com.google.common.base.ExtraObjectsMethodsForWeb                                : loaded 2 times (x 71B)
Class org.apache.commons.io.IOUtils                                                   : loaded 2 times (x 71B)
Class com.google.common.io.LineReader                                                 : loaded 2 times (x 72B)
Class com.google.common.io.ByteSink                                                   : loaded 2 times (x 76B)
Class com.google.common.cache.CacheBuilder                                            : loaded 2 times (x 72B)
Class com.google.common.collect.SingletonImmutableList                                : loaded 2 times (x 207B)
Class Settings_gradle$1                                                               : loaded 2 times (x 74B)
Class ijKotlinCoroutineJvmDebugInit1_aj3jmgvm87k79hlbmm5hvy3mb$_run_closure1          : loaded 2 times (x 139B)
Class org.gradle.internal.classpath.ClassPath                                         : loaded 2 times (x 70B)
Class com.google.common.collect.Interners$InternerBuilder                             : loaded 2 times (x 76B)
Class com.google.common.io.Files$FileByteSource                                       : loaded 2 times (x 85B)
Class com.google.common.collect.ImmutableList$ReverseImmutableList                    : loaded 2 times (x 208B)
Class com.google.common.base.JdkPattern                                               : loaded 2 times (x 75B)
Class com.google.common.io.CharStreams$NullWriter                                     : loaded 2 times (x 99B)
Class org.objectweb.asm.SymbolTable$Entry                                             : loaded 2 times (x 74B)
Class org.objectweb.asm.Edge                                                          : loaded 2 times (x 72B)
Class com.google.common.base.Suppliers$SupplierOfInstance                             : loaded 2 times (x 79B)
Class com.google.common.collect.Iterators$1                                           : loaded 2 times (x 81B)
Class com.google.common.cache.LocalCache$ComputingValueReference                      : loaded 2 times (x 96B)
Class com.google.common.collect.SingletonImmutableSet                                 : loaded 2 times (x 146B)
Class com.google.common.collect.ImmutableMap$IteratorBasedImmutableMap                : loaded 2 times (x 125B)
Class com.google.common.cache.LocalCache$Segment                                      : loaded 2 times (x 154B)
Class com.google.common.collect.SortedIterable                                        : loaded 2 times (x 70B)
Class [Lorg.objectweb.asm.SymbolTable$Entry;                                          : loaded 2 times (x 69B)
Class com.google.common.cache.CacheLoader                                             : loaded 2 times (x 74B)
Class com.google.common.collect.Iterators$4                                           : loaded 2 times (x 82B)
Class com.google.common.collect.ImmutableBiMap                                        : loaded 2 times (x 143B)
Class com.google.common.collect.AbstractListMultimap                                  : loaded 2 times (x 172B)
Class ijJvmDebugger1_70rt90lugjcmqlq5nvrtvriq2                                        : loaded 2 times (x 171B)
Class org.gradle.internal.installation.GradleInstallation$1                           : loaded 2 times (x 75B)
Class org.gradle.api.internal.classpath.ModuleRegistry                                : loaded 2 times (x 70B)
Class org.apache.commons.io.output.NullWriter                                         : loaded 2 times (x 99B)
Class com.google.common.util.concurrent.internal.InternalFutureFailureAccess          : loaded 2 times (x 72B)
Class com.google.common.collect.Iterators$5                                           : loaded 2 times (x 82B)
Class com.google.common.collect.ImmutableSet$JdkBackedSetBuilderImpl                  : loaded 2 times (x 76B)
Class com.google.common.base.Splitter$SplittingIterator                               : loaded 2 times (x 84B)
Class com.google.common.collect.ImmutableMultimap$Values                              : loaded 2 times (x 126B)
Class com.google.common.cache.LocalCache$LocalManualCache$1                           : loaded 2 times (x 75B)
Class com.google.common.base.CharMatcher$ForPredicate                                 : loaded 2 times (x 112B)
Class com.google.common.collect.ImmutableCollection                                   : loaded 2 times (x 125B)
Class com.google.common.base.CharMatcher$AnyOf                                        : loaded 2 times (x 112B)
Class org.gradle.api.internal.classpath.DefaultModuleRegistry                         : loaded 2 times (x 86B)
Class com.google.common.util.concurrent.ListenableFuture                              : loaded 2 times (x 70B)
Class com.google.common.cache.ReferenceEntry                                          : loaded 2 times (x 70B)
Class com.google.common.collect.ImmutableSet$CachingAsList                            : loaded 2 times (x 147B)
Class com.google.common.base.Converter                                                : loaded 2 times (x 90B)
Class com.google.common.collect.Lists                                                 : loaded 2 times (x 71B)
Class com.google.common.util.concurrent.AbstractFuture                                : loaded 2 times (x 106B)
Class com.google.common.base.FunctionalEquivalence                                    : loaded 2 times (x 83B)
Class com.google.common.collect.Iterators$9                                           : loaded 2 times (x 81B)
Class com.google.common.collect.AbstractMapBasedMultimap                              : loaded 2 times (x 139B)
Class com.google.common.collect.ImmutableAsList                                       : loaded 2 times (x 209B)
Class com.google.common.io.CharStreams                                                : loaded 2 times (x 71B)
Class com.google.common.collect.ImmutableMultiset                                     : loaded 2 times (x 163B)
Class org.objectweb.asm.RecordComponentVisitor                                        : loaded 2 times (x 77B)
Class com.google.common.cache.CacheLoader$SupplierToCacheLoader                       : loaded 2 times (x 75B)
Class com.google.common.collect.Maps$EntryTransformer                                 : loaded 2 times (x 70B)
Class ijJvmDebugger1_70rt90lugjcmqlq5nvrtvriq2$_run_closure1$_closure2                : loaded 2 times (x 140B)
Class org.gradle.internal.service.ServiceLookupException                              : loaded 2 times (x 82B)
Class com.google.common.collect.ImmutableSortedSet                                    : loaded 2 times (x 299B)
Class [Lcom.google.common.cache.LocalCache$EntryFactory;                              : loaded 2 times (x 69B)
Class org.gradle.internal.classloader.ClassLoaderFactory                              : loaded 2 times (x 70B)
Class org.apache.commons.io.CloseableURLConnection                                    : loaded 2 times (x 117B)
Class com.google.common.cache.LocalCache$LocalManualCache                             : loaded 2 times (x 99B)
Class com.google.common.base.CharMatcher$IsNot                                        : loaded 2 times (x 111B)
Class com.google.common.base.CommonPattern                                            : loaded 2 times (x 74B)
Class org.gradle.internal.service.CachingServiceLocator                               : loaded 2 times (x 82B)
Class com.google.common.collect.AbstractMapBasedMultimap$KeySet                       : loaded 2 times (x 137B)
Class com.google.common.collect.RegularImmutableSortedSet                             : loaded 2 times (x 299B)
Class com.google.common.math.IntMath                                                  : loaded 2 times (x 71B)
Class com.google.common.collect.MapMakerInternalMap$InternalEntry                     : loaded 2 times (x 70B)
Class com.google.common.collect.ImmutableMapEntry                                     : loaded 2 times (x 85B)
Class com.google.common.collect.ImmutableMultimap                                     : loaded 2 times (x 147B)
Class com.google.common.base.Equivalence                                              : loaded 2 times (x 82B)
Class com.google.common.collect.ImmutableMapEntry$NonTerminalImmutableMapEntry        : loaded 2 times (x 85B)
Class com.google.common.base.Function                                                 : loaded 2 times (x 70B)
Class com.google.common.collect.IndexedImmutableSet$1                                 : loaded 2 times (x 212B)
Class org.apache.commons.io.output.AbstractByteArrayOutputStream                      : loaded 2 times (x 102B)
Class com.google.common.cache.CacheBuilder$OneWeigher                                 : loaded 2 times (x 82B)
Class com.google.common.collect.RegularImmutableList                                  : loaded 2 times (x 212B)
Class org.gradle.internal.classloader.ClasspathUtil                                   : loaded 2 times (x 71B)
Class com.google.common.util.concurrent.Uninterruptibles                              : loaded 2 times (x 71B)
Class com.google.common.collect.Maps                                                  : loaded 2 times (x 71B)
Class org.gradle.api.specs.Spec                                                       : loaded 2 times (x 70B)
Class com.google.common.collect.MapMaker                                              : loaded 2 times (x 72B)
Class [Lcom.google.common.collect.ImmutableEntry;                                     : loaded 2 times (x 69B)
Class com.google.common.cache.LocalCache$LoadingValueReference                        : loaded 2 times (x 96B)
Class com.google.common.collect.MapMakerInternalMap$StrongKeyDummyValueEntry          : loaded 2 times (x 82B)
Class com.google.common.io.LineReader$1                                               : loaded 2 times (x 75B)
Class com.google.common.collect.CollectSpliterators                                   : loaded 2 times (x 71B)
Class com.google.common.collect.AbstractMapBasedMultimap$AsMap                        : loaded 2 times (x 128B)
Class com.google.common.base.Platform                                                 : loaded 2 times (x 71B)
Class com.google.common.collect.AbstractMapBasedMultimap$WrappedList                  : loaded 2 times (x 205B)
Class [Lorg.objectweb.asm.AnnotationWriter;                                           : loaded 2 times (x 69B)
Class com.google.common.collect.Maps$8                                                : loaded 2 times (x 82B)
Class [Lcom.google.common.collect.Iterators$EmptyModifiableIterator;                  : loaded 2 times (x 69B)
Class com.google.common.collect.ImmutableRangeSet$Builder                             : loaded 2 times (x 77B)
Class com.google.common.collect.Sets$SetView                                          : loaded 2 times (x 138B)
Class com.google.common.cache.LocalCache$StrongValueReference                         : loaded 2 times (x 90B)
Class com.google.common.graph.SuccessorsFunction                                      : loaded 2 times (x 70B)
Class org.objectweb.asm.Type                                                          : loaded 2 times (x 72B)
Class org.gradle.internal.classloader.VisitableURLClassLoader$InstrumentingVisitableURLClassLoader: loaded 2 times (x 123B)
Class com.google.common.collect.MapMakerInternalMap$StrongKeyDummyValueEntry$Helper   : loaded 2 times (x 79B)
Class com.google.common.io.Files$FileByteSink                                         : loaded 2 times (x 77B)
Class org.objectweb.asm.ByteVector                                                    : loaded 2 times (x 79B)
Class [Lcom.google.common.cache.CacheBuilder$NullListener;                            : loaded 2 times (x 69B)
Class com.google.common.math.IntMath$1                                                : loaded 2 times (x 71B)
Class org.gradle.internal.classloader.VisitableURLClassLoader$Spec                    : loaded 2 times (x 74B)
Class org.gradle.internal.classpath.DefaultClassPath                                  : loaded 2 times (x 90B)
Class org.objectweb.asm.Symbol                                                        : loaded 2 times (x 73B)
Class com.google.common.base.AbstractIterator                                         : loaded 2 times (x 80B)
Class ijKotlinCoroutineJvmDebugInit1_aj3jmgvm87k79hlbmm5hvy3mb$_run_closure1$_closure2: loaded 2 times (x 139B)
Class com.google.common.io.Closer                                                     : loaded 2 times (x 78B)
Class com.google.common.io.Java8Compatibility                                         : loaded 2 times (x 71B)
Class com.google.common.collect.RegularImmutableMap$Values                            : loaded 2 times (x 207B)
Class com.google.common.collect.ImmutableSet                                          : loaded 2 times (x 145B)
Class com.google.common.base.CharMatcher$BitSetMatcher                                : loaded 2 times (x 112B)
Class org.gradle.internal.classloader.ClassLoaderSpec                                 : loaded 2 times (x 71B)
Class org.objectweb.asm.AnnotationWriter                                              : loaded 2 times (x 79B)
Class com.google.common.cache.CacheStats                                              : loaded 2 times (x 71B)
Class com.google.common.collect.Interners                                             : loaded 2 times (x 71B)
Class com.google.common.io.Closer$Suppressor                                          : loaded 2 times (x 70B)
Class com.google.common.io.LineProcessor                                              : loaded 2 times (x 70B)
Class com.google.common.collect.ImmutableMultisetGwtSerializationDependencies         : loaded 2 times (x 125B)
Class org.objectweb.asm.RecordComponentWriter                                         : loaded 2 times (x 78B)
Class com.google.common.util.concurrent.AbstractFuture$Listener                       : loaded 2 times (x 72B)
Class com.google.common.base.CharMatcher$Or                                           : loaded 2 times (x 112B)
Class Settings_gradle$1$1                                                             : loaded 2 times (x 74B)
Class org.objectweb.asm.Attribute                                                     : loaded 2 times (x 77B)
Class com.google.common.base.Supplier                                                 : loaded 2 times (x 70B)
Class org.gradle.internal.classloader.VisitableURLClassLoader                         : loaded 2 times (x 117B)
Class com.google.common.collect.ImmutableList$SerializedForm                          : loaded 2 times (x 73B)
Class Settings_gradle                                                                 : loaded 2 times (x 124B)
Class org.gradle.internal.Cast                                                        : loaded 2 times (x 71B)
Class org.gradle.api.Action                                                           : loaded 2 times (x 70B)
Class com.google.common.collect.MapMakerInternalMap                                   : loaded 2 times (x 161B)
Class com.google.common.collect.Sets                                                  : loaded 2 times (x 71B)
Class org.objectweb.asm.Handler                                                       : loaded 2 times (x 72B)
Class com.google.common.base.Ticker                                                   : loaded 2 times (x 72B)
Class com.google.common.base.Strings                                                  : loaded 2 times (x 71B)
Class com.google.common.base.CharMatcher$FastMatcher                                  : loaded 2 times (x 111B)
Class [Lcom.google.common.cache.LocalCache$Segment;                                   : loaded 2 times (x 69B)
Class [Lcom.google.common.cache.LocalCache$Strength;                                  : loaded 2 times (x 69B)
Class com.google.common.cache.CacheBuilder$1                                          : loaded 2 times (x 85B)
Class com.google.common.collect.ImmutableMap                                          : loaded 2 times (x 120B)
Class com.google.common.base.Predicate                                                : loaded 2 times (x 70B)
Class org.gradle.internal.classpath.DefaultClassPath$ImmutableUniqueList$Builder      : loaded 2 times (x 75B)
Class com.google.common.collect.MapMakerInternalMap$WeakValueReference                : loaded 2 times (x 70B)
Class com.google.common.collect.AbstractRangeSet                                      : loaded 2 times (x 114B)
Class com.google.common.cache.LocalCache                                              : loaded 2 times (x 187B)
Class com.google.common.cache.CacheBuilder$2                                          : loaded 2 times (x 72B)
Class com.google.common.base.CharMatcher$NegatedFastMatcher                           : loaded 2 times (x 113B)
Class [Lcom.google.common.collect.AbstractMapEntry;                                   : loaded 2 times (x 69B)
Class com.google.common.collect.ImmutableEntry                                        : loaded 2 times (x 82B)
Class com.google.common.collect.ArrayListMultimap                                     : loaded 2 times (x 172B)
Class ijKotlinCoroutineJvmDebugInit1_aj3jmgvm87k79hlbmm5hvy3mb                        : loaded 2 times (x 171B)
Class org.gradle.api.GradleException                                                  : loaded 2 times (x 82B)
Class com.google.common.base.Suppliers$MemoizingSupplier                              : loaded 2 times (x 79B)
Class org.apache.commons.io.StandardLineSeparator                                     : loaded 2 times (x 79B)
Class com.google.common.collect.CollectPreconditions                                  : loaded 2 times (x 71B)
Class [Lcom.google.common.collect.MapMakerInternalMap$Strength;                       : loaded 2 times (x 69B)
Class [Lcom.google.common.io.FileWriteMode;                                           : loaded 2 times (x 69B)
Class com.google.common.collect.SortedMapDifference                                   : loaded 2 times (x 70B)
Class com.google.common.collect.MapMakerInternalMap$StrongKeyDummyValueSegment        : loaded 2 times (x 142B)
Class com.google.common.collect.Iterables$4                                           : loaded 2 times (x 81B)
Class com.google.common.io.Files                                                      : loaded 2 times (x 71B)
Class com.google.common.cache.LocalCache$EntryFactory                                 : loaded 2 times (x 83B)
Class [Lcom.google.common.collect.MapMaker$Dummy;                                     : loaded 2 times (x 69B)
Class com.google.common.cache.LocalCache$AbstractReferenceEntry                       : loaded 2 times (x 107B)
Class com.google.common.base.CharMatcher$Whitespace                                   : loaded 2 times (x 112B)
Class org.gradle.internal.IoActions                                                   : loaded 2 times (x 71B)
Class com.google.common.collect.ImmutableMapKeySet                                    : loaded 2 times (x 150B)
Class com.google.common.collect.ImmutableRangeSet$ComplementRanges                    : loaded 2 times (x 207B)
Class org.objectweb.asm.SymbolTable                                                   : loaded 2 times (x 72B)
Class com.google.common.cache.CacheLoader$InvalidCacheLoadException                   : loaded 2 times (x 82B)
Class com.google.common.collect.ImmutableSet$RegularSetBuilderImpl                    : loaded 2 times (x 77B)
Class org.gradle.internal.classloader.SystemClassLoaderSpec                           : loaded 2 times (x 71B)
Class com.google.common.collect.FluentIterable                                        : loaded 2 times (x 81B)
Class com.google.common.cache.LocalCache$StrongEntry                                  : loaded 2 times (x 108B)
Class com.google.common.util.concurrent.AbstractFuture$TrustedFuture                  : loaded 2 times (x 114B)
Class com.google.common.cache.LoadingCache                                            : loaded 2 times (x 70B)
Class com.google.common.base.Suppliers$NonSerializableMemoizingSupplier               : loaded 2 times (x 79B)
Class org.objectweb.asm.MethodWriter                                                  : loaded 2 times (x 106B)
Class [Lcom.google.common.cache.Weigher;                                              : loaded 2 times (x 69B)
Class com.google.common.collect.RegularImmutableMap$BucketOverflowException           : loaded 2 times (x 82B)
Class com.google.common.collect.ImmutableMultimap$1                                   : loaded 2 times (x 82B)
Class com.google.common.collect.AbstractMapBasedMultimap$RandomAccessWrappedList      : loaded 2 times (x 205B)
Class com.google.common.collect.AbstractIterator$State                                : loaded 2 times (x 79B)
Class com.google.common.collect.ImmutableMultimap$2                                   : loaded 2 times (x 81B)
Class com.google.common.collect.RegularImmutableBiMap                                 : loaded 2 times (x 148B)
Class com.google.common.cache.LocalCache$ValueReference                               : loaded 2 times (x 70B)
Class com.google.common.base.CharMatcher$Negated                                      : loaded 2 times (x 113B)
Class com.google.common.base.CharMatcher$Is                                           : loaded 2 times (x 111B)
Class com.google.common.util.concurrent.AbstractFuture$Failure                        : loaded 2 times (x 72B)
Class com.google.common.base.Equivalence$Equals                                       : loaded 2 times (x 82B)
Class com.google.common.collect.Hashing                                               : loaded 2 times (x 71B)
Class com.google.common.base.PatternCompiler                                          : loaded 2 times (x 70B)
Class com.google.common.base.Preconditions                                            : loaded 2 times (x 71B)
Class com.google.common.io.CharSink                                                   : loaded 2 times (x 79B)
Class com.google.common.base.Joiner$1                                                 : loaded 2 times (x 80B)
Class org.objectweb.asm.Label                                                         : loaded 2 times (x 73B)
Class org.objectweb.asm.CurrentFrame                                                  : loaded 2 times (x 73B)
Class org.objectweb.asm.ClassTooLargeException                                        : loaded 2 times (x 83B)
Class com.google.common.collect.PeekingIterator                                       : loaded 2 times (x 70B)
Class com.google.common.base.CharMatcher                                              : loaded 2 times (x 111B)
Class com.google.common.collect.Table                                                 : loaded 2 times (x 70B)
Class com.google.common.collect.MapMakerInternalMap$InternalEntryHelper               : loaded 2 times (x 70B)
Class com.google.common.collect.RangeGwtSerializationDependencies                     : loaded 2 times (x 71B)
Class com.google.common.base.Joiner$2                                                 : loaded 2 times (x 79B)
Class org.objectweb.asm.Frame                                                         : loaded 2 times (x 73B)
Class org.objectweb.asm.MethodVisitor                                                 : loaded 2 times (x 105B)
Class com.google.common.cache.LocalCache$EntryFactory$1                               : loaded 2 times (x 83B)
Class [Lcom.google.common.cache.RemovalListener;                                      : loaded 2 times (x 69B)
Class com.google.common.base.CharMatcher$1                                            : loaded 2 times (x 113B)
Class com.google.common.base.CharMatcher$NamedFastMatcher                             : loaded 2 times (x 112B)
Class ijJvmDebugger1_70rt90lugjcmqlq5nvrtvriq2$_run_closure1                          : loaded 2 times (x 139B)
Class com.google.common.collect.RangeSet                                              : loaded 2 times (x 70B)
Class com.google.common.cache.LocalCache$EntryFactory$2                               : loaded 2 times (x 83B)
Class org.gradle.api.internal.classpath.GlobalCacheRootsProvider                      : loaded 2 times (x 70B)
Class com.google.common.collect.CollectCollectors                                     : loaded 2 times (x 71B)
Class org.objectweb.asm.ModuleWriter                                                  : loaded 2 times (x 82B)
Class com.google.common.cache.LocalCache$EntryFactory$3                               : loaded 2 times (x 83B)
Class com.google.common.base.Ticker$1                                                 : loaded 2 times (x 72B)
Class com.google.common.collect.ImmutableMapEntrySet$RegularEntrySet                  : loaded 2 times (x 151B)
Class com.google.common.collect.Maps$BiMapConverter                                   : loaded 2 times (x 90B)
Class com.google.common.collect.CollectSpliterators$1                                 : loaded 2 times (x 90B)
Class com.google.common.cache.LocalCache$EntryFactory$4                               : loaded 2 times (x 83B)
Class com.google.common.collect.ImmutableSet$Builder                                  : loaded 2 times (x 85B)
Class com.google.common.base.CharMatcher$InRange                                      : loaded 2 times (x 111B)
Class com.google.common.cache.LocalCache$EntryFactory$5                               : loaded 2 times (x 83B)
Class org.apache.commons.io.output.AppendableWriter                                   : loaded 2 times (x 100B)
Class com.google.common.cache.LocalCache$EntryFactory$6                               : loaded 2 times (x 83B)
Class org.gradle.internal.installation.CurrentGradleInstallationLocator               : loaded 2 times (x 71B)
Class com.google.common.collect.ImmutableMultimap$Builder                             : loaded 2 times (x 83B)
Class org.apache.commons.io.output.ThresholdingOutputStream                           : loaded 2 times (x 94B)
Class com.google.common.collect.Maps$KeySet                                           : loaded 2 times (x 137B)
Class com.google.common.cache.LocalCache$EntryFactory$7                               : loaded 2 times (x 83B)
Class com.google.common.collect.ImmutableSet$EmptySetBuilderImpl                      : loaded 2 times (x 76B)
Class com.google.common.collect.ImmutableList                                         : loaded 2 times (x 206B)
Class org.gradle.internal.service.DefaultServiceLocator                               : loaded 2 times (x 83B)
Class com.google.common.collect.ImmutableMultimap$EntryCollection                     : loaded 2 times (x 127B)
Class com.google.common.collect.Maps$EntrySet                                         : loaded 2 times (x 136B)
Class com.google.common.cache.LocalCache$EntryFactory$8                               : loaded 2 times (x 83B)
Class com.google.common.collect.ImmutableSet$SetBuilderImpl                           : loaded 2 times (x 76B)
Class org.gradle.internal.installation.CurrentGradleInstallation                      : loaded 2 times (x 73B)
Class com.google.common.cache.CacheLoader$1                                           : loaded 2 times (x 75B)
Class com.google.common.collect.ForwardingObject                                      : loaded 2 times (x 72B)
Class com.google.common.collect.ImmutableList$SubList                                 : loaded 2 times (x 208B)
Class org.gradle.util.internal.GUtil                                                  : loaded 2 times (x 71B)
Class com.google.common.io.ByteSource                                                 : loaded 2 times (x 84B)
Class com.google.common.cache.AbstractCache$StatsCounter                              : loaded 2 times (x 70B)
Class com.google.common.collect.MapMakerInternalMap$1                                 : loaded 2 times (x 83B)
Class com.google.common.io.LineBuffer                                                 : loaded 2 times (x 75B)
Class com.google.common.collect.Iterators$MergingIterator                             : loaded 2 times (x 81B)
Class com.google.common.collect.RegularImmutableSet                                   : loaded 2 times (x 148B)
Class org.gradle.internal.installation.GradleInstallation                             : loaded 2 times (x 75B)
Class com.google.common.collect.Iterables                                             : loaded 2 times (x 71B)
Class com.google.common.base.Splitter$Strategy                                        : loaded 2 times (x 70B)

---------------  S Y S T E M  ---------------

OS:
 Windows 11 , 64 bit Build 26100 (10.0.26100.8737)
OS uptime: 0 days 6:07 hours
Hyper-V role detected

CPU: total 12 (initial active 12) (6 cores per cpu, 2 threads per core) family 6 model 154 stepping 4 microcode 0x432, cx8, cmov, fxsr, ht, mmx, 3dnowpref, sse, sse2, sse3, ssse3, sse4.1, sse4.2, popcnt, lzcnt, tsc, tscinvbit, avx, avx2, aes, erms, clmul, bmi1, bmi2, adx, sha, fma, vzeroupper, clflush, clflushopt, clwb, hv, serialize, rdtscp, rdpid, fsrm, f16c, cet_ibt, cet_ss
Processor Information for processor 0
  Max Mhz: 1500, Current Mhz: 1500, Mhz Limit: 1500
Processor Information for processor 1
  Max Mhz: 1500, Current Mhz: 1500, Mhz Limit: 1500
Processor Information for processor 2
  Max Mhz: 1500, Current Mhz: 1500, Mhz Limit: 1500
Processor Information for processor 3
  Max Mhz: 1500, Current Mhz: 1500, Mhz Limit: 1500
Processor Information for processor 4
  Max Mhz: 1500, Current Mhz: 1100, Mhz Limit: 1095
Processor Information for processor 5
  Max Mhz: 1500, Current Mhz: 1100, Mhz Limit: 1095
Processor Information for processor 6
  Max Mhz: 1500, Current Mhz: 1100, Mhz Limit: 1095
Processor Information for processor 7
  Max Mhz: 1500, Current Mhz: 1100, Mhz Limit: 1095
Processor Information for processor 8
  Max Mhz: 1500, Current Mhz: 1100, Mhz Limit: 1095
Processor Information for processor 9
  Max Mhz: 1500, Current Mhz: 1100, Mhz Limit: 1095
Processor Information for processor 10
  Max Mhz: 1500, Current Mhz: 1100, Mhz Limit: 1095
Processor Information for processor 11
  Max Mhz: 1500, Current Mhz: 1100, Mhz Limit: 1095

Memory: 4k page, system-wide physical 7933M (584M free)
TotalPageFile size 20433M (AvailPageFile size 642M)
current process WorkingSet (physical memory assigned to process): 1338M, peak: 1367M
current process commit charge ("private bytes"): 1544M, peak: 2609M

vm_info: OpenJDK 64-Bit Server VM (21.0.9+-14649483-b1163.86) for windows-amd64 JRE (21.0.9+-14649483-b1163.86), built on 2025-12-30T22:08:35Z by "builder" with MS VC++ 16.10 / 16.11 (VS2019)

END.
