#
# There is insufficient memory for the Java Runtime Environment to continue.
# Native memory allocation (mmap) failed to map 1417674752 bytes. Error detail: G1 virtual space
# Possible reasons:
#   The system is out of physical RAM or swap space
#   This process is running with CompressedOops enabled, and the Java Heap may be blocking the growth of the native heap
# Possible solutions:
#   Reduce memory load on the system
#   Increase physical memory or swap space
#   Check if swap backing store is full
#   Decrease Java heap size (-Xmx/-Xms)
#   Decrease number of Java threads
#   Decrease Java thread stack sizes (-Xss)
#   Set larger code cache with -XX:ReservedCodeCacheSize=
#   JVM is running with Zero Based Compressed Oops mode in which the Java heap is
#     placed in the first 32GB address space. The Java Heap base address is the
#     maximum limit for the native heap growth. Please use -XX:HeapBaseMinAddress
#     to set the Java Heap base and to place the Java Heap above 32GB virtual address.
# This output file may be truncated or incomplete.
#
#  Out of Memory Error (os_windows.cpp:3925), pid=2300, tid=17276
#
# JRE version: OpenJDK Runtime Environment (21.0.9) (build 21.0.9+-14649483-b1163.86)
# Java VM: OpenJDK 64-Bit Server VM (21.0.9+-14649483-b1163.86, mixed mode, tiered, compressed oops, compressed class ptrs, g1 gc, windows-amd64)
# No core dump will be written. Minidumps are not enabled by default on client versions of Windows
#

---------------  S U M M A R Y ------------

Command Line: --add-opens=java.base/java.lang=ALL-UNNAMED --add-opens=java.base/java.lang.invoke=ALL-UNNAMED --add-opens=java.base/java.util=ALL-UNNAMED --add-opens=java.prefs/java.util.prefs=ALL-UNNAMED --add-exports=jdk.compiler/com.sun.tools.javac.api=ALL-UNNAMED --add-exports=jdk.compiler/com.sun.tools.javac.util=ALL-UNNAMED --add-opens=java.base/java.util=ALL-UNNAMED --add-opens=java.prefs/java.util.prefs=ALL-UNNAMED --add-opens=java.base/java.nio.charset=ALL-UNNAMED --add-opens=java.base/java.net=ALL-UNNAMED --add-opens=java.base/java.util.concurrent=ALL-UNNAMED --add-opens=java.base/java.util.concurrent.atomic=ALL-UNNAMED --add-opens=java.xml/javax.xml.namespace=ALL-UNNAMED --add-opens=java.base/java.time=ALL-UNNAMED -Xmx4096m -Dfile.encoding=UTF-8 -Duser.country=ID -Duser.language=en -Duser.variant -javaagent:C:\Users\anisa febrianti\.gradle\wrapper\dists\gradle-9.1.0-bin\9agqghryom9wkf8r80qlhnts3\gradle-9.1.0\lib\agents\gradle-instrumentation-agent-9.1.0.jar org.gradle.launcher.daemon.bootstrap.GradleDaemon 9.1.0

Host: 12th Gen Intel(R) Core(TM) i3-1220P, 12 cores, 7G,  Windows 11 , 64 bit Build 26100 (10.0.26100.8737)
Time: Thu Jul  9 20:40:32 2026 SE Asia Standard Time elapsed time: 2661.439906 seconds (0d 0h 44m 21s)

---------------  T H R E A D  ---------------

Current thread (0x000001e1a5af0a50):  VMThread "VM Thread"          [id=17276, stack(0x000000af59000000,0x000000af59100000) (1024K)]

Stack: [0x000000af59000000,0x000000af59100000]
Native frames: (J=compiled Java code, j=interpreted, Vv=VM code, C=native code)
V  [jvm.dll+0x6d6c99]
V  [jvm.dll+0x866b83]
V  [jvm.dll+0x86919e]
V  [jvm.dll+0x869883]
V  [jvm.dll+0x280776]
V  [jvm.dll+0x6d3555]
V  [jvm.dll+0x6c6bea]
V  [jvm.dll+0x3587fb]
V  [jvm.dll+0x360476]
V  [jvm.dll+0x3b2646]
V  [jvm.dll+0x3b2918]
V  [jvm.dll+0x32af0c]
V  [jvm.dll+0x32af97]
V  [jvm.dll+0x370e7c]
V  [jvm.dll+0x36f62e]
V  [jvm.dll+0x32a661]
V  [jvm.dll+0x36ed30]
V  [jvm.dll+0x86f608]
V  [jvm.dll+0x870984]
V  [jvm.dll+0x870ec0]
V  [jvm.dll+0x871153]
V  [jvm.dll+0x80f118]
V  [jvm.dll+0x6d54ed]
C  [ucrtbase.dll+0x2cd30]
C  [KERNEL32.DLL+0x2e957]
C  [ntdll.dll+0xaad6c]

VM_Operation (0x000000af5e5fd2a0): G1CollectForAllocation, mode: safepoint, requested by thread 0x000001e1b6b27ba0


---------------  P R O C E S S  ---------------

Threads class SMR info:
_java_thread_list=0x000001e1ae90b660, length=201, elements={
0x000001e18b671210, 0x000001e1a5b3ce80, 0x000001e1a5b50360, 0x000001e1a5b50dc0,
0x000001e1a5b64fd0, 0x000001e1a5b65a30, 0x000001e1a5b66490, 0x000001e1a5b66ef0,
0x000001e1a5b71480, 0x000001e1a5b92300, 0x000001e1a5e77330, 0x000001e1ab156a80,
0x000001e1ab2c95f0, 0x000001e1ac881eb0, 0x000001e1ac9221c0, 0x000001e1ac920780,
0x000001e1ac920e10, 0x000001e1ad29bc50, 0x000001e1ad29dd20, 0x000001e1acf5e770,
0x000001e1acf5e0e0, 0x000001e1acf5d3c0, 0x000001e1acf5cd30, 0x000001e1ad4bac60,
0x000001e1ad4ba5d0, 0x000001e1ad4bda50, 0x000001e1ad4bfb20, 0x000001e1ad4c1560,
0x000001e1ae89ad30, 0x000001e1b6b2b020, 0x000001e1b6b2c3d0, 0x000001e1b6b2f1c0,
0x000001e1b6b2f850, 0x000001e1b767f8e0, 0x000001e1bcd9cae0, 0x000001e1b6b26160,
0x000001e1b6b25440, 0x000001e1b6b288c0, 0x000001e1ad7814a0, 0x000001e1ad7821c0,
0x000001e1ad783570, 0x000001e1ad783c00, 0x000001e1ad782850, 0x000001e1ad784920,
0x000001e1ad784290, 0x000001e1ad781b30, 0x000001e1ba705d30, 0x000001e1ba707e00,
0x000001e1ba708490, 0x000001e1ba707770, 0x000001e1ba706a50, 0x000001e1ba7063c0,
0x000001e1ba705010, 0x000001e1ba7070e0, 0x000001e1b7acb4f0, 0x000001e1b7acc8a0,
0x000001e1b7acbb80, 0x000001e1b7accf30, 0x000001e1b7acd5c0, 0x000001e1b7acdc50,
0x000001e1b7aca7d0, 0x000001e1b7acae60, 0x000001e1b1475dd0, 0x000001e1b14750b0,
0x000001e1b1475740, 0x000001e1b1476460, 0x000001e1b6b27510, 0x000001e1b6b25ad0,
0x000001e1bcd9d170, 0x000001e1bcd9d800, 0x000001e1bcd9de90, 0x000001e1b0621f20,
0x000001e1b06232d0, 0x000001e1b0623ff0, 0x000001e1b0624680, 0x000001e1b0624d10,
0x000001e1b06253a0, 0x000001e1b1472fe0, 0x000001e1b1473670, 0x000001e1b6b2a990,
0x000001e1b6b28230, 0x000001e1b6b27ba0, 0x000001e1b6b2b6b0, 0x000001e1b6b2bd40,
0x000001e1b6b29c70, 0x000001e1b6b2ca60, 0x000001e1b6b295e0, 0x000001e1b6b30570,
0x000001e1b6b2fee0, 0x000001e1b6b2d0f0, 0x000001e1b06225b0, 0x000001e1afb7af60,
0x000001e1afb7bc80, 0x000001e1afb7d6c0, 0x000001e1b6b30c00, 0x000001e1b6b2e4a0,
0x000001e1b0f875b0, 0x000001e1b0f88ff0, 0x000001e1b0f882d0, 0x000001e1afb7c9a0,
0x000001e1afb7c310, 0x000001e1afb7d030, 0x000001e1afb7a240, 0x000001e1afb7a8d0,
0x000001e1afb7b5f0, 0x000001e1b60b6780, 0x000001e1b0f89680, 0x000001e1b0f89d10,
0x000001e1b737fed0, 0x000001e1b737f1b0, 0x000001e1b737f840, 0x000001e1b7380560,
0x000001e1b7381fa0, 0x000001e1b7381280, 0x000001e1b7380bf0, 0x000001e1b7381910,
0x000001e1b737eb20, 0x000001e1b05e0380, 0x000001e1b05e10a0, 0x000001e1b05e1dc0,
0x000001e1bb31d300, 0x000001e1bb31a510, 0x000001e1bb31b230, 0x000001e1bb31bf50,
0x000001e1bb31aba0, 0x000001e1bb31cc70, 0x000001e1bb31b8c0, 0x000001e1bb31c5e0,
0x000001e1b0b10e10, 0x000001e1b6b267f0, 0x000001e1b6b26e80, 0x000001e1b6b2d780,
0x000001e1b6b31290, 0x000001e1b6b2eb30, 0x000001e1b6b2de10, 0x000001e1b6b33360,
0x000001e1b652c810, 0x000001e1b652add0, 0x000001e1b6529a20, 0x000001e1bcd9ebb0,
0x000001e1b767ff70, 0x000001e1bcd9f240, 0x000001e1bcd9f8d0, 0x000001e1bcd9c450,
0x000001e1b0ab5910, 0x000001e1b0ab6630, 0x000001e1b0ab8d90, 0x000001e1b0ab8700,
0x000001e1b0ab5fa0, 0x000001e1b0ab6cc0, 0x000001e1b0ab7350, 0x000001e1b0ab79e0,
0x000001e1b06265c0, 0x000001e1b06293b0, 0x000001e1b0627970, 0x000001e1b0628d20,
0x000001e1b0626c50, 0x000001e1bc316430, 0x000001e1bc312fb0, 0x000001e1bc313640,
0x000001e1bc314360, 0x000001e1bc313cd0, 0x000001e1b66e71c0, 0x000001e1b652cea0,
0x000001e1b652baf0, 0x000001e1b652a0b0, 0x000001e1b652a740, 0x000001e1b652c180,
0x000001e1bb319e80, 0x000001e1b05e2450, 0x000001e1b05e0a10, 0x000001e1b05e3170,
0x000001e1b05e2ae0, 0x000001e1bc1d4660, 0x000001e1bc1d1870, 0x000001e1bc1d4cf0,
0x000001e1bc1d32b0, 0x000001e1bc793db0, 0x000001e1bc794440, 0x000001e1bbda9cc0,
0x000001e1bbdab070, 0x000001e1bbdacab0, 0x000001e1bbdaa350, 0x000001e1bbdab700,
0x000001e1bbdaa9e0, 0x000001e1b1473d00, 0x000001e1b1474390, 0x000001e1bbdabd90,
0x000001e1bbdac420, 0x000001e1bbdad140, 0x000001e1af344200, 0x000001e1af344890,
0x000001e1ab096c40, 0x000001e1ab098680, 0x000001e1b0b0fa60, 0x000001e1b0b100f0,
0x000001e1ab097960, 0x000001e1b75e3b90, 0x000001e1b75e4220, 0x000001e1b0b10780,
0x000001e1b0b0e6b0
}

Java Threads: ( => current thread )
  0x000001e18b671210 JavaThread "main"                              [_thread_blocked, id=9276, stack(0x000000af58900000,0x000000af58a00000) (1024K)]
  0x000001e1a5b3ce80 JavaThread "Common-Cleaner"             daemon [_thread_blocked, id=11924, stack(0x000000af59100000,0x000000af59200000) (1024K)]
  0x000001e1a5b50360 JavaThread "Reference Handler"          daemon [_thread_blocked, id=18444, stack(0x000000af59200000,0x000000af59300000) (1024K)]
  0x000001e1a5b50dc0 JavaThread "Finalizer"                  daemon [_thread_blocked, id=21068, stack(0x000000af59300000,0x000000af59400000) (1024K)]
  0x000001e1a5b64fd0 JavaThread "Signal Dispatcher"          daemon [_thread_blocked, id=18324, stack(0x000000af59400000,0x000000af59500000) (1024K)]
  0x000001e1a5b65a30 JavaThread "Attach Listener"            daemon [_thread_blocked, id=5380, stack(0x000000af59500000,0x000000af59600000) (1024K)]
  0x000001e1a5b66490 JavaThread "Service Thread"             daemon [_thread_blocked, id=19672, stack(0x000000af59600000,0x000000af59700000) (1024K)]
  0x000001e1a5b66ef0 JavaThread "Monitor Deflation Thread"   daemon [_thread_blocked, id=19580, stack(0x000000af59700000,0x000000af59800000) (1024K)]
  0x000001e1a5b71480 JavaThread "C2 CompilerThread0"         daemon [_thread_blocked, id=7984, stack(0x000000af59800000,0x000000af59900000) (1024K)]
  0x000001e1a5b92300 JavaThread "C1 CompilerThread0"         daemon [_thread_blocked, id=9564, stack(0x000000af59900000,0x000000af59a00000) (1024K)]
  0x000001e1a5e77330 JavaThread "Notification Thread"        daemon [_thread_blocked, id=7748, stack(0x000000af59a00000,0x000000af59b00000) (1024K)]
  0x000001e1ab156a80 JavaThread "Daemon health stats"               [_thread_blocked, id=19492, stack(0x000000af59e00000,0x000000af59f00000) (1024K)]
  0x000001e1ab2c95f0 JavaThread "Incoming local TCP Connector on port 59316"        [_thread_in_native, id=13220, stack(0x000000af5a100000,0x000000af5a200000) (1024K)]
  0x000001e1ac881eb0 JavaThread "Daemon periodic checks"            [_thread_blocked, id=10064, stack(0x000000af5a200000,0x000000af5a300000) (1024K)]
  0x000001e1ac9221c0 JavaThread "Cache worker for journal cache (C:\Users\anisa febrianti\.gradle\caches\journal-1)"        [_thread_blocked, id=12724, stack(0x000000af5b000000,0x000000af5b100000) (1024K)]
  0x000001e1ac920780 JavaThread "File lock request listener"        [_thread_in_native, id=12120, stack(0x000000af5b200000,0x000000af5b300000) (1024K)]
  0x000001e1ac920e10 JavaThread "Cache worker for file hash cache (C:\Users\anisa febrianti\.gradle\caches\9.1.0\fileHashes)"        [_thread_blocked, id=14204, stack(0x000000af5b300000,0x000000af5b400000) (1024K)]
  0x000001e1ad29bc50 JavaThread "File watcher server"        daemon [_thread_blocked, id=19828, stack(0x000000af5b600000,0x000000af5b700000) (1024K)]
  0x000001e1ad29dd20 JavaThread "File watcher consumer"      daemon [_thread_blocked, id=15588, stack(0x000000af5b700000,0x000000af5b800000) (1024K)]
  0x000001e1acf5e770 JavaThread "Cache worker for file content cache (C:\Users\anisa febrianti\.gradle\caches\9.1.0\fileContent)"        [_thread_blocked, id=2444, stack(0x000000af5b900000,0x000000af5ba00000) (1024K)]
  0x000001e1acf5e0e0 JavaThread "jar transforms"                    [_thread_blocked, id=1712, stack(0x000000af5bc00000,0x000000af5bd00000) (1024K)]
  0x000001e1acf5d3c0 JavaThread "jar transforms Thread 2"           [_thread_blocked, id=13464, stack(0x000000af5bd00000,0x000000af5be00000) (1024K)]
  0x000001e1acf5cd30 JavaThread "jar transforms Thread 3"           [_thread_blocked, id=7668, stack(0x000000af5be00000,0x000000af5bf00000) (1024K)]
  0x000001e1ad4bac60 JavaThread "jar transforms Thread 4"           [_thread_blocked, id=12072, stack(0x000000af5d200000,0x000000af5d300000) (1024K)]
  0x000001e1ad4ba5d0 JavaThread "jar transforms Thread 5"           [_thread_blocked, id=15540, stack(0x000000af5d300000,0x000000af5d400000) (1024K)]
  0x000001e1ad4bda50 JavaThread "jar transforms Thread 6"           [_thread_blocked, id=19600, stack(0x000000af5de00000,0x000000af5df00000) (1024K)]
  0x000001e1ad4bfb20 JavaThread "jar transforms Thread 7"           [_thread_blocked, id=19788, stack(0x000000af5df00000,0x000000af5e000000) (1024K)]
  0x000001e1ad4c1560 JavaThread "jar transforms Thread 8"           [_thread_blocked, id=16768, stack(0x000000af5e000000,0x000000af5e100000) (1024K)]
  0x000001e1ae89ad30 JavaThread "Memory manager"                    [_thread_blocked, id=17184, stack(0x000000af60800000,0x000000af60900000) (1024K)]
  0x000001e1b6b2b020 JavaThread "RMI Scheduler(0)"           daemon [_thread_blocked, id=1476, stack(0x000000af66400000,0x000000af66500000) (1024K)]
  0x000001e1b6b2c3d0 JavaThread "RMI GC Daemon"              daemon [_thread_blocked, id=1156, stack(0x000000af66600000,0x000000af66700000) (1024K)]
  0x000001e1b6b2f1c0 JavaThread "RMI TCP Accept-0"           daemon [_thread_in_native, id=376, stack(0x000000af66700000,0x000000af66800000) (1024K)]
  0x000001e1b6b2f850 JavaThread "RMI Reaper"                        [_thread_blocked, id=16844, stack(0x000000af66800000,0x000000af66900000) (1024K)]
  0x000001e1b767f8e0 JavaThread "Cache worker for Java compile cache (C:\Users\anisa febrianti\.gradle\caches\9.1.0\javaCompile)"        [_thread_blocked, id=4776, stack(0x000000af58700000,0x000000af58800000) (1024K)]
  0x000001e1bcd9cae0 JavaThread "Daemon Thread 3"                   [_thread_blocked, id=20112, stack(0x000000af58600000,0x000000af58700000) (1024K)]
  0x000001e1b6b26160 JavaThread "Handler for socket connection from /127.0.0.1:59316 to /127.0.0.1:62518"        [_thread_in_native, id=21084, stack(0x000000af58800000,0x000000af58900000) (1024K)]
  0x000001e1b6b25440 JavaThread "Cancel handler"                    [_thread_blocked, id=19712, stack(0x000000af59b00000,0x000000af59c00000) (1024K)]
  0x000001e1b6b288c0 JavaThread "Daemon worker Thread 3"            [_thread_blocked, id=6248, stack(0x000000af5a300000,0x000000af5a400000) (1024K)]
  0x000001e1ad7814a0 JavaThread "Asynchronous log dispatcher for DefaultDaemonConnection: socket connection from /127.0.0.1:59316 to /127.0.0.1:62518"        [_thread_blocked, id=9796, stack(0x000000af5a400000,0x000000af5a500000) (1024K)]
  0x000001e1ad7821c0 JavaThread "Stdin handler"                     [_thread_blocked, id=1868, stack(0x000000af5a500000,0x000000af5a600000) (1024K)]
  0x000001e1ad783570 JavaThread "Daemon client event forwarder"        [_thread_blocked, id=20308, stack(0x000000af5a600000,0x000000af5a700000) (1024K)]
  0x000001e1ad783c00 JavaThread "Cache worker for file hash cache (D:\project_uts_mobile\.gradle\9.1.0\fileHashes)"        [_thread_blocked, id=11592, stack(0x000000af5a700000,0x000000af5a800000) (1024K)]
  0x000001e1ad782850 JavaThread "Cache worker for Build Output Cleanup Cache (D:\project_uts_mobile\.gradle\buildOutputCleanup)"        [_thread_blocked, id=13340, stack(0x000000af5a800000,0x000000af5a900000) (1024K)]
  0x000001e1ad784920 JavaThread "Cache worker for checksums cache (D:\project_uts_mobile\.gradle\9.1.0\checksums)"        [_thread_blocked, id=10468, stack(0x000000af5b100000,0x000000af5b200000) (1024K)]
  0x000001e1ad784290 JavaThread "Cache worker for cache directory md-supplier (C:\Users\anisa febrianti\.gradle\caches\9.1.0\md-supplier)"        [_thread_blocked, id=17004, stack(0x000000af5b400000,0x000000af5b500000) (1024K)]
  0x000001e1ad781b30 JavaThread "Cache worker for cache directory md-rule (C:\Users\anisa febrianti\.gradle\caches\9.1.0\md-rule)"        [_thread_blocked, id=5336, stack(0x000000af5b500000,0x000000af5b600000) (1024K)]
  0x000001e1ba705d30 JavaThread "Unconstrained build operations"        [_thread_blocked, id=17040, stack(0x000000af5b800000,0x000000af5b900000) (1024K)]
  0x000001e1ba707e00 JavaThread "Unconstrained build operations Thread 2"        [_thread_blocked, id=11572, stack(0x000000af5ba00000,0x000000af5bb00000) (1024K)]
  0x000001e1ba708490 JavaThread "Unconstrained build operations Thread 3"        [_thread_blocked, id=4432, stack(0x000000af5bb00000,0x000000af5bc00000) (1024K)]
  0x000001e1ba707770 JavaThread "Unconstrained build operations Thread 4"        [_thread_blocked, id=21040, stack(0x000000af5bf00000,0x000000af5c000000) (1024K)]
  0x000001e1ba706a50 JavaThread "Unconstrained build operations Thread 5"        [_thread_blocked, id=20724, stack(0x000000af5c000000,0x000000af5c100000) (1024K)]
  0x000001e1ba7063c0 JavaThread "Unconstrained build operations Thread 6"        [_thread_blocked, id=15424, stack(0x000000af5c100000,0x000000af5c200000) (1024K)]
  0x000001e1ba705010 JavaThread "Unconstrained build operations Thread 7"        [_thread_blocked, id=9356, stack(0x000000af5c200000,0x000000af5c300000) (1024K)]
  0x000001e1ba7070e0 JavaThread "Unconstrained build operations Thread 8"        [_thread_blocked, id=6464, stack(0x000000af5c300000,0x000000af5c400000) (1024K)]
  0x000001e1b7acb4f0 JavaThread "Unconstrained build operations Thread 9"        [_thread_blocked, id=11240, stack(0x000000af5c400000,0x000000af5c500000) (1024K)]
  0x000001e1b7acc8a0 JavaThread "Unconstrained build operations Thread 10"        [_thread_blocked, id=15676, stack(0x000000af5c500000,0x000000af5c600000) (1024K)]
  0x000001e1b7acbb80 JavaThread "Unconstrained build operations Thread 11"        [_thread_blocked, id=2460, stack(0x000000af5c600000,0x000000af5c700000) (1024K)]
  0x000001e1b7accf30 JavaThread "Unconstrained build operations Thread 12"        [_thread_blocked, id=18472, stack(0x000000af5c700000,0x000000af5c800000) (1024K)]
  0x000001e1b7acd5c0 JavaThread "Unconstrained build operations Thread 13"        [_thread_blocked, id=5908, stack(0x000000af5c800000,0x000000af5c900000) (1024K)]
  0x000001e1b7acdc50 JavaThread "Unconstrained build operations Thread 14"        [_thread_blocked, id=15652, stack(0x000000af5c900000,0x000000af5ca00000) (1024K)]
  0x000001e1b7aca7d0 JavaThread "Unconstrained build operations Thread 15"        [_thread_blocked, id=9924, stack(0x000000af5ca00000,0x000000af5cb00000) (1024K)]
  0x000001e1b7acae60 JavaThread "Unconstrained build operations Thread 16"        [_thread_blocked, id=16792, stack(0x000000af5cb00000,0x000000af5cc00000) (1024K)]
  0x000001e1b1475dd0 JavaThread "Unconstrained build operations Thread 17"        [_thread_blocked, id=10312, stack(0x000000af5cc00000,0x000000af5cd00000) (1024K)]
  0x000001e1b14750b0 JavaThread "Unconstrained build operations Thread 18"        [_thread_blocked, id=9516, stack(0x000000af5cd00000,0x000000af5ce00000) (1024K)]
  0x000001e1b1475740 JavaThread "Unconstrained build operations Thread 19"        [_thread_blocked, id=18604, stack(0x000000af5ce00000,0x000000af5cf00000) (1024K)]
  0x000001e1b1476460 JavaThread "Unconstrained build operations Thread 20"        [_thread_blocked, id=5576, stack(0x000000af5cf00000,0x000000af5d000000) (1024K)]
  0x000001e1b6b27510 JavaThread "Unconstrained build operations Thread 21"        [_thread_blocked, id=18244, stack(0x000000af5d000000,0x000000af5d100000) (1024K)]
  0x000001e1b6b25ad0 JavaThread "Unconstrained build operations Thread 22"        [_thread_blocked, id=6596, stack(0x000000af5d100000,0x000000af5d200000) (1024K)]
  0x000001e1bcd9d170 JavaThread "Unconstrained build operations Thread 23"        [_thread_blocked, id=1272, stack(0x000000af5d500000,0x000000af5d600000) (1024K)]
  0x000001e1bcd9d800 JavaThread "Unconstrained build operations Thread 24"        [_thread_blocked, id=11704, stack(0x000000af5d600000,0x000000af5d700000) (1024K)]
  0x000001e1bcd9de90 JavaThread "Unconstrained build operations Thread 25"        [_thread_blocked, id=10372, stack(0x000000af5d700000,0x000000af5d800000) (1024K)]
  0x000001e1b0621f20 JavaThread "Unconstrained build operations Thread 26"        [_thread_blocked, id=9024, stack(0x000000af5d800000,0x000000af5d900000) (1024K)]
  0x000001e1b06232d0 JavaThread "Unconstrained build operations Thread 27"        [_thread_blocked, id=21180, stack(0x000000af5d900000,0x000000af5da00000) (1024K)]
  0x000001e1b0623ff0 JavaThread "Unconstrained build operations Thread 28"        [_thread_blocked, id=20416, stack(0x000000af5da00000,0x000000af5db00000) (1024K)]
  0x000001e1b0624680 JavaThread "Unconstrained build operations Thread 29"        [_thread_blocked, id=12008, stack(0x000000af5db00000,0x000000af5dc00000) (1024K)]
  0x000001e1b0624d10 JavaThread "Unconstrained build operations Thread 30"        [_thread_blocked, id=8512, stack(0x000000af5dc00000,0x000000af5dd00000) (1024K)]
  0x000001e1b06253a0 JavaThread "Unconstrained build operations Thread 31"        [_thread_blocked, id=21244, stack(0x000000af5dd00000,0x000000af5de00000) (1024K)]
  0x000001e1b1472fe0 JavaThread "Unconstrained build operations Thread 32"        [_thread_blocked, id=18684, stack(0x000000af5e100000,0x000000af5e200000) (1024K)]
  0x000001e1b1473670 JavaThread "Unconstrained build operations Thread 33"        [_thread_blocked, id=20156, stack(0x000000af5e200000,0x000000af5e300000) (1024K)]
  0x000001e1b6b2a990 JavaThread "Unconstrained build operations Thread 34"        [_thread_blocked, id=6780, stack(0x000000af5e300000,0x000000af5e400000) (1024K)]
  0x000001e1b6b28230 JavaThread "Unconstrained build operations Thread 35"        [_thread_blocked, id=6688, stack(0x000000af5e400000,0x000000af5e500000) (1024K)]
  0x000001e1b6b27ba0 JavaThread "Unconstrained build operations Thread 36"        [_thread_blocked, id=20348, stack(0x000000af5e500000,0x000000af5e600000) (1024K)]
  0x000001e1b6b2b6b0 JavaThread "Unconstrained build operations Thread 37"        [_thread_blocked, id=13444, stack(0x000000af5e600000,0x000000af5e700000) (1024K)]
  0x000001e1b6b2bd40 JavaThread "Unconstrained build operations Thread 38"        [_thread_blocked, id=18416, stack(0x000000af5e700000,0x000000af5e800000) (1024K)]
  0x000001e1b6b29c70 JavaThread "Unconstrained build operations Thread 39"        [_thread_blocked, id=13008, stack(0x000000af5e800000,0x000000af5e900000) (1024K)]
  0x000001e1b6b2ca60 JavaThread "Unconstrained build operations Thread 40"        [_thread_blocked, id=16544, stack(0x000000af5e900000,0x000000af5ea00000) (1024K)]
  0x000001e1b6b295e0 JavaThread "Unconstrained build operations Thread 41"        [_thread_blocked, id=13368, stack(0x000000af5ea00000,0x000000af5eb00000) (1024K)]
  0x000001e1b6b30570 JavaThread "Unconstrained build operations Thread 42"        [_thread_blocked, id=10688, stack(0x000000af5eb00000,0x000000af5ec00000) (1024K)]
  0x000001e1b6b2fee0 JavaThread "Unconstrained build operations Thread 43"        [_thread_blocked, id=6276, stack(0x000000af5ec00000,0x000000af5ed00000) (1024K)]
  0x000001e1b6b2d0f0 JavaThread "Unconstrained build operations Thread 44"        [_thread_blocked, id=12380, stack(0x000000af5ed00000,0x000000af5ee00000) (1024K)]
  0x000001e1b06225b0 JavaThread "Problems report writer"            [_thread_blocked, id=17228, stack(0x000000af5ee00000,0x000000af5ef00000) (1024K)]
  0x000001e1afb7af60 JavaThread "build event listener"              [_thread_blocked, id=7424, stack(0x000000af5ef00000,0x000000af5f000000) (1024K)]
  0x000001e1afb7bc80 JavaThread "build event listener"              [_thread_blocked, id=8260, stack(0x000000af5f000000,0x000000af5f100000) (1024K)]
  0x000001e1afb7d6c0 JavaThread "included builds"                   [_thread_blocked, id=11504, stack(0x000000af5f200000,0x000000af5f300000) (1024K)]
  0x000001e1b6b30c00 JavaThread "Execution worker"                  [_thread_blocked, id=10096, stack(0x000000af5f300000,0x000000af5f400000) (1024K)]
  0x000001e1b6b2e4a0 JavaThread "Execution worker Thread 2"         [_thread_blocked, id=11348, stack(0x000000af5f400000,0x000000af5f500000) (1024K)]
  0x000001e1b0f875b0 JavaThread "Execution worker Thread 3"         [_thread_blocked, id=16676, stack(0x000000af5f500000,0x000000af5f600000) (1024K)]
  0x000001e1b0f88ff0 JavaThread "Execution worker Thread 4"         [_thread_blocked, id=9104, stack(0x000000af5f600000,0x000000af5f700000) (1024K)]
  0x000001e1b0f882d0 JavaThread "Execution worker Thread 5"         [_thread_blocked, id=20100, stack(0x000000af5f700000,0x000000af5f800000) (1024K)]
  0x000001e1afb7c9a0 JavaThread "Execution worker Thread 6"         [_thread_blocked, id=15180, stack(0x000000af5f800000,0x000000af5f900000) (1024K)]
  0x000001e1afb7c310 JavaThread "Execution worker Thread 7"         [_thread_blocked, id=4972, stack(0x000000af5f900000,0x000000af5fa00000) (1024K)]
  0x000001e1afb7d030 JavaThread "Execution worker Thread 8"         [_thread_blocked, id=11652, stack(0x000000af5fa00000,0x000000af5fb00000) (1024K)]
  0x000001e1afb7a240 JavaThread "Execution worker Thread 9"         [_thread_blocked, id=20560, stack(0x000000af5fb00000,0x000000af5fc00000) (1024K)]
  0x000001e1afb7a8d0 JavaThread "Execution worker Thread 10"        [_thread_blocked, id=16516, stack(0x000000af5fc00000,0x000000af5fd00000) (1024K)]
  0x000001e1afb7b5f0 JavaThread "Execution worker Thread 11"        [_thread_blocked, id=6600, stack(0x000000af5fd00000,0x000000af5fe00000) (1024K)]
  0x000001e1b60b6780 JavaThread "Cache worker for execution history cache (D:\project_uts_mobile\.gradle\9.1.0\executionHistory)"        [_thread_blocked, id=2748, stack(0x000000af5fe00000,0x000000af5ff00000) (1024K)]
  0x000001e1b0f89680 JavaThread "Unconstrained build operations Thread 45"        [_thread_blocked, id=7508, stack(0x000000af5f100000,0x000000af5f200000) (1024K)]
  0x000001e1b0f89d10 JavaThread "Unconstrained build operations Thread 46"        [_thread_blocked, id=20292, stack(0x000000af5ff00000,0x000000af60000000) (1024K)]
  0x000001e1b737fed0 JavaThread "Unconstrained build operations Thread 47"        [_thread_blocked, id=5616, stack(0x000000af60000000,0x000000af60100000) (1024K)]
  0x000001e1b737f1b0 JavaThread "Unconstrained build operations Thread 48"        [_thread_blocked, id=6352, stack(0x000000af60100000,0x000000af60200000) (1024K)]
  0x000001e1b737f840 JavaThread "Unconstrained build operations Thread 49"        [_thread_blocked, id=20852, stack(0x000000af60200000,0x000000af60300000) (1024K)]
  0x000001e1b7380560 JavaThread "Unconstrained build operations Thread 50"        [_thread_blocked, id=4680, stack(0x000000af60300000,0x000000af60400000) (1024K)]
  0x000001e1b7381fa0 JavaThread "Unconstrained build operations Thread 51"        [_thread_blocked, id=16872, stack(0x000000af60400000,0x000000af60500000) (1024K)]
  0x000001e1b7381280 JavaThread "Unconstrained build operations Thread 52"        [_thread_blocked, id=12948, stack(0x000000af60500000,0x000000af60600000) (1024K)]
  0x000001e1b7380bf0 JavaThread "Unconstrained build operations Thread 53"        [_thread_blocked, id=5488, stack(0x000000af60600000,0x000000af60700000) (1024K)]
  0x000001e1b7381910 JavaThread "Unconstrained build operations Thread 54"        [_thread_blocked, id=19276, stack(0x000000af60700000,0x000000af60800000) (1024K)]
  0x000001e1b737eb20 JavaThread "Unconstrained build operations Thread 55"        [_thread_blocked, id=5352, stack(0x000000af60900000,0x000000af60a00000) (1024K)]
  0x000001e1b05e0380 JavaThread "Unconstrained build operations Thread 56"        [_thread_blocked, id=14792, stack(0x000000af60a00000,0x000000af60b00000) (1024K)]
  0x000001e1b05e10a0 JavaThread "Unconstrained build operations Thread 57"        [_thread_blocked, id=7764, stack(0x000000af60b00000,0x000000af60c00000) (1024K)]
  0x000001e1b05e1dc0 JavaThread "Unconstrained build operations Thread 58"        [_thread_blocked, id=7860, stack(0x000000af60c00000,0x000000af60d00000) (1024K)]
  0x000001e1bb31d300 JavaThread "Unconstrained build operations Thread 59"        [_thread_blocked, id=7832, stack(0x000000af60d00000,0x000000af60e00000) (1024K)]
  0x000001e1bb31a510 JavaThread "Unconstrained build operations Thread 60"        [_thread_blocked, id=19284, stack(0x000000af60e00000,0x000000af60f00000) (1024K)]
  0x000001e1bb31b230 JavaThread "Unconstrained build operations Thread 61"        [_thread_blocked, id=11820, stack(0x000000af60f00000,0x000000af61000000) (1024K)]
  0x000001e1bb31bf50 JavaThread "Unconstrained build operations Thread 62"        [_thread_blocked, id=16392, stack(0x000000af61000000,0x000000af61100000) (1024K)]
  0x000001e1bb31aba0 JavaThread "Unconstrained build operations Thread 63"        [_thread_blocked, id=5836, stack(0x000000af61100000,0x000000af61200000) (1024K)]
  0x000001e1bb31cc70 JavaThread "Unconstrained build operations Thread 64"        [_thread_blocked, id=13740, stack(0x000000af61200000,0x000000af61300000) (1024K)]
  0x000001e1bb31b8c0 JavaThread "Unconstrained build operations Thread 65"        [_thread_blocked, id=6308, stack(0x000000af61300000,0x000000af61400000) (1024K)]
  0x000001e1bb31c5e0 JavaThread "Unconstrained build operations Thread 66"        [_thread_blocked, id=12148, stack(0x000000af61400000,0x000000af61500000) (1024K)]
  0x000001e1b0b10e10 JavaThread "WorkerExecutor Queue"              [_thread_blocked, id=5816, stack(0x000000af61500000,0x000000af61600000) (1024K)]
  0x000001e1b6b267f0 JavaThread "WorkerExecutor Queue Thread 2"        [_thread_blocked, id=17312, stack(0x000000af61600000,0x000000af61700000) (1024K)]
  0x000001e1b6b26e80 JavaThread "WorkerExecutor Queue Thread 3"        [_thread_blocked, id=19844, stack(0x000000af61700000,0x000000af61800000) (1024K)]
  0x000001e1b6b2d780 JavaThread "WorkerExecutor Queue Thread 4"        [_thread_blocked, id=16576, stack(0x000000af61800000,0x000000af61900000) (1024K)]
  0x000001e1b6b31290 JavaThread "WorkerExecutor Queue Thread 5"        [_thread_blocked, id=6560, stack(0x000000af61900000,0x000000af61a00000) (1024K)]
  0x000001e1b6b2eb30 JavaThread "WorkerExecutor Queue Thread 6"        [_thread_blocked, id=17952, stack(0x000000af61a00000,0x000000af61b00000) (1024K)]
  0x000001e1b6b2de10 JavaThread "WorkerExecutor Queue Thread 7"        [_thread_blocked, id=14228, stack(0x000000af61b00000,0x000000af61c00000) (1024K)]
  0x000001e1b6b33360 JavaThread "WorkerExecutor Queue Thread 8"        [_thread_blocked, id=13732, stack(0x000000af61c00000,0x000000af61d00000) (1024K)]
  0x000001e1b652c810 JavaThread "WorkerExecutor Queue Thread 9"        [_thread_blocked, id=8368, stack(0x000000af61d00000,0x000000af61e00000) (1024K)]
  0x000001e1b652add0 JavaThread "WorkerExecutor Queue Thread 10"        [_thread_blocked, id=6900, stack(0x000000af61e00000,0x000000af61f00000) (1024K)]
  0x000001e1b6529a20 JavaThread "WorkerExecutor Queue Thread 11"        [_thread_blocked, id=4528, stack(0x000000af61f00000,0x000000af62000000) (1024K)]
  0x000001e1bcd9ebb0 JavaThread "WorkerExecutor Queue Thread 12"        [_thread_blocked, id=2684, stack(0x000000af62000000,0x000000af62100000) (1024K)]
  0x000001e1b767ff70 JavaThread "WorkerExecutor Queue Thread 13"        [_thread_blocked, id=20680, stack(0x000000af62100000,0x000000af62200000) (1024K)]
  0x000001e1bcd9f240 JavaThread "Unconstrained build operations Thread 67"        [_thread_blocked, id=10344, stack(0x000000af62200000,0x000000af62300000) (1024K)]
  0x000001e1bcd9f8d0 JavaThread "Unconstrained build operations Thread 68"        [_thread_blocked, id=19912, stack(0x000000af62300000,0x000000af62400000) (1024K)]
  0x000001e1bcd9c450 JavaThread "Unconstrained build operations Thread 69"        [_thread_blocked, id=11328, stack(0x000000af62400000,0x000000af62500000) (1024K)]
  0x000001e1b0ab5910 JavaThread "Unconstrained build operations Thread 70"        [_thread_blocked, id=2640, stack(0x000000af62500000,0x000000af62600000) (1024K)]
  0x000001e1b0ab6630 JavaThread "Unconstrained build operations Thread 71"        [_thread_blocked, id=2856, stack(0x000000af62600000,0x000000af62700000) (1024K)]
  0x000001e1b0ab8d90 JavaThread "Unconstrained build operations Thread 72"        [_thread_blocked, id=20556, stack(0x000000af62700000,0x000000af62800000) (1024K)]
  0x000001e1b0ab8700 JavaThread "Unconstrained build operations Thread 73"        [_thread_blocked, id=9620, stack(0x000000af62800000,0x000000af62900000) (1024K)]
  0x000001e1b0ab5fa0 JavaThread "Unconstrained build operations Thread 74"        [_thread_blocked, id=5612, stack(0x000000af62900000,0x000000af62a00000) (1024K)]
  0x000001e1b0ab6cc0 JavaThread "Unconstrained build operations Thread 75"        [_thread_blocked, id=11232, stack(0x000000af62a00000,0x000000af62b00000) (1024K)]
  0x000001e1b0ab7350 JavaThread "Unconstrained build operations Thread 76"        [_thread_blocked, id=19216, stack(0x000000af62b00000,0x000000af62c00000) (1024K)]
  0x000001e1b0ab79e0 JavaThread "Unconstrained build operations Thread 77"        [_thread_blocked, id=11852, stack(0x000000af62c00000,0x000000af62d00000) (1024K)]
  0x000001e1b06265c0 JavaThread "Unconstrained build operations Thread 78"        [_thread_blocked, id=1808, stack(0x000000af62d00000,0x000000af62e00000) (1024K)]
  0x000001e1b06293b0 JavaThread "Unconstrained build operations Thread 79"        [_thread_blocked, id=20536, stack(0x000000af62e00000,0x000000af62f00000) (1024K)]
  0x000001e1b0627970 JavaThread "Unconstrained build operations Thread 80"        [_thread_blocked, id=9332, stack(0x000000af62f00000,0x000000af63000000) (1024K)]
  0x000001e1b0628d20 JavaThread "Unconstrained build operations Thread 81"        [_thread_blocked, id=18376, stack(0x000000af63000000,0x000000af63100000) (1024K)]
  0x000001e1b0626c50 JavaThread "Unconstrained build operations Thread 82"        [_thread_blocked, id=8108, stack(0x000000af63100000,0x000000af63200000) (1024K)]
  0x000001e1bc316430 JavaThread "Unconstrained build operations Thread 83"        [_thread_blocked, id=3516, stack(0x000000af63200000,0x000000af63300000) (1024K)]
  0x000001e1bc312fb0 JavaThread "Unconstrained build operations Thread 84"        [_thread_blocked, id=5804, stack(0x000000af63300000,0x000000af63400000) (1024K)]
  0x000001e1bc313640 JavaThread "Unconstrained build operations Thread 85"        [_thread_blocked, id=11748, stack(0x000000af63400000,0x000000af63500000) (1024K)]
  0x000001e1bc314360 JavaThread "Unconstrained build operations Thread 86"        [_thread_blocked, id=8492, stack(0x000000af63500000,0x000000af63600000) (1024K)]
  0x000001e1bc313cd0 JavaThread "Unconstrained build operations Thread 87"        [_thread_blocked, id=2172, stack(0x000000af63600000,0x000000af63700000) (1024K)]
  0x000001e1b66e71c0 JavaThread "C2 CompilerThread1"         daemon [_thread_blocked, id=6296, stack(0x000000af5d400000,0x000000af5d500000) (1024K)]
  0x000001e1b652cea0 JavaThread "Unconstrained build operations Thread 88"        [_thread_blocked, id=10008, stack(0x000000af63700000,0x000000af63800000) (1024K)]
  0x000001e1b652baf0 JavaThread "Unconstrained build operations Thread 89"        [_thread_blocked, id=7928, stack(0x000000af63800000,0x000000af63900000) (1024K)]
  0x000001e1b652a0b0 JavaThread "Unconstrained build operations Thread 90"        [_thread_blocked, id=1692, stack(0x000000af63900000,0x000000af63a00000) (1024K)]
  0x000001e1b652a740 JavaThread "Unconstrained build operations Thread 91"        [_thread_blocked, id=12004, stack(0x000000af63a00000,0x000000af63b00000) (1024K)]
  0x000001e1b652c180 JavaThread "Unconstrained build operations Thread 92"        [_thread_blocked, id=21284, stack(0x000000af63b00000,0x000000af63c00000) (1024K)]
  0x000001e1bb319e80 JavaThread "Unconstrained build operations Thread 93"        [_thread_blocked, id=6872, stack(0x000000af63c00000,0x000000af63d00000) (1024K)]
  0x000001e1b05e2450 JavaThread "Unconstrained build operations Thread 94"        [_thread_blocked, id=20544, stack(0x000000af63d00000,0x000000af63e00000) (1024K)]
  0x000001e1b05e0a10 JavaThread "Unconstrained build operations Thread 95"        [_thread_blocked, id=14948, stack(0x000000af63e00000,0x000000af63f00000) (1024K)]
  0x000001e1b05e3170 JavaThread "Unconstrained build operations Thread 96"        [_thread_blocked, id=7720, stack(0x000000af63f00000,0x000000af64000000) (1024K)]
  0x000001e1b05e2ae0 JavaThread "Unconstrained build operations Thread 97"        [_thread_blocked, id=5020, stack(0x000000af64000000,0x000000af64100000) (1024K)]
  0x000001e1bc1d4660 JavaThread "Unconstrained build operations Thread 98"        [_thread_blocked, id=14248, stack(0x000000af64100000,0x000000af64200000) (1024K)]
  0x000001e1bc1d1870 JavaThread "Unconstrained build operations Thread 99"        [_thread_blocked, id=18228, stack(0x000000af64200000,0x000000af64300000) (1024K)]
  0x000001e1bc1d4cf0 JavaThread "Unconstrained build operations Thread 100"        [_thread_blocked, id=1460, stack(0x000000af64300000,0x000000af64400000) (1024K)]
  0x000001e1bc1d32b0 JavaThread "Unconstrained build operations Thread 101"        [_thread_blocked, id=9572, stack(0x000000af64400000,0x000000af64500000) (1024K)]
  0x000001e1bc793db0 JavaThread "Unconstrained build operations Thread 102"        [_thread_blocked, id=21072, stack(0x000000af64500000,0x000000af64600000) (1024K)]
  0x000001e1bc794440 JavaThread "Unconstrained build operations Thread 103"        [_thread_blocked, id=12812, stack(0x000000af64600000,0x000000af64700000) (1024K)]
  0x000001e1bbda9cc0 JavaThread "Unconstrained build operations Thread 104"        [_thread_blocked, id=5412, stack(0x000000af64700000,0x000000af64800000) (1024K)]
  0x000001e1bbdab070 JavaThread "Unconstrained build operations Thread 105"        [_thread_blocked, id=5476, stack(0x000000af64800000,0x000000af64900000) (1024K)]
  0x000001e1bbdacab0 JavaThread "Unconstrained build operations Thread 106"        [_thread_blocked, id=13900, stack(0x000000af64900000,0x000000af64a00000) (1024K)]
  0x000001e1bbdaa350 JavaThread "Unconstrained build operations Thread 107"        [_thread_blocked, id=14008, stack(0x000000af64a00000,0x000000af64b00000) (1024K)]
  0x000001e1bbdab700 JavaThread "Unconstrained build operations Thread 108"        [_thread_blocked, id=17280, stack(0x000000af64b00000,0x000000af64c00000) (1024K)]
  0x000001e1bbdaa9e0 JavaThread "Unconstrained build operations Thread 109"        [_thread_blocked, id=10104, stack(0x000000af64c00000,0x000000af64d00000) (1024K)]
  0x000001e1b1473d00 JavaThread "Unconstrained build operations Thread 110"        [_thread_blocked, id=16880, stack(0x000000af64d00000,0x000000af64e00000) (1024K)]
  0x000001e1b1474390 JavaThread "Unconstrained build operations Thread 111"        [_thread_blocked, id=6680, stack(0x000000af64e00000,0x000000af64f00000) (1024K)]
  0x000001e1bbdabd90 JavaThread "Unconstrained build operations Thread 112"        [_thread_blocked, id=20500, stack(0x000000af64f00000,0x000000af65000000) (1024K)]
  0x000001e1bbdac420 JavaThread "Unconstrained build operations Thread 113"        [_thread_blocked, id=9392, stack(0x000000af65000000,0x000000af65100000) (1024K)]
  0x000001e1bbdad140 JavaThread "Unconstrained build operations Thread 114"        [_thread_blocked, id=9068, stack(0x000000af65100000,0x000000af65200000) (1024K)]
  0x000001e1af344200 JavaThread "Unconstrained build operations Thread 115"        [_thread_blocked, id=16404, stack(0x000000af65200000,0x000000af65300000) (1024K)]
  0x000001e1af344890 JavaThread "Unconstrained build operations Thread 116"        [_thread_blocked, id=12044, stack(0x000000af65300000,0x000000af65400000) (1024K)]
  0x000001e1ab096c40 JavaThread "Unconstrained build operations Thread 117"        [_thread_blocked, id=3592, stack(0x000000af65400000,0x000000af65500000) (1024K)]
  0x000001e1ab098680 JavaThread "Unconstrained build operations Thread 118"        [_thread_blocked, id=5324, stack(0x000000af65500000,0x000000af65600000) (1024K)]
  0x000001e1b0b0fa60 JavaThread "Unconstrained build operations Thread 119"        [_thread_blocked, id=16740, stack(0x000000af65600000,0x000000af65700000) (1024K)]
  0x000001e1b0b100f0 JavaThread "Unconstrained build operations Thread 120"        [_thread_blocked, id=20444, stack(0x000000af65700000,0x000000af65800000) (1024K)]
  0x000001e1ab097960 JavaThread "pool-8-thread-1"                   [_thread_blocked, id=5328, stack(0x000000af65800000,0x000000af65900000) (1024K)]
  0x000001e1b75e3b90 JavaThread "stderr"                            [_thread_in_native, id=18612, stack(0x000000af65900000,0x000000af65a00000) (1024K)]
  0x000001e1b75e4220 JavaThread "stdout"                            [_thread_blocked, id=9504, stack(0x000000af65a00000,0x000000af65b00000) (1024K)]
  0x000001e1b0b10780 JavaThread "stderr"                            [_thread_in_native, id=9896, stack(0x000000af65b00000,0x000000af65c00000) (1024K)]
  0x000001e1b0b0e6b0 JavaThread "stdout"                            [_thread_blocked, id=9432, stack(0x000000af65c00000,0x000000af65d00000) (1024K)]
Total: 201

Other Threads:
=>0x000001e1a5af0a50 VMThread "VM Thread"                           [id=17276, stack(0x000000af59000000,0x000000af59100000) (1024K)]
  0x000001e1a54f2840 WatcherThread "VM Periodic Task Thread"        [id=20784, stack(0x000000af58f00000,0x000000af59000000) (1024K)]
  0x000001e18b6db530 WorkerThread "GC Thread#0"                     [id=10496, stack(0x000000af58a00000,0x000000af58b00000) (1024K)]
  0x000001e1aa340d40 WorkerThread "GC Thread#1"                     [id=20984, stack(0x000000af59c00000,0x000000af59d00000) (1024K)]
  0x000001e1aa487b30 WorkerThread "GC Thread#2"                     [id=15816, stack(0x000000af59d00000,0x000000af59e00000) (1024K)]
  0x000001e1aaf4b170 WorkerThread "GC Thread#3"                     [id=10664, stack(0x000000af59f00000,0x000000af5a000000) (1024K)]
  0x000001e1aacb3d40 WorkerThread "GC Thread#4"                     [id=9508, stack(0x000000af5a000000,0x000000af5a100000) (1024K)]
  0x000001e1ac95b5a0 WorkerThread "GC Thread#5"                     [id=9868, stack(0x000000af5a900000,0x000000af5aa00000) (1024K)]
  0x000001e1ac95a720 WorkerThread "GC Thread#6"                     [id=8152, stack(0x000000af5aa00000,0x000000af5ab00000) (1024K)]
  0x000001e1ac95ae60 WorkerThread "GC Thread#7"                     [id=7908, stack(0x000000af5ab00000,0x000000af5ac00000) (1024K)]
  0x000001e1ac95b200 WorkerThread "GC Thread#8"                     [id=21236, stack(0x000000af5ac00000,0x000000af5ad00000) (1024K)]
  0x000001e1ac95aac0 WorkerThread "GC Thread#9"                     [id=7836, stack(0x000000af5ad00000,0x000000af5ae00000) (1024K)]
  0x000001e1893adfe0 ConcurrentGCThread "G1 Main Marker"            [id=9900, stack(0x000000af58b00000,0x000000af58c00000) (1024K)]
  0x000001e18b6e9f90 WorkerThread "G1 Conc#0"                       [id=5440, stack(0x000000af58c00000,0x000000af58d00000) (1024K)]
  0x000001e1ac95b940 WorkerThread "G1 Conc#1"                       [id=1628, stack(0x000000af5ae00000,0x000000af5af00000) (1024K)]
  0x000001e1ac95bce0 WorkerThread "G1 Conc#2"                       [id=2360, stack(0x000000af5af00000,0x000000af5b000000) (1024K)]
  0x000001e1a53c3f70 ConcurrentGCThread "G1 Refine#0"               [id=9404, stack(0x000000af58d00000,0x000000af58e00000) (1024K)]
  0x000001e1b0dd8570 ConcurrentGCThread "G1 Refine#1"               [id=5080, stack(0x000000af66100000,0x000000af66200000) (1024K)]
  0x000001e1b0dd96b0 ConcurrentGCThread "G1 Refine#2"               [id=3376, stack(0x000000af66200000,0x000000af66300000) (1024K)]
  0x000001e1a53c49f0 ConcurrentGCThread "G1 Service"                [id=21452, stack(0x000000af58e00000,0x000000af58f00000) (1024K)]
Total: 20

Threads with active compile tasks:
C2 CompilerThread0  2661519 40600 % !   4       com.android.tools.r8.dex.C::k @ 99 (2698 bytes)
C2 CompilerThread1  2661519 40612       4       com.android.tools.r8.internal.lD::a (21 bytes)
Total: 2

VM state: at safepoint (normal execution)

VM Mutex/Monitor currently owned by a thread:  ([mutex/lock_event])
[0x00007fff5f5b8690] Threads_lock - owner thread: 0x000001e1a5af0a50
[0x00007fff5f5b8790] Heap_lock - owner thread: 0x000001e1b6b27ba0

Heap address: 0x0000000700000000, size: 4096 MB, Compressed Oops mode: Zero based, Oop shift amount: 3

CDS archive(s) not mapped
Compressed class space mapped at: 0x0000000800000000-0x0000000840000000, reserved size: 1073741824
Narrow klass base: 0x0000000800000000, Narrow klass shift: 0, Narrow klass range: 0x40000000

GC Precious Log:
 CardTable entry size: 512
 Card Set container configuration: InlinePtr #cards 4 size 8 Array Of Cards #cards 16 size 48 Howl #buckets 8 coarsen threshold 3686 Howl Bitmap #cards 512 size 80 coarsen threshold 460 Card regions per heap region 1 cards per card region 4096
 CPUs: 12 total, 12 available
 Memory: 7933M
 Large Page Support: Disabled
 NUMA Support: Disabled
 Compressed Oops: Enabled (Zero based)
 Heap Region Size: 2M
 Heap Min Capacity: 8M
 Heap Initial Capacity: 124M
 Heap Max Capacity: 4G
 Pre-touch: Disabled
 Parallel Workers: 10
 Concurrent Workers: 3
 Concurrent Refinement Workers: 10
 Periodic GC: Disabled

Heap:
 garbage-first heap   total 737280K, used 396549K [0x0000000700000000, 0x0000000800000000)
  region size 2048K, 7 young (14336K), 7 survivors (14336K)
 Metaspace       used 177468K, committed 180224K, reserved 1245184K
  class space    used 24195K, committed 25536K, reserved 1048576K

Heap Regions: E=young(eden), S=young(survivor), O=old, HS=humongous(starts), HC=humongous(continues), CS=collection set, F=free, TAMS=top-at-mark-start, PB=parsable bottom
|   0|0x0000000700000000, 0x0000000700200000, 0x0000000700200000|100%|HS|  |TAMS 0x0000000700000000| PB 0x0000000700000000| Complete 
|   1|0x0000000700200000, 0x0000000700400000, 0x0000000700400000|100%|HC|  |TAMS 0x0000000700200000| PB 0x0000000700200000| Complete 
|   2|0x0000000700400000, 0x0000000700600000, 0x0000000700600000|100%| O|  |TAMS 0x0000000700400000| PB 0x0000000700400000| Untracked 
|   3|0x0000000700600000, 0x0000000700800000, 0x0000000700800000|100%| O|  |TAMS 0x0000000700600000| PB 0x0000000700600000| Untracked 
|   4|0x0000000700800000, 0x0000000700a00000, 0x0000000700a00000|100%| O|  |TAMS 0x0000000700800000| PB 0x0000000700800000| Untracked 
|   5|0x0000000700a00000, 0x0000000700c00000, 0x0000000700c00000|100%| O|  |TAMS 0x0000000700a00000| PB 0x0000000700a00000| Untracked 
|   6|0x0000000700c00000, 0x0000000700e00000, 0x0000000700e00000|100%| O|  |TAMS 0x0000000700c00000| PB 0x0000000700c00000| Untracked 
|   7|0x0000000700e00000, 0x0000000701000000, 0x0000000701000000|100%| O|  |TAMS 0x0000000700e00000| PB 0x0000000700e00000| Untracked 
|   8|0x0000000701000000, 0x0000000701200000, 0x0000000701200000|100%| O|  |TAMS 0x0000000701000000| PB 0x0000000701000000| Untracked 
|   9|0x0000000701200000, 0x0000000701400000, 0x0000000701400000|100%|HS|  |TAMS 0x0000000701200000| PB 0x0000000701200000| Complete 
|  10|0x0000000701400000, 0x0000000701600000, 0x0000000701600000|100%| O|  |TAMS 0x0000000701400000| PB 0x0000000701400000| Untracked 
|  11|0x0000000701600000, 0x0000000701800000, 0x0000000701800000|100%| O|  |TAMS 0x0000000701600000| PB 0x0000000701600000| Untracked 
|  12|0x0000000701800000, 0x0000000701a00000, 0x0000000701a00000|100%| O|  |TAMS 0x0000000701800000| PB 0x0000000701800000| Untracked 
|  13|0x0000000701a00000, 0x0000000701c00000, 0x0000000701c00000|100%|HS|  |TAMS 0x0000000701a00000| PB 0x0000000701a00000| Complete 
|  14|0x0000000701c00000, 0x0000000701e00000, 0x0000000701e00000|100%| O|  |TAMS 0x0000000701c00000| PB 0x0000000701c00000| Untracked 
|  15|0x0000000701e00000, 0x0000000702000000, 0x0000000702000000|100%| O|  |TAMS 0x0000000701e00000| PB 0x0000000701e00000| Untracked 
|  16|0x0000000702000000, 0x0000000702200000, 0x0000000702200000|100%| O|  |TAMS 0x0000000702000000| PB 0x0000000702000000| Untracked 
|  17|0x0000000702200000, 0x0000000702400000, 0x0000000702400000|100%| O|  |TAMS 0x0000000702200000| PB 0x0000000702200000| Untracked 
|  18|0x0000000702400000, 0x0000000702400000, 0x0000000702600000|  0%| F|  |TAMS 0x0000000702400000| PB 0x0000000702400000| Untracked 
|  19|0x0000000702600000, 0x0000000702800000, 0x0000000702800000|100%| O|  |TAMS 0x0000000702600000| PB 0x0000000702600000| Untracked 
|  20|0x0000000702800000, 0x0000000702a00000, 0x0000000702a00000|100%| O|  |TAMS 0x0000000702800000| PB 0x0000000702800000| Untracked 
|  21|0x0000000702a00000, 0x0000000702c00000, 0x0000000702c00000|100%| O|  |TAMS 0x0000000702a00000| PB 0x0000000702a00000| Untracked 
|  22|0x0000000702c00000, 0x0000000702e00000, 0x0000000702e00000|100%|HS|  |TAMS 0x0000000702c00000| PB 0x0000000702c00000| Complete 
|  23|0x0000000702e00000, 0x0000000703000000, 0x0000000703000000|100%|HS|  |TAMS 0x0000000702e00000| PB 0x0000000702e00000| Complete 
|  24|0x0000000703000000, 0x0000000703200000, 0x0000000703200000|100%|HC|  |TAMS 0x0000000703000000| PB 0x0000000703000000| Complete 
|  25|0x0000000703200000, 0x0000000703400000, 0x0000000703400000|100%| O|  |TAMS 0x0000000703200000| PB 0x0000000703200000| Untracked 
|  26|0x0000000703400000, 0x0000000703600000, 0x0000000703600000|100%| O|  |TAMS 0x0000000703400000| PB 0x0000000703400000| Untracked 
|  27|0x0000000703600000, 0x0000000703800000, 0x0000000703800000|100%|HS|  |TAMS 0x0000000703600000| PB 0x0000000703600000| Complete 
|  28|0x0000000703800000, 0x0000000703a00000, 0x0000000703a00000|100%|HC|  |TAMS 0x0000000703800000| PB 0x0000000703800000| Complete 
|  29|0x0000000703a00000, 0x0000000703c00000, 0x0000000703c00000|100%| O|  |TAMS 0x0000000703a00000| PB 0x0000000703a00000| Untracked 
|  30|0x0000000703c00000, 0x0000000703e00000, 0x0000000703e00000|100%| O|  |TAMS 0x0000000703c00000| PB 0x0000000703c00000| Untracked 
|  31|0x0000000703e00000, 0x0000000704000000, 0x0000000704000000|100%| O|  |TAMS 0x0000000703e00000| PB 0x0000000703e00000| Untracked 
|  32|0x0000000704000000, 0x0000000704200000, 0x0000000704200000|100%| O|  |TAMS 0x0000000704000000| PB 0x0000000704000000| Untracked 
|  33|0x0000000704200000, 0x0000000704400000, 0x0000000704400000|100%| O|  |TAMS 0x0000000704200000| PB 0x0000000704200000| Untracked 
|  34|0x0000000704400000, 0x0000000704600000, 0x0000000704600000|100%| O|  |TAMS 0x0000000704400000| PB 0x0000000704400000| Untracked 
|  35|0x0000000704600000, 0x0000000704800000, 0x0000000704800000|100%| O|  |TAMS 0x0000000704600000| PB 0x0000000704600000| Untracked 
|  36|0x0000000704800000, 0x0000000704a00000, 0x0000000704a00000|100%|HS|  |TAMS 0x0000000704800000| PB 0x0000000704800000| Complete 
|  37|0x0000000704a00000, 0x0000000704c00000, 0x0000000704c00000|100%| O|  |TAMS 0x0000000704a00000| PB 0x0000000704a00000| Untracked 
|  38|0x0000000704c00000, 0x0000000704e00000, 0x0000000704e00000|100%| O|  |TAMS 0x0000000704c00000| PB 0x0000000704c00000| Untracked 
|  39|0x0000000704e00000, 0x0000000705000000, 0x0000000705000000|100%| O|  |TAMS 0x0000000704e00000| PB 0x0000000704e00000| Untracked 
|  40|0x0000000705000000, 0x0000000705200000, 0x0000000705200000|100%| O|  |TAMS 0x0000000705000000| PB 0x0000000705000000| Untracked 
|  41|0x0000000705200000, 0x0000000705400000, 0x0000000705400000|100%| O|  |TAMS 0x0000000705200000| PB 0x0000000705200000| Untracked 
|  42|0x0000000705400000, 0x0000000705600000, 0x0000000705600000|100%| O|  |TAMS 0x0000000705400000| PB 0x0000000705400000| Untracked 
|  43|0x0000000705600000, 0x0000000705800000, 0x0000000705800000|100%| O|  |TAMS 0x0000000705600000| PB 0x0000000705600000| Untracked 
|  44|0x0000000705800000, 0x0000000705a00000, 0x0000000705a00000|100%| O|  |TAMS 0x0000000705800000| PB 0x0000000705800000| Untracked 
|  45|0x0000000705a00000, 0x0000000705c00000, 0x0000000705c00000|100%| O|  |TAMS 0x0000000705a00000| PB 0x0000000705a00000| Untracked 
|  46|0x0000000705c00000, 0x0000000705e00000, 0x0000000705e00000|100%| O|  |TAMS 0x0000000705c00000| PB 0x0000000705c00000| Untracked 
|  47|0x0000000705e00000, 0x0000000706000000, 0x0000000706000000|100%| O|  |TAMS 0x0000000705e00000| PB 0x0000000705e00000| Untracked 
|  48|0x0000000706000000, 0x0000000706200000, 0x0000000706200000|100%| O|  |TAMS 0x0000000706000000| PB 0x0000000706000000| Untracked 
|  49|0x0000000706200000, 0x0000000706400000, 0x0000000706400000|100%| O|  |TAMS 0x0000000706200000| PB 0x0000000706200000| Untracked 
|  50|0x0000000706400000, 0x0000000706600000, 0x0000000706600000|100%| O|  |TAMS 0x0000000706400000| PB 0x0000000706400000| Untracked 
|  51|0x0000000706600000, 0x0000000706800000, 0x0000000706800000|100%| O|  |TAMS 0x0000000706600000| PB 0x0000000706600000| Untracked 
|  52|0x0000000706800000, 0x0000000706a00000, 0x0000000706a00000|100%| O|  |TAMS 0x0000000706800000| PB 0x0000000706800000| Untracked 
|  53|0x0000000706a00000, 0x0000000706c00000, 0x0000000706c00000|100%| O|  |TAMS 0x0000000706a00000| PB 0x0000000706a00000| Untracked 
|  54|0x0000000706c00000, 0x0000000706e00000, 0x0000000706e00000|100%| O|  |TAMS 0x0000000706c00000| PB 0x0000000706c00000| Untracked 
|  55|0x0000000706e00000, 0x0000000707000000, 0x0000000707000000|100%| O|  |TAMS 0x0000000706e00000| PB 0x0000000706e00000| Untracked 
|  56|0x0000000707000000, 0x0000000707200000, 0x0000000707200000|100%| O|  |TAMS 0x0000000707000000| PB 0x0000000707000000| Untracked 
|  57|0x0000000707200000, 0x0000000707400000, 0x0000000707400000|100%| O|  |TAMS 0x0000000707200000| PB 0x0000000707200000| Untracked 
|  58|0x0000000707400000, 0x0000000707600000, 0x0000000707600000|100%| O|  |TAMS 0x0000000707400000| PB 0x0000000707400000| Untracked 
|  59|0x0000000707600000, 0x0000000707800000, 0x0000000707800000|100%| O|  |TAMS 0x0000000707600000| PB 0x0000000707600000| Untracked 
|  60|0x0000000707800000, 0x0000000707a00000, 0x0000000707a00000|100%| O|  |TAMS 0x0000000707800000| PB 0x0000000707800000| Untracked 
|  61|0x0000000707a00000, 0x0000000707c00000, 0x0000000707c00000|100%| O|  |TAMS 0x0000000707a00000| PB 0x0000000707a00000| Untracked 
|  62|0x0000000707c00000, 0x0000000707e00000, 0x0000000707e00000|100%| O|  |TAMS 0x0000000707c00000| PB 0x0000000707c00000| Untracked 
|  63|0x0000000707e00000, 0x0000000708000000, 0x0000000708000000|100%| O|  |TAMS 0x0000000707e00000| PB 0x0000000707e00000| Untracked 
|  64|0x0000000708000000, 0x0000000708200000, 0x0000000708200000|100%| O|  |TAMS 0x0000000708000000| PB 0x0000000708000000| Untracked 
|  65|0x0000000708200000, 0x00000007083def98, 0x0000000708400000| 93%| O|  |TAMS 0x0000000708200000| PB 0x0000000708200000| Untracked 
|  66|0x0000000708400000, 0x0000000708600000, 0x0000000708600000|100%| O|  |TAMS 0x0000000708400000| PB 0x0000000708400000| Untracked 
|  67|0x0000000708600000, 0x0000000708800000, 0x0000000708800000|100%| O|  |TAMS 0x0000000708600000| PB 0x0000000708600000| Untracked 
|  68|0x0000000708800000, 0x0000000708a00000, 0x0000000708a00000|100%| O|  |TAMS 0x0000000708800000| PB 0x0000000708800000| Untracked 
|  69|0x0000000708a00000, 0x0000000708c00000, 0x0000000708c00000|100%| O|  |TAMS 0x0000000708a00000| PB 0x0000000708a00000| Untracked 
|  70|0x0000000708c00000, 0x0000000708e00000, 0x0000000708e00000|100%| O|  |TAMS 0x0000000708c00000| PB 0x0000000708c00000| Untracked 
|  71|0x0000000708e00000, 0x0000000708e00000, 0x0000000709000000|  0%| F|  |TAMS 0x0000000708e00000| PB 0x0000000708e00000| Untracked 
|  72|0x0000000709000000, 0x0000000709200000, 0x0000000709200000|100%| O|  |TAMS 0x0000000709000000| PB 0x0000000709000000| Untracked 
|  73|0x0000000709200000, 0x0000000709400000, 0x0000000709400000|100%| O|  |TAMS 0x0000000709200000| PB 0x0000000709200000| Untracked 
|  74|0x0000000709400000, 0x0000000709600000, 0x0000000709600000|100%| O|  |TAMS 0x0000000709400000| PB 0x0000000709400000| Untracked 
|  75|0x0000000709600000, 0x0000000709800000, 0x0000000709800000|100%| O|  |TAMS 0x0000000709600000| PB 0x0000000709600000| Untracked 
|  76|0x0000000709800000, 0x0000000709a00000, 0x0000000709a00000|100%| O|  |TAMS 0x0000000709800000| PB 0x0000000709800000| Untracked 
|  77|0x0000000709a00000, 0x0000000709c00000, 0x0000000709c00000|100%| O|  |TAMS 0x0000000709a00000| PB 0x0000000709a00000| Untracked 
|  78|0x0000000709c00000, 0x0000000709e00000, 0x0000000709e00000|100%| O|  |TAMS 0x0000000709c00000| PB 0x0000000709c00000| Untracked 
|  79|0x0000000709e00000, 0x000000070a000000, 0x000000070a000000|100%| O|  |TAMS 0x0000000709e00000| PB 0x0000000709e00000| Untracked 
|  80|0x000000070a000000, 0x000000070a200000, 0x000000070a200000|100%| O|  |TAMS 0x000000070a000000| PB 0x000000070a000000| Untracked 
|  81|0x000000070a200000, 0x000000070a400000, 0x000000070a400000|100%| O|  |TAMS 0x000000070a200000| PB 0x000000070a200000| Untracked 
|  82|0x000000070a400000, 0x000000070a600000, 0x000000070a600000|100%| O|  |TAMS 0x000000070a400000| PB 0x000000070a400000| Untracked 
|  83|0x000000070a600000, 0x000000070a800000, 0x000000070a800000|100%| O|  |TAMS 0x000000070a600000| PB 0x000000070a600000| Untracked 
|  84|0x000000070a800000, 0x000000070aa00000, 0x000000070aa00000|100%| O|  |TAMS 0x000000070a800000| PB 0x000000070a800000| Untracked 
|  85|0x000000070aa00000, 0x000000070aa00000, 0x000000070ac00000|  0%| F|  |TAMS 0x000000070aa00000| PB 0x000000070aa00000| Untracked 
|  86|0x000000070ac00000, 0x000000070ae00000, 0x000000070ae00000|100%| O|  |TAMS 0x000000070ac00000| PB 0x000000070ac00000| Untracked 
|  87|0x000000070ae00000, 0x000000070ae00000, 0x000000070b000000|  0%| F|  |TAMS 0x000000070ae00000| PB 0x000000070ae00000| Untracked 
|  88|0x000000070b000000, 0x000000070b200000, 0x000000070b200000|100%| O|  |TAMS 0x000000070b000000| PB 0x000000070b000000| Untracked 
|  89|0x000000070b200000, 0x000000070b400000, 0x000000070b400000|100%| O|  |TAMS 0x000000070b200000| PB 0x000000070b200000| Untracked 
|  90|0x000000070b400000, 0x000000070b600000, 0x000000070b600000|100%| O|  |TAMS 0x000000070b400000| PB 0x000000070b400000| Untracked 
|  91|0x000000070b600000, 0x000000070b800000, 0x000000070b800000|100%| O|  |TAMS 0x000000070b600000| PB 0x000000070b600000| Untracked 
|  92|0x000000070b800000, 0x000000070ba00000, 0x000000070ba00000|100%| O|  |TAMS 0x000000070b800000| PB 0x000000070b800000| Untracked 
|  93|0x000000070ba00000, 0x000000070bc00000, 0x000000070bc00000|100%| O|  |TAMS 0x000000070ba00000| PB 0x000000070ba00000| Untracked 
|  94|0x000000070bc00000, 0x000000070be00000, 0x000000070be00000|100%| O|  |TAMS 0x000000070bc00000| PB 0x000000070bc00000| Untracked 
|  95|0x000000070be00000, 0x000000070c000000, 0x000000070c000000|100%| O|  |TAMS 0x000000070be00000| PB 0x000000070be00000| Untracked 
|  96|0x000000070c000000, 0x000000070c200000, 0x000000070c200000|100%| O|  |TAMS 0x000000070c000000| PB 0x000000070c000000| Untracked 
|  97|0x000000070c200000, 0x000000070c200000, 0x000000070c400000|  0%| F|  |TAMS 0x000000070c200000| PB 0x000000070c200000| Untracked 
|  98|0x000000070c400000, 0x000000070c400000, 0x000000070c600000|  0%| F|  |TAMS 0x000000070c400000| PB 0x000000070c400000| Untracked 
|  99|0x000000070c600000, 0x000000070c600000, 0x000000070c800000|  0%| F|  |TAMS 0x000000070c600000| PB 0x000000070c600000| Untracked 
| 100|0x000000070c800000, 0x000000070ca00000, 0x000000070ca00000|100%| O|  |TAMS 0x000000070c800000| PB 0x000000070c800000| Untracked 
| 101|0x000000070ca00000, 0x000000070ca00000, 0x000000070cc00000|  0%| F|  |TAMS 0x000000070ca00000| PB 0x000000070ca00000| Untracked 
| 102|0x000000070cc00000, 0x000000070cc00000, 0x000000070ce00000|  0%| F|  |TAMS 0x000000070cc00000| PB 0x000000070cc00000| Untracked 
| 103|0x000000070ce00000, 0x000000070ce00000, 0x000000070d000000|  0%| F|  |TAMS 0x000000070ce00000| PB 0x000000070ce00000| Untracked 
| 104|0x000000070d000000, 0x000000070d000000, 0x000000070d200000|  0%| F|  |TAMS 0x000000070d000000| PB 0x000000070d000000| Untracked 
| 105|0x000000070d200000, 0x000000070d200000, 0x000000070d400000|  0%| F|  |TAMS 0x000000070d200000| PB 0x000000070d200000| Untracked 
| 106|0x000000070d400000, 0x000000070d600000, 0x000000070d600000|100%| O|  |TAMS 0x000000070d400000| PB 0x000000070d400000| Untracked 
| 107|0x000000070d600000, 0x000000070d800000, 0x000000070d800000|100%| O|  |TAMS 0x000000070d600000| PB 0x000000070d600000| Untracked 
| 108|0x000000070d800000, 0x000000070d800000, 0x000000070da00000|  0%| F|  |TAMS 0x000000070d800000| PB 0x000000070d800000| Untracked 
| 109|0x000000070da00000, 0x000000070dc00000, 0x000000070dc00000|100%| O|  |TAMS 0x000000070da00000| PB 0x000000070da00000| Untracked 
| 110|0x000000070dc00000, 0x000000070de00000, 0x000000070de00000|100%| O|  |TAMS 0x000000070dc00000| PB 0x000000070dc00000| Untracked 
| 111|0x000000070de00000, 0x000000070e000000, 0x000000070e000000|100%| O|  |TAMS 0x000000070de00000| PB 0x000000070de00000| Untracked 
| 112|0x000000070e000000, 0x000000070e200000, 0x000000070e200000|100%|HS|  |TAMS 0x000000070e000000| PB 0x000000070e000000| Complete 
| 113|0x000000070e200000, 0x000000070e400000, 0x000000070e400000|100%|HS|  |TAMS 0x000000070e200000| PB 0x000000070e200000| Complete 
| 114|0x000000070e400000, 0x000000070e600000, 0x000000070e600000|100%|HC|  |TAMS 0x000000070e400000| PB 0x000000070e400000| Complete 
| 115|0x000000070e600000, 0x000000070e800000, 0x000000070e800000|100%|HS|  |TAMS 0x000000070e600000| PB 0x000000070e600000| Complete 
| 116|0x000000070e800000, 0x000000070ea00000, 0x000000070ea00000|100%| O|  |TAMS 0x000000070e800000| PB 0x000000070e800000| Untracked 
| 117|0x000000070ea00000, 0x000000070ec00000, 0x000000070ec00000|100%| O|  |TAMS 0x000000070ea00000| PB 0x000000070ea00000| Untracked 
| 118|0x000000070ec00000, 0x000000070ee00000, 0x000000070ee00000|100%|HS|  |TAMS 0x000000070ec00000| PB 0x000000070ec00000| Complete 
| 119|0x000000070ee00000, 0x000000070f000000, 0x000000070f000000|100%|HC|  |TAMS 0x000000070ee00000| PB 0x000000070ee00000| Complete 
| 120|0x000000070f000000, 0x000000070f200000, 0x000000070f200000|100%|HS|  |TAMS 0x000000070f000000| PB 0x000000070f000000| Complete 
| 121|0x000000070f200000, 0x000000070f400000, 0x000000070f400000|100%|HC|  |TAMS 0x000000070f200000| PB 0x000000070f200000| Complete 
| 122|0x000000070f400000, 0x000000070f600000, 0x000000070f600000|100%|HS|  |TAMS 0x000000070f400000| PB 0x000000070f400000| Complete 
| 123|0x000000070f600000, 0x000000070f800000, 0x000000070f800000|100%|HS|  |TAMS 0x000000070f600000| PB 0x000000070f600000| Complete 
| 124|0x000000070f800000, 0x000000070fa00000, 0x000000070fa00000|100%|HS|  |TAMS 0x000000070f800000| PB 0x000000070f800000| Complete 
| 125|0x000000070fa00000, 0x000000070fc00000, 0x000000070fc00000|100%|HS|  |TAMS 0x000000070fa00000| PB 0x000000070fa00000| Complete 
| 126|0x000000070fc00000, 0x000000070fe00000, 0x000000070fe00000|100%|HS|  |TAMS 0x000000070fc00000| PB 0x000000070fc00000| Complete 
| 127|0x000000070fe00000, 0x0000000710000000, 0x0000000710000000|100%|HC|  |TAMS 0x000000070fe00000| PB 0x000000070fe00000| Complete 
| 128|0x0000000710000000, 0x0000000710200000, 0x0000000710200000|100%| O|  |TAMS 0x0000000710000000| PB 0x0000000710000000| Untracked 
| 129|0x0000000710200000, 0x0000000710400000, 0x0000000710400000|100%| O|  |TAMS 0x0000000710200000| PB 0x0000000710200000| Untracked 
| 130|0x0000000710400000, 0x0000000710600000, 0x0000000710600000|100%| O|  |TAMS 0x0000000710400000| PB 0x0000000710400000| Untracked 
| 131|0x0000000710600000, 0x0000000710600000, 0x0000000710800000|  0%| F|  |TAMS 0x0000000710600000| PB 0x0000000710600000| Untracked 
| 132|0x0000000710800000, 0x0000000710800000, 0x0000000710a00000|  0%| F|  |TAMS 0x0000000710800000| PB 0x0000000710800000| Untracked 
| 133|0x0000000710a00000, 0x0000000710a00000, 0x0000000710c00000|  0%| F|  |TAMS 0x0000000710a00000| PB 0x0000000710a00000| Untracked 
| 134|0x0000000710c00000, 0x0000000710c00000, 0x0000000710e00000|  0%| F|  |TAMS 0x0000000710c00000| PB 0x0000000710c00000| Untracked 
| 135|0x0000000710e00000, 0x0000000710e00000, 0x0000000711000000|  0%| F|  |TAMS 0x0000000710e00000| PB 0x0000000710e00000| Untracked 
| 136|0x0000000711000000, 0x0000000711000000, 0x0000000711200000|  0%| F|  |TAMS 0x0000000711000000| PB 0x0000000711000000| Untracked 
| 137|0x0000000711200000, 0x0000000711200000, 0x0000000711400000|  0%| F|  |TAMS 0x0000000711200000| PB 0x0000000711200000| Untracked 
| 138|0x0000000711400000, 0x0000000711400000, 0x0000000711600000|  0%| F|  |TAMS 0x0000000711400000| PB 0x0000000711400000| Untracked 
| 139|0x0000000711600000, 0x0000000711800000, 0x0000000711800000|100%| O|  |TAMS 0x0000000711600000| PB 0x0000000711600000| Untracked 
| 140|0x0000000711800000, 0x0000000711800000, 0x0000000711a00000|  0%| F|  |TAMS 0x0000000711800000| PB 0x0000000711800000| Untracked 
| 141|0x0000000711a00000, 0x0000000711a00000, 0x0000000711c00000|  0%| F|  |TAMS 0x0000000711a00000| PB 0x0000000711a00000| Untracked 
| 142|0x0000000711c00000, 0x0000000711c00000, 0x0000000711e00000|  0%| F|  |TAMS 0x0000000711c00000| PB 0x0000000711c00000| Untracked 
| 143|0x0000000711e00000, 0x0000000711e00000, 0x0000000712000000|  0%| F|  |TAMS 0x0000000711e00000| PB 0x0000000711e00000| Untracked 
| 144|0x0000000712000000, 0x0000000712000000, 0x0000000712200000|  0%| F|  |TAMS 0x0000000712000000| PB 0x0000000712000000| Untracked 
| 145|0x0000000712200000, 0x0000000712200000, 0x0000000712400000|  0%| F|  |TAMS 0x0000000712200000| PB 0x0000000712200000| Untracked 
| 146|0x0000000712400000, 0x0000000712400000, 0x0000000712600000|  0%| F|  |TAMS 0x0000000712400000| PB 0x0000000712400000| Untracked 
| 147|0x0000000712600000, 0x0000000712600000, 0x0000000712800000|  0%| F|  |TAMS 0x0000000712600000| PB 0x0000000712600000| Untracked 
| 148|0x0000000712800000, 0x0000000712800000, 0x0000000712a00000|  0%| F|  |TAMS 0x0000000712800000| PB 0x0000000712800000| Untracked 
| 149|0x0000000712a00000, 0x0000000712c00000, 0x0000000712c00000|100%| O|  |TAMS 0x0000000712a00000| PB 0x0000000712a00000| Untracked 
| 150|0x0000000712c00000, 0x0000000712e00000, 0x0000000712e00000|100%| O|  |TAMS 0x0000000712c00000| PB 0x0000000712c00000| Untracked 
| 151|0x0000000712e00000, 0x0000000712f07f90, 0x0000000713000000| 51%| O|  |TAMS 0x0000000712e00000| PB 0x0000000712e00000| Untracked 
| 152|0x0000000713000000, 0x0000000713000000, 0x0000000713200000|  0%| F|  |TAMS 0x0000000713000000| PB 0x0000000713000000| Untracked 
| 153|0x0000000713200000, 0x0000000713400000, 0x0000000713400000|100%|HS|  |TAMS 0x0000000713200000| PB 0x0000000713200000| Complete 
| 154|0x0000000713400000, 0x0000000713600000, 0x0000000713600000|100%|HC|  |TAMS 0x0000000713400000| PB 0x0000000713400000| Complete 
| 155|0x0000000713600000, 0x0000000713800000, 0x0000000713800000|100%|HC|  |TAMS 0x0000000713600000| PB 0x0000000713600000| Complete 
| 156|0x0000000713800000, 0x0000000713a00000, 0x0000000713a00000|100%|HC|  |TAMS 0x0000000713800000| PB 0x0000000713800000| Complete 
| 157|0x0000000713a00000, 0x0000000713c00000, 0x0000000713c00000|100%|HC|  |TAMS 0x0000000713a00000| PB 0x0000000713a00000| Complete 
| 158|0x0000000713c00000, 0x0000000713e00000, 0x0000000713e00000|100%|HC|  |TAMS 0x0000000713c00000| PB 0x0000000713c00000| Complete 
| 159|0x0000000713e00000, 0x0000000714000000, 0x0000000714000000|100%|HC|  |TAMS 0x0000000713e00000| PB 0x0000000713e00000| Complete 
| 160|0x0000000714000000, 0x0000000714200000, 0x0000000714200000|100%|HC|  |TAMS 0x0000000714000000| PB 0x0000000714000000| Complete 
| 161|0x0000000714200000, 0x0000000714400000, 0x0000000714400000|100%|HC|  |TAMS 0x0000000714200000| PB 0x0000000714200000| Complete 
| 162|0x0000000714400000, 0x0000000714600000, 0x0000000714600000|100%|HC|  |TAMS 0x0000000714400000| PB 0x0000000714400000| Complete 
| 163|0x0000000714600000, 0x0000000714800000, 0x0000000714800000|100%|HC|  |TAMS 0x0000000714600000| PB 0x0000000714600000| Complete 
| 164|0x0000000714800000, 0x0000000714a00000, 0x0000000714a00000|100%|HC|  |TAMS 0x0000000714800000| PB 0x0000000714800000| Complete 
| 165|0x0000000714a00000, 0x0000000714c00000, 0x0000000714c00000|100%|HC|  |TAMS 0x0000000714a00000| PB 0x0000000714a00000| Complete 
| 166|0x0000000714c00000, 0x0000000714e00000, 0x0000000714e00000|100%|HC|  |TAMS 0x0000000714c00000| PB 0x0000000714c00000| Complete 
| 167|0x0000000714e00000, 0x0000000715000000, 0x0000000715000000|100%|HC|  |TAMS 0x0000000714e00000| PB 0x0000000714e00000| Complete 
| 168|0x0000000715000000, 0x0000000715200000, 0x0000000715200000|100%|HS|  |TAMS 0x0000000715000000| PB 0x0000000715000000| Complete 
| 169|0x0000000715200000, 0x0000000715400000, 0x0000000715400000|100%| O|  |TAMS 0x0000000715200000| PB 0x0000000715200000| Untracked 
| 170|0x0000000715400000, 0x0000000715600000, 0x0000000715600000|100%| O|  |TAMS 0x0000000715400000| PB 0x0000000715400000| Untracked 
| 171|0x0000000715600000, 0x0000000715800000, 0x0000000715800000|100%| O|  |TAMS 0x0000000715600000| PB 0x0000000715600000| Untracked 
| 172|0x0000000715800000, 0x0000000715a00000, 0x0000000715a00000|100%| O|  |TAMS 0x0000000715800000| PB 0x0000000715800000| Untracked 
| 173|0x0000000715a00000, 0x0000000715c00000, 0x0000000715c00000|100%| O|  |TAMS 0x0000000715a00000| PB 0x0000000715a00000| Untracked 
| 174|0x0000000715c00000, 0x0000000715e00000, 0x0000000715e00000|100%| O|  |TAMS 0x0000000715c00000| PB 0x0000000715c00000| Untracked 
| 175|0x0000000715e00000, 0x0000000716000000, 0x0000000716000000|100%| O|  |TAMS 0x0000000715e00000| PB 0x0000000715e00000| Untracked 
| 176|0x0000000716000000, 0x0000000716200000, 0x0000000716200000|100%| O|  |TAMS 0x0000000716000000| PB 0x0000000716000000| Untracked 
| 177|0x0000000716200000, 0x0000000716400000, 0x0000000716400000|100%| O|  |TAMS 0x0000000716200000| PB 0x0000000716200000| Untracked 
| 178|0x0000000716400000, 0x0000000716600000, 0x0000000716600000|100%| O|  |TAMS 0x0000000716400000| PB 0x0000000716400000| Untracked 
| 179|0x0000000716600000, 0x0000000716800000, 0x0000000716800000|100%| O|  |TAMS 0x0000000716600000| PB 0x0000000716600000| Untracked 
| 180|0x0000000716800000, 0x0000000716a00000, 0x0000000716a00000|100%| O|  |TAMS 0x0000000716800000| PB 0x0000000716800000| Untracked 
| 181|0x0000000716a00000, 0x0000000716c00000, 0x0000000716c00000|100%| O|  |TAMS 0x0000000716a00000| PB 0x0000000716a00000| Untracked 
| 182|0x0000000716c00000, 0x0000000716e00000, 0x0000000716e00000|100%| O|  |TAMS 0x0000000716c00000| PB 0x0000000716c00000| Untracked 
| 183|0x0000000716e00000, 0x0000000716e00000, 0x0000000717000000|  0%| F|  |TAMS 0x0000000716e00000| PB 0x0000000716e00000| Untracked 
| 184|0x0000000717000000, 0x0000000717200000, 0x0000000717200000|100%|HS|  |TAMS 0x0000000717000000| PB 0x0000000717000000| Complete 
| 185|0x0000000717200000, 0x0000000717200000, 0x0000000717400000|  0%| F|  |TAMS 0x0000000717200000| PB 0x0000000717200000| Untracked 
| 186|0x0000000717400000, 0x0000000717400000, 0x0000000717600000|  0%| F|  |TAMS 0x0000000717400000| PB 0x0000000717400000| Untracked 
| 187|0x0000000717600000, 0x0000000717600000, 0x0000000717800000|  0%| F|  |TAMS 0x0000000717600000| PB 0x0000000717600000| Untracked 
| 188|0x0000000717800000, 0x0000000717a00000, 0x0000000717a00000|100%|HS|  |TAMS 0x0000000717800000| PB 0x0000000717800000| Complete 
| 189|0x0000000717a00000, 0x0000000717c00000, 0x0000000717c00000|100%|HC|  |TAMS 0x0000000717a00000| PB 0x0000000717a00000| Complete 
| 190|0x0000000717c00000, 0x0000000717c00000, 0x0000000717e00000|  0%| F|  |TAMS 0x0000000717c00000| PB 0x0000000717c00000| Untracked 
| 191|0x0000000717e00000, 0x0000000718000000, 0x0000000718000000|100%|HS|  |TAMS 0x0000000717e00000| PB 0x0000000717e00000| Complete 
| 192|0x0000000718000000, 0x0000000718000000, 0x0000000718200000|  0%| F|  |TAMS 0x0000000718000000| PB 0x0000000718000000| Untracked 
| 193|0x0000000718200000, 0x0000000718200000, 0x0000000718400000|  0%| F|  |TAMS 0x0000000718200000| PB 0x0000000718200000| Untracked 
| 194|0x0000000718400000, 0x0000000718400000, 0x0000000718600000|  0%| F|  |TAMS 0x0000000718400000| PB 0x0000000718400000| Untracked 
| 195|0x0000000718600000, 0x0000000718600000, 0x0000000718800000|  0%| F|  |TAMS 0x0000000718600000| PB 0x0000000718600000| Untracked 
| 196|0x0000000718800000, 0x0000000718800000, 0x0000000718a00000|  0%| F|  |TAMS 0x0000000718800000| PB 0x0000000718800000| Untracked 
| 197|0x0000000718a00000, 0x0000000718a00000, 0x0000000718c00000|  0%| F|  |TAMS 0x0000000718a00000| PB 0x0000000718a00000| Untracked 
| 198|0x0000000718c00000, 0x0000000718c00000, 0x0000000718e00000|  0%| F|  |TAMS 0x0000000718c00000| PB 0x0000000718c00000| Untracked 
| 199|0x0000000718e00000, 0x0000000718e00000, 0x0000000719000000|  0%| F|  |TAMS 0x0000000718e00000| PB 0x0000000718e00000| Untracked 
| 200|0x0000000719000000, 0x0000000719000000, 0x0000000719200000|  0%| F|  |TAMS 0x0000000719000000| PB 0x0000000719000000| Untracked 
| 201|0x0000000719200000, 0x0000000719200000, 0x0000000719400000|  0%| F|  |TAMS 0x0000000719200000| PB 0x0000000719200000| Untracked 
| 202|0x0000000719400000, 0x0000000719400000, 0x0000000719600000|  0%| F|  |TAMS 0x0000000719400000| PB 0x0000000719400000| Untracked 
| 203|0x0000000719600000, 0x0000000719600000, 0x0000000719800000|  0%| F|  |TAMS 0x0000000719600000| PB 0x0000000719600000| Untracked 
| 204|0x0000000719800000, 0x0000000719800000, 0x0000000719a00000|  0%| F|  |TAMS 0x0000000719800000| PB 0x0000000719800000| Untracked 
| 205|0x0000000719a00000, 0x0000000719a00000, 0x0000000719c00000|  0%| F|  |TAMS 0x0000000719a00000| PB 0x0000000719a00000| Untracked 
| 206|0x0000000719c00000, 0x0000000719c00000, 0x0000000719e00000|  0%| F|  |TAMS 0x0000000719c00000| PB 0x0000000719c00000| Untracked 
| 207|0x0000000719e00000, 0x0000000719e00000, 0x000000071a000000|  0%| F|  |TAMS 0x0000000719e00000| PB 0x0000000719e00000| Untracked 
| 208|0x000000071a000000, 0x000000071a000000, 0x000000071a200000|  0%| F|  |TAMS 0x000000071a000000| PB 0x000000071a000000| Untracked 
| 209|0x000000071a200000, 0x000000071a200000, 0x000000071a400000|  0%| F|  |TAMS 0x000000071a200000| PB 0x000000071a200000| Untracked 
| 210|0x000000071a400000, 0x000000071a400000, 0x000000071a600000|  0%| F|  |TAMS 0x000000071a400000| PB 0x000000071a400000| Untracked 
| 211|0x000000071a600000, 0x000000071a600000, 0x000000071a800000|  0%| F|  |TAMS 0x000000071a600000| PB 0x000000071a600000| Untracked 
| 212|0x000000071a800000, 0x000000071aa00000, 0x000000071aa00000|100%|HS|  |TAMS 0x000000071a800000| PB 0x000000071a800000| Complete 
| 213|0x000000071aa00000, 0x000000071ac00000, 0x000000071ac00000|100%|HC|  |TAMS 0x000000071aa00000| PB 0x000000071aa00000| Complete 
| 214|0x000000071ac00000, 0x000000071ae00000, 0x000000071ae00000|100%|HC|  |TAMS 0x000000071ac00000| PB 0x000000071ac00000| Complete 
| 215|0x000000071ae00000, 0x000000071b000000, 0x000000071b000000|100%|HC|  |TAMS 0x000000071ae00000| PB 0x000000071ae00000| Complete 
| 216|0x000000071b000000, 0x000000071b200000, 0x000000071b200000|100%|HC|  |TAMS 0x000000071b000000| PB 0x000000071b000000| Complete 
| 217|0x000000071b200000, 0x000000071b400000, 0x000000071b400000|100%|HC|  |TAMS 0x000000071b200000| PB 0x000000071b200000| Complete 
| 218|0x000000071b400000, 0x000000071b600000, 0x000000071b600000|100%|HC|  |TAMS 0x000000071b400000| PB 0x000000071b400000| Complete 
| 219|0x000000071b600000, 0x000000071b800000, 0x000000071b800000|100%|HC|  |TAMS 0x000000071b600000| PB 0x000000071b600000| Complete 
| 220|0x000000071b800000, 0x000000071ba00000, 0x000000071ba00000|100%|HC|  |TAMS 0x000000071b800000| PB 0x000000071b800000| Complete 
| 221|0x000000071ba00000, 0x000000071bc00000, 0x000000071bc00000|100%|HC|  |TAMS 0x000000071ba00000| PB 0x000000071ba00000| Complete 
| 222|0x000000071bc00000, 0x000000071be00000, 0x000000071be00000|100%|HC|  |TAMS 0x000000071bc00000| PB 0x000000071bc00000| Complete 
| 223|0x000000071be00000, 0x000000071c000000, 0x000000071c000000|100%|HC|  |TAMS 0x000000071be00000| PB 0x000000071be00000| Complete 
| 224|0x000000071c000000, 0x000000071c200000, 0x000000071c200000|100%|HC|  |TAMS 0x000000071c000000| PB 0x000000071c000000| Complete 
| 225|0x000000071c200000, 0x000000071c400000, 0x000000071c400000|100%|HC|  |TAMS 0x000000071c200000| PB 0x000000071c200000| Complete 
| 226|0x000000071c400000, 0x000000071c600000, 0x000000071c600000|100%|HC|  |TAMS 0x000000071c400000| PB 0x000000071c400000| Complete 
| 227|0x000000071c600000, 0x000000071c65a780, 0x000000071c800000| 17%| S|CS|TAMS 0x000000071c600000| PB 0x000000071c600000| Complete 
| 228|0x000000071c800000, 0x000000071ca00000, 0x000000071ca00000|100%| S|CS|TAMS 0x000000071c800000| PB 0x000000071c800000| Complete 
| 229|0x000000071ca00000, 0x000000071cc00000, 0x000000071cc00000|100%| S|CS|TAMS 0x000000071ca00000| PB 0x000000071ca00000| Complete 
| 230|0x000000071cc00000, 0x000000071ce00000, 0x000000071ce00000|100%|HS|  |TAMS 0x000000071cc00000| PB 0x000000071cc00000| Complete 
| 231|0x000000071ce00000, 0x000000071d000000, 0x000000071d000000|100%|HC|  |TAMS 0x000000071ce00000| PB 0x000000071ce00000| Complete 
| 232|0x000000071d000000, 0x000000071d200000, 0x000000071d200000|100%| S|CS|TAMS 0x000000071d000000| PB 0x000000071d000000| Complete 
| 233|0x000000071d200000, 0x000000071d400000, 0x000000071d400000|100%| S|CS|TAMS 0x000000071d200000| PB 0x000000071d200000| Complete 
| 234|0x000000071d400000, 0x000000071d600000, 0x000000071d600000|100%| S|CS|TAMS 0x000000071d400000| PB 0x000000071d400000| Complete 
| 235|0x000000071d600000, 0x000000071d800000, 0x000000071d800000|100%|HS|  |TAMS 0x000000071d600000| PB 0x000000071d600000| Complete 
| 236|0x000000071d800000, 0x000000071da00000, 0x000000071da00000|100%|HC|  |TAMS 0x000000071d800000| PB 0x000000071d800000| Complete 
| 237|0x000000071da00000, 0x000000071dc00000, 0x000000071dc00000|100%| S|CS|TAMS 0x000000071da00000| PB 0x000000071da00000| Complete 
| 238|0x000000071dc00000, 0x000000071de00000, 0x000000071de00000|100%|HS|  |TAMS 0x000000071dc00000| PB 0x000000071dc00000| Complete 
| 239|0x000000071de00000, 0x000000071de00000, 0x000000071e000000|  0%| F|  |TAMS 0x000000071de00000| PB 0x000000071de00000| Untracked 
| 240|0x000000071e000000, 0x000000071e200000, 0x000000071e200000|100%|HS|  |TAMS 0x000000071e000000| PB 0x000000071e000000| Complete 
| 241|0x000000071e200000, 0x000000071e200000, 0x000000071e400000|  0%| F|  |TAMS 0x000000071e200000| PB 0x000000071e200000| Untracked 
| 242|0x000000071e400000, 0x000000071e600000, 0x000000071e600000|100%|HS|  |TAMS 0x000000071e400000| PB 0x000000071e400000| Complete 
| 243|0x000000071e600000, 0x000000071e600000, 0x000000071e800000|  0%| F|  |TAMS 0x000000071e600000| PB 0x000000071e600000| Untracked 
| 244|0x000000071e800000, 0x000000071ea00000, 0x000000071ea00000|100%|HS|  |TAMS 0x000000071e800000| PB 0x000000071e800000| Complete 
| 245|0x000000071ea00000, 0x000000071ea00000, 0x000000071ec00000|  0%| F|  |TAMS 0x000000071ea00000| PB 0x000000071ea00000| Untracked 
| 246|0x000000071ec00000, 0x000000071ec00000, 0x000000071ee00000|  0%| F|  |TAMS 0x000000071ec00000| PB 0x000000071ec00000| Untracked 
| 247|0x000000071ee00000, 0x000000071ee00000, 0x000000071f000000|  0%| F|  |TAMS 0x000000071ee00000| PB 0x000000071ee00000| Untracked 
| 248|0x000000071f000000, 0x000000071f200000, 0x000000071f200000|100%|HS|  |TAMS 0x000000071f000000| PB 0x000000071f000000| Complete 
| 249|0x000000071f200000, 0x000000071f400000, 0x000000071f400000|100%|HC|  |TAMS 0x000000071f200000| PB 0x000000071f200000| Complete 
| 250|0x000000071f400000, 0x000000071f400000, 0x000000071f600000|  0%| F|  |TAMS 0x000000071f400000| PB 0x000000071f400000| Untracked 
| 251|0x000000071f600000, 0x000000071f600000, 0x000000071f800000|  0%| F|  |TAMS 0x000000071f600000| PB 0x000000071f600000| Untracked 
| 252|0x000000071f800000, 0x000000071f800000, 0x000000071fa00000|  0%| F|  |TAMS 0x000000071f800000| PB 0x000000071f800000| Untracked 
| 253|0x000000071fa00000, 0x000000071fa00000, 0x000000071fc00000|  0%| F|  |TAMS 0x000000071fa00000| PB 0x000000071fa00000| Untracked 
| 254|0x000000071fc00000, 0x000000071fc00000, 0x000000071fe00000|  0%| F|  |TAMS 0x000000071fc00000| PB 0x000000071fc00000| Untracked 
| 255|0x000000071fe00000, 0x000000071fe00000, 0x0000000720000000|  0%| F|  |TAMS 0x000000071fe00000| PB 0x000000071fe00000| Untracked 
| 256|0x0000000720000000, 0x0000000720000000, 0x0000000720200000|  0%| F|  |TAMS 0x0000000720000000| PB 0x0000000720000000| Untracked 
| 257|0x0000000720200000, 0x0000000720200000, 0x0000000720400000|  0%| F|  |TAMS 0x0000000720200000| PB 0x0000000720200000| Untracked 
| 258|0x0000000720400000, 0x0000000720400000, 0x0000000720600000|  0%| F|  |TAMS 0x0000000720400000| PB 0x0000000720400000| Untracked 
| 259|0x0000000720600000, 0x0000000720600000, 0x0000000720800000|  0%| F|  |TAMS 0x0000000720600000| PB 0x0000000720600000| Untracked 
| 260|0x0000000720800000, 0x0000000720800000, 0x0000000720a00000|  0%| F|  |TAMS 0x0000000720800000| PB 0x0000000720800000| Untracked 
| 261|0x0000000720a00000, 0x0000000720a00000, 0x0000000720c00000|  0%| F|  |TAMS 0x0000000720a00000| PB 0x0000000720a00000| Untracked 
| 262|0x0000000720c00000, 0x0000000720c00000, 0x0000000720e00000|  0%| F|  |TAMS 0x0000000720c00000| PB 0x0000000720c00000| Untracked 
| 263|0x0000000720e00000, 0x0000000720e00000, 0x0000000721000000|  0%| F|  |TAMS 0x0000000720e00000| PB 0x0000000720e00000| Untracked 
| 264|0x0000000721000000, 0x0000000721000000, 0x0000000721200000|  0%| F|  |TAMS 0x0000000721000000| PB 0x0000000721000000| Untracked 
| 265|0x0000000721200000, 0x0000000721200000, 0x0000000721400000|  0%| F|  |TAMS 0x0000000721200000| PB 0x0000000721200000| Untracked 
| 266|0x0000000721400000, 0x0000000721400000, 0x0000000721600000|  0%| F|  |TAMS 0x0000000721400000| PB 0x0000000721400000| Untracked 
| 267|0x0000000721600000, 0x0000000721600000, 0x0000000721800000|  0%| F|  |TAMS 0x0000000721600000| PB 0x0000000721600000| Untracked 
| 268|0x0000000721800000, 0x0000000721800000, 0x0000000721a00000|  0%| F|  |TAMS 0x0000000721800000| PB 0x0000000721800000| Untracked 
| 269|0x0000000721a00000, 0x0000000721a00000, 0x0000000721c00000|  0%| F|  |TAMS 0x0000000721a00000| PB 0x0000000721a00000| Untracked 
| 270|0x0000000721c00000, 0x0000000721c00000, 0x0000000721e00000|  0%| F|  |TAMS 0x0000000721c00000| PB 0x0000000721c00000| Untracked 
| 271|0x0000000721e00000, 0x0000000721e00000, 0x0000000722000000|  0%| F|  |TAMS 0x0000000721e00000| PB 0x0000000721e00000| Untracked 
| 272|0x0000000722000000, 0x0000000722000000, 0x0000000722200000|  0%| F|  |TAMS 0x0000000722000000| PB 0x0000000722000000| Untracked 
| 273|0x0000000722200000, 0x0000000722200000, 0x0000000722400000|  0%| F|  |TAMS 0x0000000722200000| PB 0x0000000722200000| Untracked 
| 274|0x0000000722400000, 0x0000000722400000, 0x0000000722600000|  0%| F|  |TAMS 0x0000000722400000| PB 0x0000000722400000| Untracked 
| 275|0x0000000722600000, 0x0000000722600000, 0x0000000722800000|  0%| F|  |TAMS 0x0000000722600000| PB 0x0000000722600000| Untracked 
| 276|0x0000000722800000, 0x0000000722800000, 0x0000000722a00000|  0%| F|  |TAMS 0x0000000722800000| PB 0x0000000722800000| Untracked 
| 277|0x0000000722a00000, 0x0000000722a00000, 0x0000000722c00000|  0%| F|  |TAMS 0x0000000722a00000| PB 0x0000000722a00000| Untracked 
| 278|0x0000000722c00000, 0x0000000722c00000, 0x0000000722e00000|  0%| F|  |TAMS 0x0000000722c00000| PB 0x0000000722c00000| Untracked 
| 279|0x0000000722e00000, 0x0000000722e00000, 0x0000000723000000|  0%| F|  |TAMS 0x0000000722e00000| PB 0x0000000722e00000| Untracked 
| 280|0x0000000723000000, 0x0000000723000000, 0x0000000723200000|  0%| F|  |TAMS 0x0000000723000000| PB 0x0000000723000000| Untracked 
| 281|0x0000000723200000, 0x0000000723200000, 0x0000000723400000|  0%| F|  |TAMS 0x0000000723200000| PB 0x0000000723200000| Untracked 
| 282|0x0000000723400000, 0x0000000723400000, 0x0000000723600000|  0%| F|  |TAMS 0x0000000723400000| PB 0x0000000723400000| Untracked 
| 283|0x0000000723600000, 0x0000000723600000, 0x0000000723800000|  0%| F|  |TAMS 0x0000000723600000| PB 0x0000000723600000| Untracked 
| 284|0x0000000723800000, 0x0000000723800000, 0x0000000723a00000|  0%| F|  |TAMS 0x0000000723800000| PB 0x0000000723800000| Untracked 
| 285|0x0000000723a00000, 0x0000000723a00000, 0x0000000723c00000|  0%| F|  |TAMS 0x0000000723a00000| PB 0x0000000723a00000| Untracked 
| 286|0x0000000723c00000, 0x0000000723c00000, 0x0000000723e00000|  0%| F|  |TAMS 0x0000000723c00000| PB 0x0000000723c00000| Untracked 
| 287|0x0000000723e00000, 0x0000000723e00000, 0x0000000724000000|  0%| F|  |TAMS 0x0000000723e00000| PB 0x0000000723e00000| Untracked 
| 288|0x0000000724000000, 0x0000000724000000, 0x0000000724200000|  0%| F|  |TAMS 0x0000000724000000| PB 0x0000000724000000| Untracked 
| 289|0x0000000724200000, 0x0000000724200000, 0x0000000724400000|  0%| F|  |TAMS 0x0000000724200000| PB 0x0000000724200000| Untracked 
| 290|0x0000000724400000, 0x0000000724400000, 0x0000000724600000|  0%| F|  |TAMS 0x0000000724400000| PB 0x0000000724400000| Untracked 
| 291|0x0000000724600000, 0x0000000724600000, 0x0000000724800000|  0%| F|  |TAMS 0x0000000724600000| PB 0x0000000724600000| Untracked 
| 292|0x0000000724800000, 0x0000000724800000, 0x0000000724a00000|  0%| F|  |TAMS 0x0000000724800000| PB 0x0000000724800000| Untracked 
| 293|0x0000000724a00000, 0x0000000724a00000, 0x0000000724c00000|  0%| F|  |TAMS 0x0000000724a00000| PB 0x0000000724a00000| Untracked 
| 294|0x0000000724c00000, 0x0000000724c00000, 0x0000000724e00000|  0%| F|  |TAMS 0x0000000724c00000| PB 0x0000000724c00000| Untracked 
| 295|0x0000000724e00000, 0x0000000724e00000, 0x0000000725000000|  0%| F|  |TAMS 0x0000000724e00000| PB 0x0000000724e00000| Untracked 
| 296|0x0000000725000000, 0x0000000725000000, 0x0000000725200000|  0%| F|  |TAMS 0x0000000725000000| PB 0x0000000725000000| Untracked 
| 297|0x0000000725200000, 0x0000000725200000, 0x0000000725400000|  0%| F|  |TAMS 0x0000000725200000| PB 0x0000000725200000| Untracked 
| 298|0x0000000725400000, 0x0000000725400000, 0x0000000725600000|  0%| F|  |TAMS 0x0000000725400000| PB 0x0000000725400000| Untracked 
| 299|0x0000000725600000, 0x0000000725600000, 0x0000000725800000|  0%| F|  |TAMS 0x0000000725600000| PB 0x0000000725600000| Untracked 
| 300|0x0000000725800000, 0x0000000725800000, 0x0000000725a00000|  0%| F|  |TAMS 0x0000000725800000| PB 0x0000000725800000| Untracked 
| 301|0x0000000725a00000, 0x0000000725a00000, 0x0000000725c00000|  0%| F|  |TAMS 0x0000000725a00000| PB 0x0000000725a00000| Untracked 
| 302|0x0000000725c00000, 0x0000000725c00000, 0x0000000725e00000|  0%| F|  |TAMS 0x0000000725c00000| PB 0x0000000725c00000| Untracked 
| 303|0x0000000725e00000, 0x0000000725e00000, 0x0000000726000000|  0%| F|  |TAMS 0x0000000725e00000| PB 0x0000000725e00000| Untracked 
| 304|0x0000000726000000, 0x0000000726000000, 0x0000000726200000|  0%| F|  |TAMS 0x0000000726000000| PB 0x0000000726000000| Untracked 
| 305|0x0000000726200000, 0x0000000726200000, 0x0000000726400000|  0%| F|  |TAMS 0x0000000726200000| PB 0x0000000726200000| Untracked 
| 306|0x0000000726400000, 0x0000000726400000, 0x0000000726600000|  0%| F|  |TAMS 0x0000000726400000| PB 0x0000000726400000| Untracked 
| 307|0x0000000726600000, 0x0000000726600000, 0x0000000726800000|  0%| F|  |TAMS 0x0000000726600000| PB 0x0000000726600000| Untracked 
| 308|0x0000000726800000, 0x0000000726800000, 0x0000000726a00000|  0%| F|  |TAMS 0x0000000726800000| PB 0x0000000726800000| Untracked 
| 309|0x0000000726a00000, 0x0000000726a00000, 0x0000000726c00000|  0%| F|  |TAMS 0x0000000726a00000| PB 0x0000000726a00000| Untracked 
| 310|0x0000000726c00000, 0x0000000726c00000, 0x0000000726e00000|  0%| F|  |TAMS 0x0000000726c00000| PB 0x0000000726c00000| Untracked 
| 311|0x0000000726e00000, 0x0000000726e00000, 0x0000000727000000|  0%| F|  |TAMS 0x0000000726e00000| PB 0x0000000726e00000| Untracked 
| 312|0x0000000727000000, 0x0000000727000000, 0x0000000727200000|  0%| F|  |TAMS 0x0000000727000000| PB 0x0000000727000000| Untracked 
| 313|0x0000000727200000, 0x0000000727200000, 0x0000000727400000|  0%| F|  |TAMS 0x0000000727200000| PB 0x0000000727200000| Untracked 
| 314|0x0000000727400000, 0x0000000727400000, 0x0000000727600000|  0%| F|  |TAMS 0x0000000727400000| PB 0x0000000727400000| Untracked 
| 315|0x0000000727600000, 0x0000000727600000, 0x0000000727800000|  0%| F|  |TAMS 0x0000000727600000| PB 0x0000000727600000| Untracked 
| 316|0x0000000727800000, 0x0000000727800000, 0x0000000727a00000|  0%| F|  |TAMS 0x0000000727800000| PB 0x0000000727800000| Untracked 
| 317|0x0000000727a00000, 0x0000000727a00000, 0x0000000727c00000|  0%| F|  |TAMS 0x0000000727a00000| PB 0x0000000727a00000| Untracked 
| 318|0x0000000727c00000, 0x0000000727c00000, 0x0000000727e00000|  0%| F|  |TAMS 0x0000000727c00000| PB 0x0000000727c00000| Untracked 
| 319|0x0000000727e00000, 0x0000000727e00000, 0x0000000728000000|  0%| F|  |TAMS 0x0000000727e00000| PB 0x0000000727e00000| Untracked 
| 320|0x0000000728000000, 0x0000000728000000, 0x0000000728200000|  0%| F|  |TAMS 0x0000000728000000| PB 0x0000000728000000| Untracked 
| 321|0x0000000728200000, 0x0000000728200000, 0x0000000728400000|  0%| F|  |TAMS 0x0000000728200000| PB 0x0000000728200000| Untracked 
| 322|0x0000000728400000, 0x0000000728400000, 0x0000000728600000|  0%| F|  |TAMS 0x0000000728400000| PB 0x0000000728400000| Untracked 
| 323|0x0000000728600000, 0x0000000728600000, 0x0000000728800000|  0%| F|  |TAMS 0x0000000728600000| PB 0x0000000728600000| Untracked 
| 324|0x0000000728800000, 0x0000000728800000, 0x0000000728a00000|  0%| F|  |TAMS 0x0000000728800000| PB 0x0000000728800000| Untracked 
| 325|0x0000000728a00000, 0x0000000728a00000, 0x0000000728c00000|  0%| F|  |TAMS 0x0000000728a00000| PB 0x0000000728a00000| Untracked 
| 326|0x0000000728c00000, 0x0000000728c00000, 0x0000000728e00000|  0%| F|  |TAMS 0x0000000728c00000| PB 0x0000000728c00000| Untracked 
| 327|0x0000000728e00000, 0x0000000728e00000, 0x0000000729000000|  0%| F|  |TAMS 0x0000000728e00000| PB 0x0000000728e00000| Untracked 
| 328|0x0000000729000000, 0x0000000729000000, 0x0000000729200000|  0%| F|  |TAMS 0x0000000729000000| PB 0x0000000729000000| Untracked 
| 329|0x0000000729200000, 0x0000000729200000, 0x0000000729400000|  0%| F|  |TAMS 0x0000000729200000| PB 0x0000000729200000| Untracked 
| 330|0x0000000729400000, 0x0000000729400000, 0x0000000729600000|  0%| F|  |TAMS 0x0000000729400000| PB 0x0000000729400000| Untracked 
| 331|0x0000000729600000, 0x0000000729600000, 0x0000000729800000|  0%| F|  |TAMS 0x0000000729600000| PB 0x0000000729600000| Untracked 
| 332|0x0000000729800000, 0x0000000729800000, 0x0000000729a00000|  0%| F|  |TAMS 0x0000000729800000| PB 0x0000000729800000| Untracked 
| 333|0x0000000729a00000, 0x0000000729a00000, 0x0000000729c00000|  0%| F|  |TAMS 0x0000000729a00000| PB 0x0000000729a00000| Untracked 
| 334|0x0000000729c00000, 0x0000000729c00000, 0x0000000729e00000|  0%| F|  |TAMS 0x0000000729c00000| PB 0x0000000729c00000| Untracked 
| 335|0x0000000729e00000, 0x0000000729e00000, 0x000000072a000000|  0%| F|  |TAMS 0x0000000729e00000| PB 0x0000000729e00000| Untracked 
| 336|0x000000072a000000, 0x000000072a000000, 0x000000072a200000|  0%| F|  |TAMS 0x000000072a000000| PB 0x000000072a000000| Untracked 
| 337|0x000000072a200000, 0x000000072a200000, 0x000000072a400000|  0%| F|  |TAMS 0x000000072a200000| PB 0x000000072a200000| Untracked 
| 338|0x000000072a400000, 0x000000072a400000, 0x000000072a600000|  0%| F|  |TAMS 0x000000072a400000| PB 0x000000072a400000| Untracked 
| 339|0x000000072a600000, 0x000000072a600000, 0x000000072a800000|  0%| F|  |TAMS 0x000000072a600000| PB 0x000000072a600000| Untracked 
| 340|0x000000072a800000, 0x000000072a800000, 0x000000072aa00000|  0%| F|  |TAMS 0x000000072a800000| PB 0x000000072a800000| Untracked 
| 341|0x000000072aa00000, 0x000000072aa00000, 0x000000072ac00000|  0%| F|  |TAMS 0x000000072aa00000| PB 0x000000072aa00000| Untracked 
| 342|0x000000072ac00000, 0x000000072ac00000, 0x000000072ae00000|  0%| F|  |TAMS 0x000000072ac00000| PB 0x000000072ac00000| Untracked 
| 343|0x000000072ae00000, 0x000000072ae00000, 0x000000072b000000|  0%| F|  |TAMS 0x000000072ae00000| PB 0x000000072ae00000| Untracked 
| 344|0x000000072b000000, 0x000000072b000000, 0x000000072b200000|  0%| F|  |TAMS 0x000000072b000000| PB 0x000000072b000000| Untracked 
| 345|0x000000072b200000, 0x000000072b200000, 0x000000072b400000|  0%| F|  |TAMS 0x000000072b200000| PB 0x000000072b200000| Untracked 
| 346|0x000000072b400000, 0x000000072b400000, 0x000000072b600000|  0%| F|  |TAMS 0x000000072b400000| PB 0x000000072b400000| Untracked 
| 347|0x000000072b600000, 0x000000072b600000, 0x000000072b800000|  0%| F|  |TAMS 0x000000072b600000| PB 0x000000072b600000| Untracked 
|2013|0x00000007fba00000, 0x00000007fba00000, 0x00000007fbc00000|  0%| F|  |TAMS 0x00000007fba00000| PB 0x00000007fba00000| Untracked 
|2036|0x00000007fe800000, 0x00000007fea00000, 0x00000007fea00000|100%| O|  |TAMS 0x00000007fe800000| PB 0x00000007fe800000| Untracked 
|2038|0x00000007fec00000, 0x00000007fee00000, 0x00000007fee00000|100%| O|  |TAMS 0x00000007fec00000| PB 0x00000007fec00000| Untracked 
|2039|0x00000007fee00000, 0x00000007fee00000, 0x00000007ff000000|  0%| F|  |TAMS 0x00000007fee00000| PB 0x00000007fee00000| Untracked 
|2040|0x00000007ff000000, 0x00000007ff000000, 0x00000007ff200000|  0%| F|  |TAMS 0x00000007ff000000| PB 0x00000007ff000000| Untracked 
|2041|0x00000007ff200000, 0x00000007ff200000, 0x00000007ff400000|  0%| F|  |TAMS 0x00000007ff200000| PB 0x00000007ff200000| Untracked 
|2042|0x00000007ff400000, 0x00000007ff600000, 0x00000007ff600000|100%| O|  |TAMS 0x00000007ff400000| PB 0x00000007ff400000| Untracked 
|2043|0x00000007ff600000, 0x00000007ff600000, 0x00000007ff800000|  0%| F|  |TAMS 0x00000007ff600000| PB 0x00000007ff600000| Untracked 
|2044|0x00000007ff800000, 0x00000007ffa00000, 0x00000007ffa00000|100%| O|  |TAMS 0x00000007ff800000| PB 0x00000007ff800000| Untracked 
|2045|0x00000007ffa00000, 0x00000007ffc00000, 0x00000007ffc00000|100%| O|  |TAMS 0x00000007ffa00000| PB 0x00000007ffa00000| Untracked 
|2046|0x00000007ffc00000, 0x00000007ffe00000, 0x00000007ffe00000|100%| O|  |TAMS 0x00000007ffc00000| PB 0x00000007ffc00000| Untracked 
|2047|0x00000007ffe00000, 0x0000000800000000, 0x0000000800000000|100%| O|  |TAMS 0x00000007ffe00000| PB 0x00000007ffe00000| Untracked 

Card table byte_map: [0x000001e19e500000,0x000001e19ed00000] _byte_map_base: 0x000001e19ad00000

Marking Bits: (CMBitMap*) 0x000001e18b6dbb40
 Bits: [0x000001e19ed00000, 0x000001e1a2d00000)

Polling page: 0x000001e189490000

Metaspace:

Usage:
  Non-class:    149.68 MB used.
      Class:     23.63 MB used.
       Both:    173.31 MB used.

Virtual space:
  Non-class space:      192.00 MB reserved,     151.06 MB ( 79%) committed,  3 nodes.
      Class space:        1.00 GB reserved,      24.94 MB (  2%) committed,  1 nodes.
             Both:        1.19 GB reserved,     176.00 MB ( 14%) committed. 

Chunk freelists:
   Non-Class:  8.92 MB
       Class:  6.92 MB
        Both:  15.84 MB

MaxMetaspaceSize: unlimited
CompressedClassSpaceSize: 1.00 GB
Initial GC threshold: 21.00 MB
Current GC threshold: 293.25 MB
CDS: off
 - commit_granule_bytes: 65536.
 - commit_granule_words: 8192.
 - virtual_space_node_default_size: 8388608.
 - enlarge_chunks_in_place: 1.
 - use_allocation_guard: 0.


Internal statistics:

num_allocs_failed_limit: 12.
num_arena_births: 5462.
num_arena_deaths: 18.
num_vsnodes_births: 4.
num_vsnodes_deaths: 0.
num_space_committed: 2816.
num_space_uncommitted: 1.
num_chunks_returned_to_freelist: 53.
num_chunks_taken_from_freelist: 13115.
num_chunk_merges: 24.
num_chunk_splits: 8678.
num_chunks_enlarged: 5558.
num_inconsistent_stats: 0.

CodeHeap 'non-profiled nmethods': size=120000Kb used=15243Kb max_used=21413Kb free=104756Kb
 bounds [0x000001e196280000, 0x000001e197770000, 0x000001e19d7b0000]
CodeHeap 'profiled nmethods': size=120000Kb used=30589Kb max_used=50333Kb free=89410Kb
 bounds [0x000001e18e7b0000, 0x000001e1918e0000, 0x000001e195ce0000]
CodeHeap 'non-nmethods': size=5760Kb used=2168Kb max_used=2234Kb free=3591Kb
 bounds [0x000001e195ce0000, 0x000001e195f50000, 0x000001e196280000]
CodeCache: size=245760Kb, used=48000Kb, max_used=73980Kb, free=197757Kb
 total_blobs=16627, nmethods=15607, adapters=920, full_count=0
Compilation: enabled, stopped_count=0, restarted_count=0

Compilation events (20 events):
Event: 2659.238 Thread 0x000001e1a5b92300 40800       1       org.gradle.internal.execution.steps.IdentityCacheStep$DefaultIdentityCacheResult::getResult (5 bytes)
Event: 2659.239 Thread 0x000001e1a5b92300 nmethod 40800 0x000001e196efdf90 code [0x000001e196efe120, 0x000001e196efe1f0]
Event: 2659.242 Thread 0x000001e1a5b92300 40802       3       org.gradle.internal.execution.steps.IdentityCacheStep::lambda$executeDeferred$0 (7 bytes)
Event: 2659.243 Thread 0x000001e1a5b92300 nmethod 40802 0x000001e190589290 code [0x000001e190589440, 0x000001e190589578]
Event: 2659.249 Thread 0x000001e1a5b92300 40803       3       org.gradle.internal.execution.steps.IdentityCacheStep$$Lambda/0x0000000800832660::get (16 bytes)
Event: 2659.249 Thread 0x000001e1a5b92300 nmethod 40803 0x000001e18fe25810 code [0x000001e18fe259c0, 0x000001e18fe25b78]
Event: 2659.298 Thread 0x000001e1a5b92300 40804       3       java.nio.file.Files::newBufferedReader (31 bytes)
Event: 2659.299 Thread 0x000001e1b66e71c0 nmethod 40720 0x000001e196fa1890 code [0x000001e196fa1aa0, 0x000001e196fa2638]
Event: 2659.299 Thread 0x000001e1b66e71c0 40611       4       com.android.tools.r8.internal.oD::<init> (13 bytes)
Event: 2659.300 Thread 0x000001e1a5b92300 nmethod 40804 0x000001e18fe23c90 code [0x000001e18fe23fa0, 0x000001e18fe251f0]
Event: 2659.301 Thread 0x000001e1b66e71c0 nmethod 40611 0x000001e196efd910 code [0x000001e196efdaa0, 0x000001e196efdc20]
Event: 2659.301 Thread 0x000001e1b66e71c0 40612       4       com.android.tools.r8.internal.lD::a (21 bytes)
Event: 2659.303 Thread 0x000001e1a5b92300 40805       3       org.gradle.internal.execution.steps.IdentityCacheStep$$Lambda/0x00000008008384e0::apply (5 bytes)
Event: 2659.304 Thread 0x000001e1a5b92300 nmethod 40805 0x000001e18fe23890 code [0x000001e18fe23a40, 0x000001e18fe23ba8]
Event: 2659.378 Thread 0x000001e1a5b92300 40806       3       org.gradle.api.internal.artifacts.transform.TransformExecutionResultSerializer::<init> (5 bytes)
Event: 2659.379 Thread 0x000001e1a5b92300 nmethod 40806 0x000001e18fe23490 code [0x000001e18fe23640, 0x000001e18fe237a8]
Event: 2659.388 Thread 0x000001e1a5b92300 40807       3       org.gradle.api.internal.artifacts.transform.AbstractTransformExecution::loadAlreadyProducedOutput (24 bytes)
Event: 2659.389 Thread 0x000001e1a5b92300 nmethod 40807 0x000001e18fe22b10 code [0x000001e18fe22d20, 0x000001e18fe23268]
Event: 2659.389 Thread 0x000001e1a5b92300 40808       2       org.gradle.internal.snapshot.AbstractListChildMap$2::withReplacedChild (28 bytes)
Event: 2659.390 Thread 0x000001e1a5b92300 nmethod 40808 0x000001e18fe22590 code [0x000001e18fe22760, 0x000001e18fe22940]

GC Heap History (20 events):
Event: 2638.797 GC heap after
{Heap after GC invocations=118 (full 0):
 garbage-first heap   total 724992K, used 207116K [0x0000000700000000, 0x0000000800000000)
  region size 2048K, 1 young (2048K), 1 survivors (2048K)
 Metaspace       used 164993K, committed 167616K, reserved 1245184K
  class space    used 22968K, committed 24256K, reserved 1048576K
}
Event: 2651.956 GC heap before
{Heap before GC invocations=119 (full 0):
 garbage-first heap   total 696320K, used 633100K [0x0000000700000000, 0x0000000800000000)
  region size 2048K, 204 young (417792K), 1 survivors (2048K)
 Metaspace       used 167369K, committed 169920K, reserved 1245184K
  class space    used 23204K, committed 24448K, reserved 1048576K
}
Event: 2652.049 GC heap after
{Heap after GC invocations=120 (full 0):
 garbage-first heap   total 702464K, used 273808K [0x0000000700000000, 0x0000000800000000)
  region size 2048K, 26 young (53248K), 26 survivors (53248K)
 Metaspace       used 167369K, committed 169920K, reserved 1245184K
  class space    used 23204K, committed 24448K, reserved 1048576K
}
Event: 2652.061 GC heap before
{Heap before GC invocations=120 (full 0):
 garbage-first heap   total 702464K, used 275856K [0x0000000700000000, 0x0000000800000000)
  region size 2048K, 27 young (55296K), 26 survivors (53248K)
 Metaspace       used 167370K, committed 169920K, reserved 1245184K
  class space    used 23204K, committed 24448K, reserved 1048576K
}
Event: 2652.159 GC heap after
{Heap after GC invocations=121 (full 0):
 garbage-first heap   total 702464K, used 281447K [0x0000000700000000, 0x0000000800000000)
  region size 2048K, 3 young (6144K), 3 survivors (6144K)
 Metaspace       used 167370K, committed 169920K, reserved 1245184K
  class space    used 23204K, committed 24448K, reserved 1048576K
}
Event: 2653.551 GC heap before
{Heap before GC invocations=121 (full 0):
 garbage-first heap   total 702464K, used 457575K [0x0000000700000000, 0x0000000800000000)
  region size 2048K, 77 young (157696K), 3 survivors (6144K)
 Metaspace       used 170634K, committed 173248K, reserved 1245184K
  class space    used 23555K, committed 24832K, reserved 1048576K
}
Event: 2653.568 GC heap after
{Heap after GC invocations=122 (full 0):
 garbage-first heap   total 702464K, used 295632K [0x0000000700000000, 0x0000000800000000)
  region size 2048K, 7 young (14336K), 7 survivors (14336K)
 Metaspace       used 170634K, committed 173248K, reserved 1245184K
  class space    used 23555K, committed 24832K, reserved 1048576K
}
Event: 2654.203 GC heap before
{Heap before GC invocations=122 (full 0):
 garbage-first heap   total 702464K, used 467664K [0x0000000700000000, 0x0000000800000000)
  region size 2048K, 92 young (188416K), 7 survivors (14336K)
 Metaspace       used 174207K, committed 176896K, reserved 1245184K
  class space    used 23879K, committed 25216K, reserved 1048576K
}
Event: 2654.228 GC heap after
{Heap after GC invocations=123 (full 0):
 garbage-first heap   total 702464K, used 315506K [0x0000000700000000, 0x0000000800000000)
  region size 2048K, 10 young (20480K), 10 survivors (20480K)
 Metaspace       used 174207K, committed 176896K, reserved 1245184K
  class space    used 23879K, committed 25216K, reserved 1048576K
}
Event: 2656.754 GC heap before
{Heap before GC invocations=123 (full 0):
 garbage-first heap   total 702464K, used 530546K [0x0000000700000000, 0x0000000800000000)
  region size 2048K, 112 young (229376K), 10 survivors (20480K)
 Metaspace       used 177142K, committed 179840K, reserved 1245184K
  class space    used 24170K, committed 25472K, reserved 1048576K
}
Event: 2656.781 GC heap after
{Heap after GC invocations=124 (full 0):
 garbage-first heap   total 702464K, used 306036K [0x0000000700000000, 0x0000000800000000)
  region size 2048K, 4 young (8192K), 4 survivors (8192K)
 Metaspace       used 177142K, committed 179840K, reserved 1245184K
  class space    used 24170K, committed 25472K, reserved 1048576K
}
Event: 2657.957 GC heap before
{Heap before GC invocations=124 (full 0):
 garbage-first heap   total 702464K, used 697204K [0x0000000700000000, 0x0000000800000000)
  region size 2048K, 164 young (335872K), 4 survivors (8192K)
 Metaspace       used 177437K, committed 180160K, reserved 1245184K
  class space    used 24194K, committed 25536K, reserved 1048576K
}
Event: 2657.982 GC heap after
{Heap after GC invocations=125 (full 0):
 garbage-first heap   total 735232K, used 389164K [0x0000000700000000, 0x0000000800000000)
  region size 2048K, 15 young (30720K), 15 survivors (30720K)
 Metaspace       used 177437K, committed 180160K, reserved 1245184K
  class space    used 24194K, committed 25536K, reserved 1048576K
}
Event: 2657.982 GC heap before
{Heap before GC invocations=125 (full 0):
 garbage-first heap   total 735232K, used 389164K [0x0000000700000000, 0x0000000800000000)
  region size 2048K, 17 young (34816K), 15 survivors (30720K)
 Metaspace       used 177437K, committed 180160K, reserved 1245184K
  class space    used 24194K, committed 25536K, reserved 1048576K
}
Event: 2657.992 GC heap after
{Heap after GC invocations=126 (full 0):
 garbage-first heap   total 735232K, used 396096K [0x0000000700000000, 0x0000000800000000)
  region size 2048K, 1 young (2048K), 1 survivors (2048K)
 Metaspace       used 177437K, committed 180160K, reserved 1245184K
  class space    used 24194K, committed 25536K, reserved 1048576K
}
Event: 2658.324 GC heap before
{Heap before GC invocations=126 (full 0):
 garbage-first heap   total 735232K, used 631616K [0x0000000700000000, 0x0000000800000000)
  region size 2048K, 50 young (102400K), 1 survivors (2048K)
 Metaspace       used 177448K, committed 180160K, reserved 1245184K
  class space    used 24194K, committed 25536K, reserved 1048576K
}
Event: 2658.330 GC heap after
{Heap after GC invocations=127 (full 0):
 garbage-first heap   total 735232K, used 467391K [0x0000000700000000, 0x0000000800000000)
  region size 2048K, 7 young (14336K), 7 survivors (14336K)
 Metaspace       used 177448K, committed 180160K, reserved 1245184K
  class space    used 24194K, committed 25536K, reserved 1048576K
}
Event: 2658.860 GC heap before
{Heap before GC invocations=128 (full 0):
 garbage-first heap   total 737280K, used 532927K [0x0000000700000000, 0x0000000800000000)
  region size 2048K, 52 young (106496K), 7 survivors (14336K)
 Metaspace       used 177463K, committed 180224K, reserved 1245184K
  class space    used 24195K, committed 25536K, reserved 1048576K
}
Event: 2658.874 GC heap after
{Heap after GC invocations=129 (full 0):
 garbage-first heap   total 737280K, used 447034K [0x0000000700000000, 0x0000000800000000)
  region size 2048K, 3 young (6144K), 3 survivors (6144K)
 Metaspace       used 177463K, committed 180224K, reserved 1245184K
  class space    used 24195K, committed 25536K, reserved 1048576K
}
Event: 2659.390 GC heap before
{Heap before GC invocations=129 (full 0):
 garbage-first heap   total 737280K, used 655930K [0x0000000700000000, 0x0000000800000000)
  region size 2048K, 106 young (217088K), 3 survivors (6144K)
 Metaspace       used 177468K, committed 180224K, reserved 1245184K
  class space    used 24195K, committed 25536K, reserved 1048576K
}

Dll operation events (3 events):
Event: 0.020 Loaded shared library C:\Program Files\Android\Android Studio\jbr\bin\java.dll
Event: 0.027 Loaded shared library C:\Program Files\Android\Android Studio\jbr\bin\zip.dll
Event: 0.988 Loaded shared library C:\Program Files\Android\Android Studio\jbr\bin\verify.dll

Deoptimization events (20 events):
Event: 2658.799 Thread 0x000001e1b652add0 DEOPT PACKING pc=0x000001e18f25f1f4 sp=0x000000af61efd3d0
Event: 2658.799 Thread 0x000001e1b652add0 DEOPT UNPACKING pc=0x000001e195d34bc2 sp=0x000000af61efc8d8 mode 0
Event: 2658.811 Thread 0x000001e1b652add0 DEOPT PACKING pc=0x000001e18f25f1f4 sp=0x000000af61efd3d0
Event: 2658.811 Thread 0x000001e1b652add0 DEOPT UNPACKING pc=0x000001e195d34bc2 sp=0x000000af61efc8d8 mode 0
Event: 2658.846 Thread 0x000001e1b652add0 DEOPT PACKING pc=0x000001e18f25f1f4 sp=0x000000af61efd3d0
Event: 2658.846 Thread 0x000001e1b652add0 DEOPT UNPACKING pc=0x000001e195d34bc2 sp=0x000000af61efc8d8 mode 0
Event: 2658.874 Thread 0x000001e1b652add0 DEOPT PACKING pc=0x000001e18f25f1f4 sp=0x000000af61efd3d0
Event: 2658.874 Thread 0x000001e1b652add0 DEOPT UNPACKING pc=0x000001e195d34bc2 sp=0x000000af61efc8d8 mode 0
Event: 2658.879 Thread 0x000001e1b652add0 DEOPT PACKING pc=0x000001e18f25f1f4 sp=0x000000af61efd3d0
Event: 2658.879 Thread 0x000001e1b652add0 DEOPT UNPACKING pc=0x000001e195d34bc2 sp=0x000000af61efc8d8 mode 0
Event: 2658.887 Thread 0x000001e1b652add0 DEOPT PACKING pc=0x000001e18f25f1f4 sp=0x000000af61efd3d0
Event: 2658.887 Thread 0x000001e1b652add0 DEOPT UNPACKING pc=0x000001e195d34bc2 sp=0x000000af61efc8d8 mode 0
Event: 2658.890 Thread 0x000001e1b652add0 DEOPT PACKING pc=0x000001e18f25f1f4 sp=0x000000af61efd3d0
Event: 2658.890 Thread 0x000001e1b652add0 DEOPT UNPACKING pc=0x000001e195d34bc2 sp=0x000000af61efc8d8 mode 0
Event: 2659.127 Thread 0x000001e1b652add0 DEOPT PACKING pc=0x000001e18fac3477 sp=0x000000af61efd390
Event: 2659.127 Thread 0x000001e1b652add0 DEOPT UNPACKING pc=0x000001e195d34bc2 sp=0x000000af61efc8c0 mode 0
Event: 2659.160 Thread 0x000001e1afb7d030 Uncommon trap: trap_request=0xffffff45 fr.pc=0x000001e19774a438 relative=0x0000000000000598
Event: 2659.160 Thread 0x000001e1afb7d030 Uncommon trap: reason=unstable_if action=reinterpret pc=0x000001e19774a438 method=org.gradle.internal.snapshot.VfsRelativePath.lengthOfCommonPrefix(Ljava/lang/String;Lorg/gradle/internal/snapshot/CaseSensitivity;)I @ 165 c2
Event: 2659.160 Thread 0x000001e1afb7d030 DEOPT PACKING pc=0x000001e19774a438 sp=0x000000af5fafe780
Event: 2659.160 Thread 0x000001e1afb7d030 DEOPT UNPACKING pc=0x000001e195d34422 sp=0x000000af5fafe630 mode 2

Classes loaded (20 events):
Event: 2653.643 Loading class com/sun/xml/internal/stream/events/EndElementEvent
Event: 2653.643 Loading class javax/xml/stream/events/EndElement
Event: 2653.643 Loading class javax/xml/stream/events/EndElement done
Event: 2653.643 Loading class com/sun/xml/internal/stream/events/EndElementEvent done
Event: 2653.643 Loading class java/lang/StringUTF16$CodePointsSpliterator
Event: 2653.649 Loading class java/lang/StringUTF16$CodePointsSpliterator done
Event: 2654.069 Loading class com/sun/xml/internal/stream/events/CommentEvent
Event: 2654.072 Loading class javax/xml/stream/events/Comment
Event: 2654.072 Loading class javax/xml/stream/events/Comment done
Event: 2654.074 Loading class com/sun/xml/internal/stream/events/CommentEvent done
Event: 2654.264 Loading class com/sun/xml/internal/stream/util/ReadOnlyIterator
Event: 2654.265 Loading class com/sun/xml/internal/stream/util/ReadOnlyIterator done
Event: 2656.166 Loading class java/util/Collections$UnmodifiableList$1
Event: 2656.168 Loading class java/util/Collections$UnmodifiableList$1 done
Event: 2656.324 Loading class sun/nio/cs/UTF_16$Encoder
Event: 2656.335 Loading class sun/nio/cs/UnicodeEncoder
Event: 2656.335 Loading class sun/nio/cs/UnicodeEncoder done
Event: 2656.335 Loading class sun/nio/cs/UTF_16$Encoder done
Event: 2656.338 Loading class sun/nio/cs/UTF_16$Decoder
Event: 2656.338 Loading class sun/nio/cs/UTF_16$Decoder done

Classes unloaded (20 events):
Event: 87.877 Thread 0x000001e1a5af0a50 Unloading class 0x0000000801597478 'jdk/internal/jimage/ImageHeader'
Event: 87.877 Thread 0x000001e1a5af0a50 Unloading class 0x0000000801597210 'jdk/internal/jimage/BasicImageReader$2'
Event: 87.877 Thread 0x000001e1a5af0a50 Unloading class 0x0000000801596fa8 'jdk/internal/jimage/BasicImageReader$1'
Event: 87.877 Thread 0x000001e1a5af0a50 Unloading class 0x0000000801596d08 'jdk/internal/jimage/ImageReader$Resource'
Event: 87.877 Thread 0x000001e1a5af0a50 Unloading class 0x0000000801596a68 'jdk/internal/jimage/ImageReader$LinkNode'
Event: 87.877 Thread 0x000001e1a5af0a50 Unloading class 0x00000008015967c8 'jdk/internal/jimage/ImageReader$Directory'
Event: 87.877 Thread 0x000001e1a5af0a50 Unloading class 0x0000000801596528 'jdk/internal/jimage/ImageReader$Node'
Event: 87.877 Thread 0x000001e1a5af0a50 Unloading class 0x00000008015962f8 'jdk/internal/jimage/ImageStrings'
Event: 87.877 Thread 0x000001e1a5af0a50 Unloading class 0x0000000801596000 'jdk/internal/jimage/ImageReader$SharedImageReader'
Event: 87.877 Thread 0x000001e1a5af0a50 Unloading class 0x0000000801595be0 'jdk/internal/jimage/BasicImageReader'
Event: 87.877 Thread 0x000001e1a5af0a50 Unloading class 0x0000000801595988 'jdk/internal/jimage/ImageReader'
Event: 87.877 Thread 0x000001e1a5af0a50 Unloading class 0x0000000801595728 'jdk/internal/jrtfs/SystemImage$2'
Event: 87.877 Thread 0x000001e1a5af0a50 Unloading class 0x00000008015954d8 'jdk/internal/jrtfs/SystemImage$$Lambda+0x00000008015954d8'
Event: 87.877 Thread 0x000001e1a5af0a50 Unloading class 0x0000000801595270 'jdk/internal/jrtfs/ExplodedImage'
Event: 87.877 Thread 0x000001e1a5af0a50 Unloading class 0x0000000801595000 'jdk/internal/jrtfs/SystemImage$1'
Event: 87.877 Thread 0x000001e1a5af0a50 Unloading class 0x0000000801594ca0 'jdk/internal/jrtfs/SystemImage'
Event: 87.877 Thread 0x000001e1a5af0a50 Unloading class 0x0000000801594a08 'jdk/internal/jrtfs/JrtFileStore'
Event: 87.877 Thread 0x000001e1a5af0a50 Unloading class 0x0000000801594658 'jdk/internal/jrtfs/JrtPath'
Event: 87.877 Thread 0x000001e1a5af0a50 Unloading class 0x0000000801594328 'jdk/internal/jrtfs/JrtFileSystem'
Event: 87.877 Thread 0x000001e1a5af0a50 Unloading class 0x0000000801594000 'jdk/internal/jrtfs/JrtFileSystemProvider'

Classes redefined (0 events):
No events

Internal exceptions (20 events):
Event: 2659.225 Thread 0x000001e1b6b295e0 Exception <a 'sun/nio/fs/WindowsException'{0x0000000723fbd0d8}> (0x0000000723fbd0d8) 
thrown [s\src\hotspot\share\prims\jni.cpp, line 537]
Event: 2659.227 Thread 0x000001e1b737eb20 Exception <a 'sun/nio/fs/WindowsException'{0x0000000723d349e0}> (0x0000000723d349e0) 
thrown [s\src\hotspot\share\prims\jni.cpp, line 537]
Event: 2659.228 Thread 0x000001e1b0f89d10 Exception <a 'sun/nio/fs/WindowsException'{0x0000000723d246b8}> (0x0000000723d246b8) 
thrown [s\src\hotspot\share\prims\jni.cpp, line 537]
Event: 2659.228 Thread 0x000001e1b6b28230 Exception <a 'sun/nio/fs/WindowsException'{0x0000000723df2a88}> (0x0000000723df2a88) 
thrown [s\src\hotspot\share\prims\jni.cpp, line 537]
Event: 2659.231 Thread 0x000001e1b6b27ba0 Exception <a 'sun/nio/fs/WindowsException'{0x0000000723b975e0}> (0x0000000723b975e0) 
thrown [s\src\hotspot\share\prims\jni.cpp, line 537]
Event: 2659.234 Thread 0x000001e1b6b2bd40 Exception <a 'sun/nio/fs/WindowsException'{0x00000007239de350}> (0x00000007239de350) 
thrown [s\src\hotspot\share\prims\jni.cpp, line 537]
Event: 2659.254 Thread 0x000001e1b6b2fee0 Exception <a 'sun/nio/fs/WindowsException'{0x0000000722f673a8}> (0x0000000722f673a8) 
thrown [s\src\hotspot\share\prims\jni.cpp, line 537]
Event: 2659.282 Thread 0x000001e1b6b30570 Exception <a 'sun/nio/fs/WindowsException'{0x0000000721e174a8}> (0x0000000721e174a8) 
thrown [s\src\hotspot\share\prims\jni.cpp, line 537]
Event: 2659.282 Thread 0x000001e1b737eb20 Exception <a 'sun/nio/fs/WindowsException'{0x0000000721f98c28}> (0x0000000721f98c28) 
thrown [s\src\hotspot\share\prims\jni.cpp, line 537]
Event: 2659.287 Thread 0x000001e1afb7d030 Exception <a 'sun/nio/fs/WindowsException'{0x0000000721a202e0}> (0x0000000721a202e0) 
thrown [s\src\hotspot\share\prims\jni.cpp, line 537]
Event: 2659.297 Thread 0x000001e1b6b295e0 Exception <a 'sun/nio/fs/WindowsException'{0x0000000721f570f8}> (0x0000000721f570f8) 
thrown [s\src\hotspot\share\prims\jni.cpp, line 537]
Event: 2659.304 Thread 0x000001e1b6b2bd40 Exception <a 'sun/nio/fs/WindowsException'{0x00000007212937e8}> (0x00000007212937e8) 
thrown [s\src\hotspot\share\prims\jni.cpp, line 537]
Event: 2659.316 Thread 0x000001e1b0f89d10 Exception <a 'sun/nio/fs/WindowsException'{0x0000000720f6d0f8}> (0x0000000720f6d0f8) 
thrown [s\src\hotspot\share\prims\jni.cpp, line 537]
Event: 2659.317 Thread 0x000001e1b6b28230 Exception <a 'sun/nio/fs/WindowsException'{0x0000000720e316b0}> (0x0000000720e316b0) 
thrown [s\src\hotspot\share\prims\jni.cpp, line 537]
Event: 2659.318 Thread 0x000001e1b6b27ba0 Exception <a 'sun/nio/fs/WindowsException'{0x0000000720a9de30}> (0x0000000720a9de30) 
thrown [s\src\hotspot\share\prims\jni.cpp, line 537]
Event: 2659.331 Thread 0x000001e1b6b2fee0 Exception <a 'sun/nio/fs/WindowsException'{0x00000007206f52f8}> (0x00000007206f52f8) 
thrown [s\src\hotspot\share\prims\jni.cpp, line 537]
Event: 2659.359 Thread 0x000001e1b737f1b0 Exception <a 'sun/nio/fs/WindowsException'{0x000000071f82ccb8}> (0x000000071f82ccb8) 
thrown [s\src\hotspot\share\prims\jni.cpp, line 537]
Event: 2659.366 Thread 0x000001e1b6b30570 Exception <a 'sun/nio/fs/WindowsException'{0x000000071f6f0d90}> (0x000000071f6f0d90) 
thrown [s\src\hotspot\share\prims\jni.cpp, line 537]
Event: 2659.380 Thread 0x000001e1b6b2bd40 Exception <a 'sun/nio/fs/WindowsException'{0x000000071ea4fc90}> (0x000000071ea4fc90) 
thrown [s\src\hotspot\share\prims\jni.cpp, line 537]
Event: 2659.380 Thread 0x000001e1afb7d030 Exception <a 'sun/nio/fs/WindowsException'{0x000000071eb3ec98}> (0x000000071eb3ec98) 
thrown [s\src\hotspot\share\prims\jni.cpp, line 537]

ZGC Phase Switch (0 events):
No events

VM Operations (20 events):
Event: 2656.715 Executing VM operation: HandshakeAllThreads (Deoptimize) done
Event: 2656.721 Executing VM operation: HandshakeAllThreads (Deoptimize)
Event: 2656.722 Executing VM operation: HandshakeAllThreads (Deoptimize) done
Event: 2656.753 Executing VM operation: G1CollectForAllocation (G1 Evacuation Pause)
Event: 2656.781 Executing VM operation: G1CollectForAllocation (G1 Evacuation Pause) done
Event: 2657.399 Executing VM operation: ICBufferFull
Event: 2657.399 Executing VM operation: ICBufferFull done
Event: 2657.957 Executing VM operation: G1CollectForAllocation (G1 Evacuation Pause)
Event: 2657.982 Executing VM operation: G1CollectForAllocation (G1 Evacuation Pause) done
Event: 2657.982 Executing VM operation: G1TryInitiateConcMark (G1 Humongous Allocation)
Event: 2657.993 Executing VM operation: G1TryInitiateConcMark (G1 Humongous Allocation) done
Event: 2658.324 Executing VM operation: G1CollectForAllocation (G1 Evacuation Pause)
Event: 2658.330 Executing VM operation: G1CollectForAllocation (G1 Evacuation Pause) done
Event: 2658.333 Executing VM operation: G1PauseRemark
Event: 2658.352 Executing VM operation: G1PauseRemark done
Event: 2658.553 Executing VM operation: G1PauseCleanup
Event: 2658.555 Executing VM operation: G1PauseCleanup done
Event: 2658.860 Executing VM operation: G1CollectForAllocation (G1 Evacuation Pause)
Event: 2658.874 Executing VM operation: G1CollectForAllocation (G1 Evacuation Pause) done
Event: 2659.390 Executing VM operation: G1CollectForAllocation (G1 Evacuation Pause)

Memory protections (0 events):
No events

Nmethod flushes (20 events):
Event: 2658.344 Thread 0x000001e1a5af0a50 flushing  nmethod 0x000001e18eedc310
Event: 2658.344 Thread 0x000001e1a5af0a50 flushing  nmethod 0x000001e18f53d290
Event: 2658.345 Thread 0x000001e1a5af0a50 flushing  nmethod 0x000001e18e915410
Event: 2658.345 Thread 0x000001e1a5af0a50 flushing  nmethod 0x000001e18ff6af10
Event: 2658.345 Thread 0x000001e1a5af0a50 flushing  nmethod 0x000001e18f597610
Event: 2658.345 Thread 0x000001e1a5af0a50 flushing  nmethod 0x000001e18f597b10
Event: 2658.345 Thread 0x000001e1a5af0a50 flushing  nmethod 0x000001e18f805310
Event: 2658.345 Thread 0x000001e1a5af0a50 flushing  nmethod 0x000001e190247710
Event: 2658.345 Thread 0x000001e1a5af0a50 flushing  nmethod 0x000001e190248190
Event: 2658.345 Thread 0x000001e1a5af0a50 flushing  nmethod 0x000001e1906ba290
Event: 2658.345 Thread 0x000001e1a5af0a50 flushing  nmethod 0x000001e190507810
Event: 2658.345 Thread 0x000001e1a5af0a50 flushing  nmethod 0x000001e18edbf590
Event: 2658.345 Thread 0x000001e1a5af0a50 flushing  nmethod 0x000001e18fa73310
Event: 2658.345 Thread 0x000001e1a5af0a50 flushing  nmethod 0x000001e18ee7a910
Event: 2658.345 Thread 0x000001e1a5af0a50 flushing  nmethod 0x000001e18ee7b010
Event: 2658.345 Thread 0x000001e1a5af0a50 flushing  nmethod 0x000001e18f178490
Event: 2658.345 Thread 0x000001e1a5af0a50 flushing  nmethod 0x000001e190365b10
Event: 2658.345 Thread 0x000001e1a5af0a50 flushing  nmethod 0x000001e19048b710
Event: 2658.345 Thread 0x000001e1a5af0a50 flushing  nmethod 0x000001e19157d690
Event: 2658.345 Thread 0x000001e1a5af0a50 flushing  nmethod 0x000001e19157de90

Events (20 events):
Event: 2657.572 Thread 0x000001e1b0f875b0 Thread added: 0x000001e1bbdacab0
Event: 2657.572 Thread 0x000001e1b0f875b0 Thread added: 0x000001e1bbdaa350
Event: 2657.572 Thread 0x000001e1b0f875b0 Thread added: 0x000001e1bbdab700
Event: 2657.587 Thread 0x000001e1b0f875b0 Thread added: 0x000001e1bbdaa9e0
Event: 2657.587 Thread 0x000001e1b0f875b0 Thread added: 0x000001e1b1473d00
Event: 2657.588 Thread 0x000001e1b0f875b0 Thread added: 0x000001e1b1474390
Event: 2657.694 Thread 0x000001e1b0f875b0 Thread added: 0x000001e1bbdabd90
Event: 2657.695 Thread 0x000001e1b0f875b0 Thread added: 0x000001e1bbdac420
Event: 2657.695 Thread 0x000001e1b0f875b0 Thread added: 0x000001e1bbdad140
Event: 2657.696 Thread 0x000001e1b0f875b0 Thread added: 0x000001e1af344200
Event: 2657.697 Thread 0x000001e1b0f875b0 Thread added: 0x000001e1af344890
Event: 2657.699 Thread 0x000001e1b0f875b0 Thread added: 0x000001e1ab096c40
Event: 2657.701 Thread 0x000001e1b0f875b0 Thread added: 0x000001e1ab098680
Event: 2657.773 Thread 0x000001e1b0f875b0 Thread added: 0x000001e1b0b0fa60
Event: 2657.774 Thread 0x000001e1b0f875b0 Thread added: 0x000001e1b0b100f0
Event: 2658.405 Thread 0x000001e1b6b2eb30 Thread added: 0x000001e1ab097960
Event: 2659.065 Thread 0x000001e1b6b2eb30 Thread added: 0x000001e1b75e3b90
Event: 2659.065 Thread 0x000001e1b6b2eb30 Thread added: 0x000001e1b75e4220
Event: 2659.110 Thread 0x000001e1bcd9ebb0 Thread added: 0x000001e1b0b10780
Event: 2659.110 Thread 0x000001e1bcd9ebb0 Thread added: 0x000001e1b0b0e6b0


Dynamic libraries:
0x00007ff650f30000 - 0x00007ff650f3a000 	C:\Program Files\Android\Android Studio\jbr\bin\java.exe
0x00007fffc28a0000 - 0x00007fffc2b06000 	C:\WINDOWS\SYSTEM32\ntdll.dll
0x00007fffc13c0000 - 0x00007fffc1489000 	C:\WINDOWS\System32\KERNEL32.DLL
0x00007fffc0100000 - 0x00007fffc0500000 	C:\WINDOWS\System32\KERNELBASE.dll
0x00007fffbff70000 - 0x00007fffc00bc000 	C:\WINDOWS\System32\ucrtbase.dll
0x00007fffa9370000 - 0x00007fffa9388000 	C:\Program Files\Android\Android Studio\jbr\bin\jli.dll
0x00007fff61490000 - 0x00007fff614ab000 	C:\Program Files\Android\Android Studio\jbr\bin\VCRUNTIME140.dll
0x00007fffc0f10000 - 0x00007fffc10d7000 	C:\WINDOWS\System32\USER32.dll
0x00007fffc00d0000 - 0x00007fffc00f7000 	C:\WINDOWS\System32\win32u.dll
0x00007fffc24a0000 - 0x00007fffc24cb000 	C:\WINDOWS\System32\GDI32.dll
0x00007fffa7ab0000 - 0x00007fffa7d42000 	C:\WINDOWS\WinSxS\amd64_microsoft.windows.common-controls_6595b64144ccf1df_6.0.26100.8737_none_3e092eaee333b772\COMCTL32.dll
0x00007fffbfb80000 - 0x00007fffbfca9000 	C:\WINDOWS\System32\gdi32full.dll
0x00007fffc23d0000 - 0x00007fffc2479000 	C:\WINDOWS\System32\msvcrt.dll
0x00007fffbfe30000 - 0x00007fffbfed3000 	C:\WINDOWS\System32\msvcp_win.dll
0x00007fffc2160000 - 0x00007fffc2192000 	C:\WINDOWS\System32\IMM32.DLL
0x00000000650e0000 - 0x00000000650ed000 	C:\Program Files (x86)\360\Total Security\safemon\SafeWrapper.dll
0x00007fffc05d0000 - 0x00007fffc0687000 	C:\WINDOWS\System32\ADVAPI32.dll
0x00007fffc1530000 - 0x00007fffc15da000 	C:\WINDOWS\System32\sechost.dll
0x00007fffc17c0000 - 0x00007fffc18d8000 	C:\WINDOWS\System32\RPCRT4.dll
0x00007fffbdc30000 - 0x00007fffbdd35000 	C:\Program Files (x86)\360\Total Security\safemon\libzdtp64.dll
0x00007fffc19c0000 - 0x00007fffc2152000 	C:\WINDOWS\System32\SHELL32.dll
0x00007fffc0c20000 - 0x00007fffc0c87000 	C:\WINDOWS\System32\SHLWAPI.dll
0x00007fffbf3b0000 - 0x00007fffbf3bb000 	C:\WINDOWS\SYSTEM32\VERSION.dll
0x00007fff61480000 - 0x00007fff6148c000 	C:\Program Files\Android\Android Studio\jbr\bin\vcruntime140_1.dll
0x00007fff9b900000 - 0x00007fff9b98d000 	C:\Program Files\Android\Android Studio\jbr\bin\msvcp140.dll
0x00007fff5ea00000 - 0x00007fff5f696000 	C:\Program Files\Android\Android Studio\jbr\bin\server\jvm.dll
0x00007fffc14a0000 - 0x00007fffc1520000 	C:\WINDOWS\System32\WS2_32.dll
0x00007fffbf940000 - 0x00007fffbf99e000 	C:\WINDOWS\SYSTEM32\POWRPROF.dll
0x00007fffa7730000 - 0x00007fffa7766000 	C:\WINDOWS\SYSTEM32\WINMM.dll
0x00007fffbf920000 - 0x00007fffbf934000 	C:\WINDOWS\SYSTEM32\UMPDC.dll
0x00007fffbe700000 - 0x00007fffbe71b000 	C:\WINDOWS\SYSTEM32\kernel.appcore.dll
0x00007fff61470000 - 0x00007fff6147a000 	C:\Program Files\Android\Android Studio\jbr\bin\jimage.dll
0x00007fffbcec0000 - 0x00007fffbd102000 	C:\WINDOWS\SYSTEM32\DBGHELP.DLL
0x00007fffc24d0000 - 0x00007fffc2853000 	C:\WINDOWS\System32\combase.dll
0x00007fffc18e0000 - 0x00007fffc19b9000 	C:\WINDOWS\System32\OLEAUT32.dll
0x00007fffac620000 - 0x00007fffac65b000 	C:\WINDOWS\SYSTEM32\dbgcore.DLL
0x00007fffbfac0000 - 0x00007fffbfb6c000 	C:\WINDOWS\System32\bcryptPrimitives.dll
0x00007fffabda0000 - 0x00007fffabdae000 	C:\Program Files\Android\Android Studio\jbr\bin\instrument.dll
0x00007fff61450000 - 0x00007fff61470000 	C:\Program Files\Android\Android Studio\jbr\bin\java.dll
0x00007fff61430000 - 0x00007fff61448000 	C:\Program Files\Android\Android Studio\jbr\bin\zip.dll
0x00007fffbd370000 - 0x00007fffbdc02000 	C:\WINDOWS\SYSTEM32\windows.storage.dll
0x00007fffc0e00000 - 0x00007fffc0ef7000 	C:\WINDOWS\System32\SHCORE.dll
0x00007fffbf9e0000 - 0x00007fffbfa09000 	C:\WINDOWS\SYSTEM32\profapi.dll
0x00007fff61420000 - 0x00007fff61430000 	C:\Program Files\Android\Android Studio\jbr\bin\net.dll
0x00007fffb8c60000 - 0x00007fffb8d89000 	C:\WINDOWS\SYSTEM32\WINHTTP.dll
0x00007fffbecd0000 - 0x00007fffbed3c000 	C:\WINDOWS\system32\mswsock.dll
0x00007fff61400000 - 0x00007fff61416000 	C:\Program Files\Android\Android Studio\jbr\bin\nio.dll
0x00007fffb9fc0000 - 0x00007fffb9fd0000 	C:\Program Files\Android\Android Studio\jbr\bin\verify.dll
0x00007fff80540000 - 0x00007fff80567000 	C:\Users\anisa febrianti\.gradle\native\1def1411415f61bf3af743bc5b6707747c0891f09f0c88961ee8f79bc544acac\windows-amd64\native-platform.dll
0x00007fff7ad50000 - 0x00007fff7adc7000 	C:\Users\anisa febrianti\.gradle\native\0.2.8\x86_64-windows-gnu\gradle-fileevents.dll
0x00007fff60160000 - 0x00007fff60169000 	C:\Program Files\Android\Android Studio\jbr\bin\management.dll
0x00007fff60150000 - 0x00007fff6015b000 	C:\Program Files\Android\Android Studio\jbr\bin\management_ext.dll
0x00007fffc22b0000 - 0x00007fffc22b8000 	C:\WINDOWS\System32\PSAPI.DLL
0x00007fffbe080000 - 0x00007fffbe0b3000 	C:\WINDOWS\SYSTEM32\IPHLPAPI.DLL
0x00007fffc1490000 - 0x00007fffc149a000 	C:\WINDOWS\System32\NSI.dll
0x00007fff613f0000 - 0x00007fff613f9000 	C:\Program Files\Android\Android Studio\jbr\bin\extnet.dll
0x00007fffbeff0000 - 0x00007fffbf00b000 	C:\WINDOWS\SYSTEM32\CRYPTSP.dll
0x00007fffbe660000 - 0x00007fffbe699000 	C:\WINDOWS\system32\rsaenh.dll
0x00007fffbed90000 - 0x00007fffbedc2000 	C:\WINDOWS\SYSTEM32\USERENV.dll
0x00007fffbf9b0000 - 0x00007fffbf9da000 	C:\WINDOWS\SYSTEM32\bcrypt.dll
0x00007fffbefd0000 - 0x00007fffbefdc000 	C:\WINDOWS\SYSTEM32\CRYPTBASE.dll
0x00007fff95d50000 - 0x00007fff95d58000 	C:\WINDOWS\system32\wshunix.dll
0x00007fff54600000 - 0x00007fff54618000 	C:\WINDOWS\system32\napinsp.dll
0x00007fffbe0c0000 - 0x00007fffbe215000 	C:\WINDOWS\SYSTEM32\DNSAPI.dll
0x00007fffbead0000 - 0x00007fffbeadd000 	C:\WINDOWS\SYSTEM32\DSPARSE.dll
0x00007fff54720000 - 0x00007fff54733000 	C:\WINDOWS\System32\winrnr.dll
0x00007fff54620000 - 0x00007fff54642000 	C:\WINDOWS\system32\nlansp_c.dll
0x00007fff95d60000 - 0x00007fff95d76000 	C:\WINDOWS\system32\wshbth.dll
0x00007fffb57c0000 - 0x00007fffb57cb000 	C:\Windows\System32\rasadhlp.dll
0x00007fffb9bc0000 - 0x00007fffb9c46000 	C:\WINDOWS\System32\fwpuclnt.dll
0x00007fffb5c40000 - 0x00007fffb5c47000 	C:\Program Files\Android\Android Studio\jbr\bin\rmi.dll
0x00007fffbe850000 - 0x00007fffbe886000 	C:\WINDOWS\SYSTEM32\ntmarta.dll

JVMTI agents:
C:\Users\anisa febrianti\.gradle\wrapper\dists\gradle-9.1.0-bin\9agqghryom9wkf8r80qlhnts3\gradle-9.1.0\lib\agents\gradle-instrumentation-agent-9.1.0.jar path:C:\Program Files\Android\Android Studio\jbr\bin\instrument.dll, loaded, initialized, instrumentlib options:none

dbghelp: loaded successfully - version: 4.0.5 - missing functions: none
symbol engine: initialized successfully - sym options: 0x614 - pdb path: .;C:\Program Files\Android\Android Studio\jbr\bin;C:\WINDOWS\SYSTEM32;C:\WINDOWS\WinSxS\amd64_microsoft.windows.common-controls_6595b64144ccf1df_6.0.26100.8737_none_3e092eaee333b772;C:\Program Files (x86)\360\Total Security\safemon;C:\Program Files\Android\Android Studio\jbr\bin\server;C:\Users\anisa febrianti\.gradle\native\1def1411415f61bf3af743bc5b6707747c0891f09f0c88961ee8f79bc544acac\windows-amd64;C:\Users\anisa febrianti\.gradle\native\0.2.8\x86_64-windows-gnu

VM Arguments:
jvm_args: --add-opens=java.base/java.lang=ALL-UNNAMED --add-opens=java.base/java.lang.invoke=ALL-UNNAMED --add-opens=java.base/java.util=ALL-UNNAMED --add-opens=java.prefs/java.util.prefs=ALL-UNNAMED --add-exports=jdk.compiler/com.sun.tools.javac.api=ALL-UNNAMED --add-exports=jdk.compiler/com.sun.tools.javac.util=ALL-UNNAMED --add-opens=java.base/java.util=ALL-UNNAMED --add-opens=java.prefs/java.util.prefs=ALL-UNNAMED --add-opens=java.base/java.nio.charset=ALL-UNNAMED --add-opens=java.base/java.net=ALL-UNNAMED --add-opens=java.base/java.util.concurrent=ALL-UNNAMED --add-opens=java.base/java.util.concurrent.atomic=ALL-UNNAMED --add-opens=java.xml/javax.xml.namespace=ALL-UNNAMED --add-opens=java.base/java.time=ALL-UNNAMED -Xmx4096m -Dfile.encoding=UTF-8 -Duser.country=ID -Duser.language=en -Duser.variant -javaagent:C:\Users\anisa febrianti\.gradle\wrapper\dists\gradle-9.1.0-bin\9agqghryom9wkf8r80qlhnts3\gradle-9.1.0\lib\agents\gradle-instrumentation-agent-9.1.0.jar 
java_command: org.gradle.launcher.daemon.bootstrap.GradleDaemon 9.1.0
java_class_path (initial): C:\Users\anisa febrianti\.gradle\wrapper\dists\gradle-9.1.0-bin\9agqghryom9wkf8r80qlhnts3\gradle-9.1.0\lib\gradle-daemon-main-9.1.0.jar
Launcher Type: SUN_STANDARD

[Global flags]
     intx CICompilerCount                          = 4                                         {product} {ergonomic}
     uint ConcGCThreads                            = 3                                         {product} {ergonomic}
     uint G1ConcRefinementThreads                  = 10                                        {product} {ergonomic}
   size_t G1HeapRegionSize                         = 2097152                                   {product} {ergonomic}
    uintx GCDrainStackTargetSize                   = 64                                        {product} {ergonomic}
   size_t InitialHeapSize                          = 130023424                                 {product} {ergonomic}
   size_t MarkStackSize                            = 4194304                                   {product} {ergonomic}
   size_t MaxHeapSize                              = 4294967296                                {product} {command line}
   size_t MaxNewSize                               = 2575302656                                {product} {ergonomic}
   size_t MinHeapDeltaBytes                        = 2097152                                   {product} {ergonomic}
   size_t MinHeapSize                              = 8388608                                   {product} {ergonomic}
    uintx NonNMethodCodeHeapSize                   = 5839372                                {pd product} {ergonomic}
    uintx NonProfiledCodeHeapSize                  = 122909434                              {pd product} {ergonomic}
    uintx ProfiledCodeHeapSize                     = 122909434                              {pd product} {ergonomic}
    uintx ReservedCodeCacheSize                    = 251658240                              {pd product} {ergonomic}
     bool SegmentedCodeCache                       = true                                      {product} {ergonomic}
   size_t SoftMaxHeapSize                          = 4294967296                             {manageable} {ergonomic}
     bool UseCompressedOops                        = true                           {product lp64_product} {ergonomic}
     bool UseG1GC                                  = true                                      {product} {ergonomic}
     bool UseLargePagesIndividualAllocation        = false                                  {pd product} {ergonomic}

Logging:
Log output configuration:
 #0: stdout all=warning uptime,level,tags foldmultilines=false
 #1: stderr all=off uptime,level,tags foldmultilines=false

Release file:
JAVA_VERSION="21.0.9" 
MODULES="java.base java.compiler java.datatransfer java.xml java.prefs java.desktop java.instrument java.logging java.management java.security.sasl java.naming java.rmi java.management.rmi java.net.http java.scripting java.security.jgss java.transaction.xa java.sql java.sql.rowset java.xml.crypto java.se java.smartcardio jdk.accessibility jdk.internal.jvmstat jdk.attach jdk.charsets jdk.internal.opt jdk.zipfs jdk.compiler jdk.crypto.ec jdk.crypto.cryptoki jdk.dynalink jdk.hotspot.agent jdk.httpserver jdk.internal.ed jdk.internal.le jdk.internal.vm.ci jdk.jartool jdk.javadoc jdk.jcmd jdk.jdeps jdk.jdwp.agent jdk.jdi jdk.jfr jdk.jlink jdk.jsobject jdk.localedata jdk.management jdk.management.agent jdk.management.jfr jdk.naming.dns jdk.naming.rmi jdk.net jdk.sctp jdk.security.auth jdk.security.jgss jdk.unsupported jdk.unsupported.desktop jdk.xml.dom" 
IMPLEMENTOR="JetBrains s.r.o." 
JAVA_RUNTIME_VERSION="21.0.9+-14649483-b1163.86" 
LIBC="default" 
OS_ARCH="x86_64" 
OS_NAME="Windows" 
SOURCE=".:git:554d0c326095" 

Environment Variables:
PATH=C:\Program Files\Common Files\Oracle\Java\javapath;C:\WINDOWS\system32;C:\WINDOWS;C:\WINDOWS\System32\Wbem;C:\WINDOWS\System32\WindowsPowerShell\v1.0\;C:\WINDOWS\System32\OpenSSH\;C:\Program Files\Git\cmd;C:\Program Files\nodejs\;C:\Users\anisa febrianti\AppData\Local\Programs\Python\Launcher\;C:\Users\anisa febrianti\AppData\Local\Microsoft\WindowsApps;C:\Users\anisa febrianti\AppData\Local\Programs\Python\Python313\Scripts;C:\Users\anisa febrianti\AppData\Local\Programs\Python\Python313;C:\Users\anisa febrianti\AppData\Local\Programs\Microsoft VS Code\bin;C:\Users\anisa febrianti\AppData\Local\Packages\PythonSoftwareFoundation.Python.3.12_qbz5n2kfra8p0\LocalCache\local-packages\Python312\Scripts;C:\Users\anisa febrianti\AppData\Roaming\npm
USERNAME=anisa febrianti
OS=Windows_NT
PROCESSOR_IDENTIFIER=Intel64 Family 6 Model 154 Stepping 4, GenuineIntel
TMP=C:\Users\ANISAF~1\AppData\Local\Temp
TEMP=C:\Users\ANISAF~1\AppData\Local\Temp




Periodic native trim disabled

JNI global refs:
JNI global refs: 30, weak refs: 35

JNI global refs memory usage: 835, weak refs: 833

Process memory usage:
Resident Set Size: 1096188K (13% of 8124020K total physical memory with 556156K free physical memory)

OOME stack traces (most recent first):
Classloader memory used:
Loader org.gradle.internal.classloader.VisitableURLClassLoader$InstrumentingVisitableURLClassLoader: 67639K
Loader org.gradle.internal.classloader.VisitableURLClassLoader                         : 49853K
Loader bootstrap                                                                       : 35046K
Loader org.gradle.initialization.MixInLegacyTypesClassLoader                           : 14096K
Loader jdk.internal.loader.ClassLoaders$AppClassLoader                                 : 9091K
Loader jdk.internal.reflect.DelegatingClassLoader                                      : 771K
Loader jdk.internal.loader.ClassLoaders$PlatformClassLoader                            : 648K
Loader org.gradle.internal.classloader.VisitableURLClassLoader                         : 191K
Loader org.gradle.groovy.scripts.internal.DefaultScriptCompilationHandler$ScriptClassLoader: 127K
Loader sun.reflect.misc.MethodUtil                                                     : 2984B

Classes loaded by more than one classloader:
Class Program                                                                         : loaded 5 times (x 72B)
Class com.google.common.base.PairwiseEquivalence                                      : loaded 2 times (x 83B)
Class com.google.common.base.Equivalence$Identity                                     : loaded 2 times (x 82B)
Class com.google.common.collect.RegularImmutableMap$KeySet                            : loaded 2 times (x 150B)
Class org.gradle.internal.classloader.FilteringClassLoader                            : loaded 2 times (x 105B)
Class com.google.common.cache.LocalCache$ValueIterator                                : loaded 2 times (x 86B)
Class [Lcom.google.common.collect.MapMakerInternalMap$Segment;                        : loaded 2 times (x 69B)
Class com.google.common.io.FileWriteMode                                              : loaded 2 times (x 79B)
Class [Lcom.google.common.base.AbstractIterator$State;                                : loaded 2 times (x 69B)
Class com.google.common.base.CharMatcher$IsEither                                     : loaded 2 times (x 111B)
Class org.gradle.internal.classloader.ClassLoaderHierarchy                            : loaded 2 times (x 70B)
Class [Lcom.google.common.cache.RemovalCause;                                         : loaded 2 times (x 69B)
Class com.google.common.collect.AbstractMapBasedMultimap$WrappedCollection            : loaded 2 times (x 124B)
Class com.google.common.collect.ImmutableEnumSet                                      : loaded 2 times (x 146B)
Class com.google.common.util.concurrent.ExecutionError                                : loaded 2 times (x 82B)
Class com.google.common.collect.ImmutableList$1                                       : loaded 2 times (x 97B)
Class org.gradle.api.internal.classpath.ManifestUtil                                  : loaded 2 times (x 71B)
Class com.google.common.io.ByteArrayDataOutput                                        : loaded 2 times (x 70B)
Class com.google.common.collect.RegularImmutableMap                                   : loaded 2 times (x 121B)
Class com.google.common.collect.ImmutableMap$MapViewOfValuesAsSingletonSets           : loaded 2 times (x 125B)
Class org.apache.commons.io.function.IOFunction                                       : loaded 2 times (x 70B)
Class com.google.common.collect.TransformedListIterator                               : loaded 2 times (x 93B)
Class com.google.common.reflect.TypeCapture                                           : loaded 2 times (x 71B)
Class com.google.common.cache.LocalCache$Values                                       : loaded 2 times (x 118B)
Class [Lorg.objectweb.asm.Symbol;                                                     : loaded 2 times (x 69B)
Class org.objectweb.asm.ClassVisitor                                                  : loaded 2 times (x 88B)
Class com.google.common.collect.UnmodifiableListIterator                              : loaded 2 times (x 95B)
Class com.google.common.collect.MapMakerInternalMap$StrongKeyDummyValueEntry$LinkedStrongKeyDummyValueEntry: loaded 2 times (x 82B)
Class com.google.common.collect.MapMakerInternalMap$Strength                          : loaded 2 times (x 80B)
Class org.objectweb.asm.MethodTooLargeException                                       : loaded 2 times (x 83B)
Class [Lcom.google.common.cache.CacheBuilder$OneWeigher;                              : loaded 2 times (x 69B)
Class com.google.common.base.Suppliers                                                : loaded 2 times (x 71B)
Class com.google.common.base.Platform$JdkPatternCompiler                              : loaded 2 times (x 75B)
Class org.gradle.internal.classloader.DefaultClassLoaderFactory                       : loaded 2 times (x 82B)
Class org.apache.commons.io.file.PathUtils                                            : loaded 2 times (x 71B)
Class com.google.common.io.ByteSource$ConcatenatedByteSource                          : loaded 2 times (x 85B)
Class [Lcom.google.common.collect.AbstractIterator$State;                             : loaded 2 times (x 69B)
Class com.google.common.base.CharMatcher$None                                         : loaded 2 times (x 112B)
Class org.gradle.internal.classloader.ClassLoaderVisitor                              : loaded 2 times (x 76B)
Class [Lcom.google.common.collect.ImmutableMapEntry;                                  : loaded 2 times (x 69B)
Class org.gradle.api.internal.classpath.EffectiveClassPath                            : loaded 2 times (x 90B)
Class com.google.common.collect.CollectSpliterators$1WithCharacteristics              : loaded 2 times (x 90B)
Class [Lorg.apache.commons.io.StandardLineSeparator;                                  : loaded 2 times (x 69B)
Class org.apache.commons.io.output.StringBuilderWriter                                : loaded 2 times (x 100B)
Class com.google.common.collect.ImmutableRangeSet                                     : loaded 2 times (x 115B)
Class com.google.common.collect.ImmutableEnumMap                                      : loaded 2 times (x 125B)
Class com.google.common.collect.ListMultimap                                          : loaded 2 times (x 70B)
Class com.google.common.collect.ImmutableSet$SerializedForm                           : loaded 2 times (x 73B)
Class com.google.common.collect.Iterators$EmptyModifiableIterator                     : loaded 2 times (x 86B)
Class com.google.common.collect.Sets$1                                                : loaded 2 times (x 139B)
Class org.objectweb.asm.AnnotationVisitor                                             : loaded 2 times (x 78B)
Class com.google.common.base.Splitter                                                 : loaded 2 times (x 72B)
Class org.gradle.api.internal.DefaultClassPathProvider                                : loaded 2 times (x 76B)
Class org.apache.commons.io.FilenameUtils                                             : loaded 2 times (x 71B)
Class [Lcom.google.common.base.Function;                                              : loaded 2 times (x 69B)
Class com.google.common.collect.MapMakerInternalMap$Strength$1                        : loaded 2 times (x 80B)
Class com.google.common.collect.Maps$ViewCachingAbstractMap                           : loaded 2 times (x 125B)
Class com.google.common.collect.Sets$2                                                : loaded 2 times (x 139B)
Class [Lorg.gradle.api.internal.ClassPathProvider;                                    : loaded 2 times (x 69B)
Class org.gradle.api.internal.ClassPathProvider                                       : loaded 2 times (x 70B)
Class com.google.common.reflect.Types$ClassOwnership$1                                : loaded 2 times (x 80B)
Class com.google.common.collect.MapMakerInternalMap$Strength$2                        : loaded 2 times (x 80B)
Class [Lorg.objectweb.asm.AnnotationVisitor;                                          : loaded 2 times (x 69B)
Class com.google.common.collect.Sets$3                                                : loaded 2 times (x 139B)
Class com.google.common.cache.LocalCache$LocalLoadingCache                            : loaded 2 times (x 134B)
Class com.google.common.base.AbstractIterator$State                                   : loaded 2 times (x 79B)
Class org.gradle.internal.service.UnknownServiceException                             : loaded 2 times (x 83B)
Class com.google.common.reflect.Types$ClassOwnership$2                                : loaded 2 times (x 80B)
Class com.google.common.reflect.TypeResolver                                          : loaded 2 times (x 72B)
Class com.google.common.io.ByteArrayDataInput                                         : loaded 2 times (x 70B)
Class com.google.common.collect.MapMakerInternalMap$StrongValueEntry                  : loaded 2 times (x 70B)
Class com.google.common.collect.Sets$4                                                : loaded 2 times (x 139B)
Class org.objectweb.asm.ModuleVisitor                                                 : loaded 2 times (x 81B)
Class com.google.common.cache.LocalCache$Strength$1                                   : loaded 2 times (x 81B)
Class com.google.common.reflect.Types$ClassOwnership$3                                : loaded 2 times (x 71B)
Class com.google.common.collect.Collections2$FilteredCollection                       : loaded 2 times (x 119B)
Class org.apache.commons.io.output.QueueOutputStream                                  : loaded 2 times (x 87B)
Class com.google.common.util.concurrent.SettableFuture                                : loaded 2 times (x 114B)
Class com.google.common.cache.LocalCache$Strength$2                                   : loaded 2 times (x 81B)
Class [Lcom.google.common.collect.Maps$EntryFunction;                                 : loaded 2 times (x 69B)
Class com.google.common.collect.TransformedIterator                                   : loaded 2 times (x 80B)
Class com.google.common.io.ByteStreams                                                : loaded 2 times (x 71B)
Class com.google.common.collect.Interners$InternerImpl                                : loaded 2 times (x 75B)
Class com.google.common.collect.Interner                                              : loaded 2 times (x 70B)
Class com.google.common.cache.LocalCache$Strength$3                                   : loaded 2 times (x 81B)
Class com.google.common.collect.MapDifference                                         : loaded 2 times (x 70B)
Class com.google.common.base.Splitter$1                                               : loaded 2 times (x 77B)
Class com.google.common.reflect.Invokable                                             : loaded 2 times (x 103B)
Class com.google.common.collect.MapMaker$Dummy                                        : loaded 2 times (x 79B)
Class org.objectweb.asm.FieldWriter                                                   : loaded 2 times (x 78B)
Class com.google.common.cache.CacheBuilder$NullListener                               : loaded 2 times (x 82B)
Class org.gradle.internal.classpath.TransformedClassPath                              : loaded 2 times (x 96B)
Class org.gradle.internal.classloader.InstrumentingClassLoader                        : loaded 2 times (x 70B)
Class com.google.common.reflect.Types$ParameterizedTypeImpl                           : loaded 2 times (x 81B)
Class com.google.common.collect.Maps$IteratorBasedAbstractMap$1                       : loaded 2 times (x 138B)
Class com.google.common.collect.ImmutableListMultimap                                 : loaded 2 times (x 176B)
Class org.apache.commons.io.output.UnsynchronizedByteArrayOutputStream                : loaded 2 times (x 102B)
Class com.google.common.collect.ImmutableRangeSet$AsSet                               : loaded 2 times (x 299B)
Class com.google.common.cache.CacheLoader$FunctionToCacheLoader                       : loaded 2 times (x 75B)
Class com.google.common.collect.Iterators$ArrayItr                                    : loaded 2 times (x 97B)
Class com.google.common.collect.ImmutableCollection$Builder                           : loaded 2 times (x 76B)
Class com.google.common.reflect.TypeResolver$TypeVariableKey                          : loaded 2 times (x 72B)
Class com.google.common.collect.EmptyImmutableListMultimap                            : loaded 2 times (x 176B)
Class com.google.common.collect.BaseImmutableMultimap                                 : loaded 2 times (x 123B)
Class org.apache.commons.io.output.ByteArrayOutputStream                              : loaded 2 times (x 102B)
Class com.google.common.base.Joiner                                                   : loaded 2 times (x 79B)
Class com.google.common.base.MoreObjects                                              : loaded 2 times (x 71B)
Class [Lorg.objectweb.asm.Type;                                                       : loaded 2 times (x 69B)
Class com.google.common.collect.Platform                                              : loaded 2 times (x 71B)
Class com.google.common.collect.UnmodifiableIterator                                  : loaded 2 times (x 80B)
Class org.gradle.internal.service.ServiceLocator                                      : loaded 2 times (x 70B)
Class org.apache.commons.io.FileExistsException                                       : loaded 2 times (x 82B)
Class com.google.common.collect.HashBiMap$BiEntry                                     : loaded 2 times (x 83B)
Class com.google.common.base.Ascii                                                    : loaded 2 times (x 71B)
Class com.google.common.collect.SingletonImmutableBiMap                               : loaded 2 times (x 143B)
Class com.google.common.cache.LocalCache$1                                            : loaded 2 times (x 89B)
Class com.google.common.collect.AbstractMapEntry                                      : loaded 2 times (x 81B)
Class com.google.common.reflect.TypeToken$SimpleTypeToken                             : loaded 2 times (x 73B)
Class com.google.common.io.ByteSource$ByteArrayByteSource                             : loaded 2 times (x 85B)
Class com.google.common.collect.MapMakerInternalMap$AbstractStrongKeyEntry            : loaded 2 times (x 80B)
Class com.google.common.collect.Sets$ImprovedAbstractSet                              : loaded 2 times (x 135B)
Class com.google.common.collect.ImmutableList$Builder                                 : loaded 2 times (x 77B)
Class com.google.common.cache.LocalCache$2                                            : loaded 2 times (x 142B)
Class com.google.common.collect.AbstractMultimap                                      : loaded 2 times (x 123B)
Class com.google.common.collect.ImmutableRangeSet$1                                   : loaded 2 times (x 209B)
Class com.google.common.collect.RegularImmutableAsList                                : loaded 2 times (x 216B)
Class com.google.common.base.Optional                                                 : loaded 2 times (x 80B)
Class com.google.common.collect.Range                                                 : loaded 2 times (x 87B)
Class com.google.common.util.concurrent.AbstractFuture$Trusted                        : loaded 2 times (x 70B)
Class com.google.common.collect.Iterators                                             : loaded 2 times (x 71B)
Class com.google.common.io.ByteSink$AsCharSink                                        : loaded 2 times (x 80B)
Class com.google.common.util.concurrent.UncheckedExecutionException                   : loaded 2 times (x 82B)
Class com.google.common.collect.Lists$StringAsImmutableList                           : loaded 2 times (x 207B)
Class org.gradle.internal.InternalTransformer                                         : loaded 2 times (x 70B)
Class com.google.common.collect.AbstractMapBasedMultimap$KeySet$1                     : loaded 2 times (x 82B)
Class org.objectweb.asm.ClassWriter                                                   : loaded 2 times (x 106B)
Class com.google.common.cache.CacheLoader$UnsupportedLoadingOperationException        : loaded 2 times (x 82B)
Class com.google.common.base.CharMatcher$And                                          : loaded 2 times (x 112B)
Class org.gradle.internal.classloader.ClasspathUtil$1                                 : loaded 2 times (x 76B)
Class com.google.common.collect.FluentIterable$1                                      : loaded 2 times (x 81B)
Class com.google.common.base.Objects                                                  : loaded 2 times (x 71B)
Class org.objectweb.asm.FieldVisitor                                                  : loaded 2 times (x 77B)
Class com.google.common.collect.IndexedImmutableSet                                   : loaded 2 times (x 150B)
Class com.google.common.collect.ImmutableMap$1                                        : loaded 2 times (x 81B)
Class com.google.common.collect.BiMap                                                 : loaded 2 times (x 70B)
Class org.gradle.api.internal.classpath.DefaultModuleRegistry$DefaultModule           : loaded 2 times (x 86B)
Class com.google.common.reflect.Reflection                                            : loaded 2 times (x 71B)
Class com.google.common.base.Absent                                                   : loaded 2 times (x 80B)
Class com.google.common.collect.FluentIterable$2                                      : loaded 2 times (x 81B)
Class com.google.common.primitives.Ints                                               : loaded 2 times (x 71B)
Class com.google.common.collect.AbstractIterator                                      : loaded 2 times (x 82B)
Class com.google.common.collect.FluentIterable$3                                      : loaded 2 times (x 81B)
Class com.google.common.math.MathPreconditions                                        : loaded 2 times (x 71B)
Class com.google.common.collect.Multiset                                              : loaded 2 times (x 70B)
Class com.google.common.collect.ArrayListMultimapGwtSerializationDependencies         : loaded 2 times (x 172B)
Class com.google.common.collect.ObjectArrays                                          : loaded 2 times (x 71B)
Class com.google.common.collect.AbstractIndexedListIterator                           : loaded 2 times (x 96B)
Class org.apache.commons.io.output.NullOutputStream                                   : loaded 2 times (x 85B)
Class com.google.common.collect.ImmutableMapEntrySet                                  : loaded 2 times (x 151B)
Class org.gradle.api.internal.classpath.Module                                        : loaded 2 times (x 70B)
Class com.google.common.cache.Weigher                                                 : loaded 2 times (x 70B)
Class org.gradle.api.internal.classpath.UnknownModuleException                        : loaded 2 times (x 82B)
Class com.google.common.base.Stopwatch                                                : loaded 2 times (x 72B)
Class com.google.common.cache.LocalCache$Strength                                     : loaded 2 times (x 81B)
Class com.google.common.cache.Cache                                                   : loaded 2 times (x 70B)
Class org.apache.commons.io.filefilter.IOFileFilter                                   : loaded 2 times (x 70B)
Class com.google.common.io.AppendableWriter                                           : loaded 2 times (x 100B)
Class com.google.common.util.concurrent.AbstractFuture$Cancellation                   : loaded 2 times (x 72B)
Class com.google.common.collect.ImmutableMap$Builder                                  : loaded 2 times (x 82B)
Class com.google.common.base.NullnessCasts                                            : loaded 2 times (x 71B)
Class com.google.common.collect.AbstractMapBasedMultimap$WrappedCollection$WrappedIterator: loaded 2 times (x 84B)
Class com.google.common.collect.Maps$EntryFunction$1                                  : loaded 2 times (x 91B)
Class com.google.common.base.Present                                                  : loaded 2 times (x 81B)
Class com.google.common.cache.RemovalListener                                         : loaded 2 times (x 70B)
Class org.gradle.api.internal.DefaultClassPathRegistry                                : loaded 2 times (x 76B)
Class org.apache.commons.io.file.DeleteOption                                         : loaded 2 times (x 70B)
Class com.google.common.reflect.Invokable$ConstructorInvokable                        : loaded 2 times (x 107B)
Class com.google.common.collect.Maps$EntryFunction$2                                  : loaded 2 times (x 91B)
Class com.google.common.collect.ImmutableMultimap$Keys                                : loaded 2 times (x 166B)
Class com.google.common.primitives.IntsMethodsForWeb                                  : loaded 2 times (x 71B)
Class com.google.common.collect.Multimap                                              : loaded 2 times (x 70B)
Class org.gradle.api.internal.ClassPathRegistry                                       : loaded 2 times (x 70B)
Class org.gradle.internal.classpath.DefaultClassPath$ImmutableUniqueList              : loaded 2 times (x 199B)
Class com.google.common.reflect.TypeToken                                             : loaded 2 times (x 73B)
Class com.google.common.collect.NullnessCasts                                         : loaded 2 times (x 71B)
Class com.google.common.collect.MapMakerInternalMap$Segment                           : loaded 2 times (x 142B)
Class com.google.common.base.ExtraObjectsMethodsForWeb                                : loaded 2 times (x 71B)
Class org.apache.commons.io.IOUtils                                                   : loaded 2 times (x 71B)
Class com.google.common.io.LineReader                                                 : loaded 2 times (x 72B)
Class com.google.common.cache.RemovalCause                                            : loaded 2 times (x 80B)
Class com.google.common.io.ByteSink                                                   : loaded 2 times (x 76B)
Class com.google.common.cache.CacheBuilder                                            : loaded 2 times (x 72B)
Class com.google.common.collect.SingletonImmutableList                                : loaded 2 times (x 207B)
Class Settings_gradle$1                                                               : loaded 2 times (x 74B)
Class ijKotlinCoroutineJvmDebugInit1_aj3jmgvm87k79hlbmm5hvy3mb$_run_closure1          : loaded 2 times (x 139B)
Class org.gradle.internal.classpath.ClassPath                                         : loaded 2 times (x 70B)
Class [Lcom.google.common.reflect.Types$JavaVersion;                                  : loaded 2 times (x 69B)
Class com.google.common.collect.Interners$InternerBuilder                             : loaded 2 times (x 76B)
Class com.google.common.io.Files$FileByteSource                                       : loaded 2 times (x 85B)
Class com.google.common.collect.ImmutableList$ReverseImmutableList                    : loaded 2 times (x 208B)
Class com.google.common.base.JdkPattern                                               : loaded 2 times (x 75B)
Class com.google.common.io.CharStreams$NullWriter                                     : loaded 2 times (x 99B)
Class org.objectweb.asm.SymbolTable$Entry                                             : loaded 2 times (x 74B)
Class org.objectweb.asm.Edge                                                          : loaded 2 times (x 72B)
Class com.google.common.base.Suppliers$SupplierOfInstance                             : loaded 2 times (x 79B)
Class com.google.common.collect.Iterators$1                                           : loaded 2 times (x 81B)
Class com.google.common.reflect.TypeToken$1                                           : loaded 2 times (x 110B)
Class com.google.common.cache.LocalCache$ComputingValueReference                      : loaded 2 times (x 96B)
Class com.google.common.collect.SingletonImmutableSet                                 : loaded 2 times (x 146B)
Class com.google.common.collect.ImmutableMap$IteratorBasedImmutableMap                : loaded 2 times (x 125B)
Class com.google.common.reflect.TypeToken$2                                           : loaded 2 times (x 110B)
Class com.google.common.collect.AbstractMapBasedMultimap$AsMap$AsMapEntries           : loaded 2 times (x 138B)
Class com.google.common.cache.LocalCache$Segment                                      : loaded 2 times (x 154B)
Class [Lcom.google.common.base.Supplier;                                              : loaded 2 times (x 69B)
Class com.google.common.collect.SortedIterable                                        : loaded 2 times (x 70B)
Class [Lorg.objectweb.asm.SymbolTable$Entry;                                          : loaded 2 times (x 69B)
Class com.google.common.cache.CacheLoader                                             : loaded 2 times (x 74B)
Class com.google.common.collect.Iterators$4                                           : loaded 2 times (x 82B)
Class com.google.common.collect.ImmutableBiMap                                        : loaded 2 times (x 143B)
Class com.google.common.collect.AbstractListMultimap                                  : loaded 2 times (x 172B)
Class ijJvmDebugger1_70rt90lugjcmqlq5nvrtvriq2                                        : loaded 2 times (x 171B)
Class org.gradle.internal.installation.GradleInstallation$1                           : loaded 2 times (x 75B)
Class org.gradle.api.internal.classpath.ModuleRegistry                                : loaded 2 times (x 70B)
Class org.apache.commons.io.output.NullWriter                                         : loaded 2 times (x 99B)
Class com.google.common.util.concurrent.internal.InternalFutureFailureAccess          : loaded 2 times (x 72B)
Class com.google.common.collect.Iterators$5                                           : loaded 2 times (x 82B)
Class com.google.common.collect.ImmutableSet$JdkBackedSetBuilderImpl                  : loaded 2 times (x 76B)
Class com.google.common.base.Splitter$SplittingIterator                               : loaded 2 times (x 84B)
Class com.google.common.collect.Iterators$6                                           : loaded 2 times (x 81B)
Class com.google.common.collect.ImmutableMultimap$Values                              : loaded 2 times (x 126B)
Class com.google.common.cache.LocalCache$LocalManualCache$1                           : loaded 2 times (x 75B)
Class com.google.common.base.CharMatcher$ForPredicate                                 : loaded 2 times (x 112B)
Class com.google.common.collect.ImmutableCollection                                   : loaded 2 times (x 125B)
Class com.google.common.base.CharMatcher$AnyOf                                        : loaded 2 times (x 112B)
Class org.gradle.api.internal.classpath.DefaultModuleRegistry                         : loaded 2 times (x 86B)
Class com.google.common.util.concurrent.ListenableFuture                              : loaded 2 times (x 70B)
Class com.google.common.cache.ReferenceEntry                                          : loaded 2 times (x 70B)
Class com.google.common.collect.ImmutableSet$CachingAsList                            : loaded 2 times (x 147B)
Class com.google.common.base.Converter                                                : loaded 2 times (x 90B)
Class com.google.common.collect.Lists                                                 : loaded 2 times (x 71B)
Class com.google.common.util.concurrent.AbstractFuture                                : loaded 2 times (x 106B)
Class com.google.common.base.FunctionalEquivalence                                    : loaded 2 times (x 83B)
Class com.google.common.collect.Iterators$9                                           : loaded 2 times (x 81B)
Class com.google.common.collect.AbstractMapBasedMultimap                              : loaded 2 times (x 139B)
Class com.google.common.collect.ImmutableAsList                                       : loaded 2 times (x 209B)
Class com.google.common.reflect.TypeResolver$TypeTable                                : loaded 2 times (x 73B)
Class com.google.common.io.CharStreams                                                : loaded 2 times (x 71B)
Class com.google.common.collect.ImmutableMultiset                                     : loaded 2 times (x 163B)
Class org.objectweb.asm.RecordComponentVisitor                                        : loaded 2 times (x 77B)
Class com.google.common.cache.CacheLoader$SupplierToCacheLoader                       : loaded 2 times (x 75B)
Class com.google.common.reflect.TypeResolver$TypeTable$1                              : loaded 2 times (x 73B)
Class com.google.common.collect.Maps$EntryTransformer                                 : loaded 2 times (x 70B)
Class ijJvmDebugger1_70rt90lugjcmqlq5nvrtvriq2$_run_closure1$_closure2                : loaded 2 times (x 140B)
Class org.gradle.internal.service.ServiceLookupException                              : loaded 2 times (x 82B)
Class com.google.common.collect.Lists$ReverseList                                     : loaded 2 times (x 200B)
Class com.google.common.collect.ImmutableSortedSet                                    : loaded 2 times (x 299B)
Class [Lcom.google.common.cache.LocalCache$EntryFactory;                              : loaded 2 times (x 69B)
Class org.gradle.internal.classloader.ClassLoaderFactory                              : loaded 2 times (x 70B)
Class org.apache.commons.io.CloseableURLConnection                                    : loaded 2 times (x 117B)
Class com.google.common.cache.LocalCache$LocalManualCache                             : loaded 2 times (x 99B)
Class com.google.common.base.CharMatcher$IsNot                                        : loaded 2 times (x 111B)
Class com.google.common.base.CommonPattern                                            : loaded 2 times (x 74B)
Class org.gradle.internal.service.CachingServiceLocator                               : loaded 2 times (x 82B)
Class com.google.common.collect.AbstractMapBasedMultimap$KeySet                       : loaded 2 times (x 137B)
Class com.google.common.collect.RegularImmutableSortedSet                             : loaded 2 times (x 299B)
Class com.google.common.math.IntMath                                                  : loaded 2 times (x 71B)
Class com.google.common.reflect.Types$TypeVariableInvocationHandler                   : loaded 2 times (x 75B)
Class [Lcom.google.common.collect.HashBiMap$BiEntry;                                  : loaded 2 times (x 69B)
Class com.google.common.collect.MapMakerInternalMap$InternalEntry                     : loaded 2 times (x 70B)
Class com.google.common.collect.ImmutableMapEntry                                     : loaded 2 times (x 85B)
Class com.google.common.base.Predicates                                               : loaded 2 times (x 71B)
Class com.google.common.collect.ImmutableMultimap                                     : loaded 2 times (x 147B)
Class com.google.common.base.Equivalence                                              : loaded 2 times (x 82B)
Class com.google.common.collect.ImmutableMapEntry$NonTerminalImmutableMapEntry        : loaded 2 times (x 85B)
Class com.google.common.base.Function                                                 : loaded 2 times (x 70B)
Class com.google.common.collect.IndexedImmutableSet$1                                 : loaded 2 times (x 212B)
Class org.apache.commons.io.output.AbstractByteArrayOutputStream                      : loaded 2 times (x 102B)
Class com.google.common.cache.CacheBuilder$OneWeigher                                 : loaded 2 times (x 82B)
Class com.google.common.collect.RegularImmutableList                                  : loaded 2 times (x 212B)
Class com.google.common.reflect.Types$ClassOwnership$1LocalClass                      : loaded 2 times (x 71B)
Class com.google.common.collect.Maps$EntryFunction                                    : loaded 2 times (x 91B)
Class org.gradle.internal.classloader.ClasspathUtil                                   : loaded 2 times (x 71B)
Class com.google.common.util.concurrent.Uninterruptibles                              : loaded 2 times (x 71B)
Class com.google.common.io.CharSource                                                 : loaded 2 times (x 85B)
Class com.google.common.collect.Maps                                                  : loaded 2 times (x 71B)
Class org.gradle.api.specs.Spec                                                       : loaded 2 times (x 70B)
Class org.apache.commons.io.file.PathFilter                                           : loaded 2 times (x 70B)
Class com.google.common.reflect.Types$JavaVersion                                     : loaded 2 times (x 83B)
Class com.google.common.collect.MapMaker                                              : loaded 2 times (x 72B)
Class [Lcom.google.common.collect.ImmutableEntry;                                     : loaded 2 times (x 69B)
Class com.google.common.cache.LocalCache$LoadingValueReference                        : loaded 2 times (x 96B)
Class com.google.common.reflect.Invokable$MethodInvokable                             : loaded 2 times (x 107B)
Class com.google.common.collect.MapMakerInternalMap$StrongKeyDummyValueEntry          : loaded 2 times (x 82B)
Class com.google.common.io.LineReader$1                                               : loaded 2 times (x 75B)
Class com.google.common.collect.CollectSpliterators                                   : loaded 2 times (x 71B)
Class com.google.common.collect.AbstractMapBasedMultimap$AsMap                        : loaded 2 times (x 128B)
Class com.google.common.base.Platform                                                 : loaded 2 times (x 71B)
Class com.google.common.collect.AbstractMapBasedMultimap$WrappedList                  : loaded 2 times (x 205B)
Class [Lorg.objectweb.asm.AnnotationWriter;                                           : loaded 2 times (x 69B)
Class com.google.common.collect.Maps$8                                                : loaded 2 times (x 82B)
Class com.google.common.base.Predicates$CompositionPredicate                          : loaded 2 times (x 88B)
Class [Lcom.google.common.collect.Iterators$EmptyModifiableIterator;                  : loaded 2 times (x 69B)
Class com.google.common.collect.Lists$ReverseList$1                                   : loaded 2 times (x 99B)
Class com.google.common.collect.ImmutableRangeSet$Builder                             : loaded 2 times (x 77B)
Class com.google.common.collect.Sets$SetView                                          : loaded 2 times (x 138B)
Class com.google.common.cache.LocalCache$StrongValueReference                         : loaded 2 times (x 90B)
Class com.google.common.graph.SuccessorsFunction                                      : loaded 2 times (x 70B)
Class org.objectweb.asm.Type                                                          : loaded 2 times (x 72B)
Class org.gradle.internal.classloader.VisitableURLClassLoader$InstrumentingVisitableURLClassLoader: loaded 2 times (x 123B)
Class org.apache.commons.io.FileUtils                                                 : loaded 2 times (x 71B)
Class com.google.common.collect.MapMakerInternalMap$StrongKeyDummyValueEntry$Helper   : loaded 2 times (x 79B)
Class com.google.common.io.Files$FileByteSink                                         : loaded 2 times (x 77B)
Class org.objectweb.asm.ByteVector                                                    : loaded 2 times (x 79B)
Class [Lcom.google.common.cache.CacheBuilder$NullListener;                            : loaded 2 times (x 69B)
Class com.google.common.math.IntMath$1                                                : loaded 2 times (x 71B)
Class org.gradle.internal.classloader.VisitableURLClassLoader$Spec                    : loaded 2 times (x 74B)
Class org.gradle.internal.classpath.DefaultClassPath                                  : loaded 2 times (x 90B)
Class com.google.common.reflect.Types$ClassOwnership                                  : loaded 2 times (x 80B)
Class org.objectweb.asm.Symbol                                                        : loaded 2 times (x 73B)
Class com.google.common.base.AbstractIterator                                         : loaded 2 times (x 80B)
Class ijKotlinCoroutineJvmDebugInit1_aj3jmgvm87k79hlbmm5hvy3mb$_run_closure1$_closure2: loaded 2 times (x 139B)
Class com.google.common.collect.Sets$FilteredSet                                      : loaded 2 times (x 137B)
Class com.google.common.io.Closer                                                     : loaded 2 times (x 78B)
Class com.google.common.io.Java8Compatibility                                         : loaded 2 times (x 71B)
Class com.google.common.collect.RegularImmutableMap$Values                            : loaded 2 times (x 207B)
Class com.google.common.collect.ImmutableSet                                          : loaded 2 times (x 145B)
Class com.google.common.base.CharMatcher$BitSetMatcher                                : loaded 2 times (x 112B)
Class org.gradle.internal.classloader.ClassLoaderSpec                                 : loaded 2 times (x 71B)
Class com.google.common.io.ByteSource$EmptyByteSource                                 : loaded 2 times (x 85B)
Class org.objectweb.asm.AnnotationWriter                                              : loaded 2 times (x 79B)
Class com.google.common.cache.CacheStats                                              : loaded 2 times (x 71B)
Class com.google.common.collect.Interners                                             : loaded 2 times (x 71B)
Class com.google.common.io.Closer$Suppressor                                          : loaded 2 times (x 70B)
Class com.google.common.io.LineProcessor                                              : loaded 2 times (x 70B)
Class com.google.common.collect.ImmutableMultisetGwtSerializationDependencies         : loaded 2 times (x 125B)
Class org.objectweb.asm.RecordComponentWriter                                         : loaded 2 times (x 78B)
Class com.google.common.util.concurrent.AbstractFuture$Listener                       : loaded 2 times (x 72B)
Class com.google.common.base.CharMatcher$Or                                           : loaded 2 times (x 112B)
Class Settings_gradle$1$1                                                             : loaded 2 times (x 74B)
Class org.objectweb.asm.Attribute                                                     : loaded 2 times (x 77B)
Class com.google.common.base.Supplier                                                 : loaded 2 times (x 70B)
Class org.gradle.internal.classloader.VisitableURLClassLoader                         : loaded 2 times (x 117B)
Class com.google.common.collect.ImmutableList$SerializedForm                          : loaded 2 times (x 73B)
Class Settings_gradle                                                                 : loaded 2 times (x 124B)
Class org.gradle.internal.Cast                                                        : loaded 2 times (x 71B)
Class org.gradle.api.Action                                                           : loaded 2 times (x 70B)
Class com.google.common.collect.HashBiMap                                             : loaded 2 times (x 143B)
Class com.google.common.collect.MapMakerInternalMap                                   : loaded 2 times (x 161B)
Class com.google.common.collect.Sets                                                  : loaded 2 times (x 71B)
Class org.objectweb.asm.Handler                                                       : loaded 2 times (x 72B)
Class com.google.common.base.Ticker                                                   : loaded 2 times (x 72B)
Class com.google.common.base.Strings                                                  : loaded 2 times (x 71B)
Class com.google.common.base.CharMatcher$FastMatcher                                  : loaded 2 times (x 111B)
Class com.google.common.cache.RemovalCause$1                                          : loaded 2 times (x 80B)
Class [Lcom.google.common.cache.LocalCache$Segment;                                   : loaded 2 times (x 69B)
Class [Lcom.google.common.cache.LocalCache$Strength;                                  : loaded 2 times (x 69B)
Class com.google.common.cache.CacheBuilder$1                                          : loaded 2 times (x 85B)
Class com.google.common.collect.ImmutableMap                                          : loaded 2 times (x 120B)
Class com.google.common.base.Predicate                                                : loaded 2 times (x 70B)
Class org.gradle.internal.classpath.DefaultClassPath$ImmutableUniqueList$Builder      : loaded 2 times (x 75B)
Class com.google.common.cache.RemovalCause$2                                          : loaded 2 times (x 80B)
Class com.google.common.collect.MapMakerInternalMap$WeakValueReference                : loaded 2 times (x 70B)
Class com.google.common.collect.AbstractRangeSet                                      : loaded 2 times (x 114B)
Class com.google.common.cache.LocalCache                                              : loaded 2 times (x 187B)
Class com.google.common.cache.CacheBuilder$2                                          : loaded 2 times (x 72B)
Class com.google.common.base.CharMatcher$NegatedFastMatcher                           : loaded 2 times (x 113B)
Class com.google.common.cache.RemovalCause$3                                          : loaded 2 times (x 80B)
Class [Lcom.google.common.collect.AbstractMapEntry;                                   : loaded 2 times (x 69B)
Class com.google.common.collect.ImmutableEntry                                        : loaded 2 times (x 82B)
Class com.google.common.collect.ArrayListMultimap                                     : loaded 2 times (x 172B)
Class ijKotlinCoroutineJvmDebugInit1_aj3jmgvm87k79hlbmm5hvy3mb                        : loaded 2 times (x 171B)
Class org.gradle.api.GradleException                                                  : loaded 2 times (x 82B)
Class com.google.common.cache.RemovalCause$4                                          : loaded 2 times (x 80B)
Class com.google.common.base.Suppliers$MemoizingSupplier                              : loaded 2 times (x 79B)
Class org.apache.commons.io.StandardLineSeparator                                     : loaded 2 times (x 79B)
Class com.google.common.collect.CollectPreconditions                                  : loaded 2 times (x 71B)
Class com.google.common.cache.RemovalCause$5                                          : loaded 2 times (x 80B)
Class com.google.common.collect.Maps$AbstractFilteredMap                              : loaded 2 times (x 127B)
Class [Lcom.google.common.collect.MapMakerInternalMap$Strength;                       : loaded 2 times (x 69B)
Class [Lcom.google.common.io.FileWriteMode;                                           : loaded 2 times (x 69B)
Class com.google.common.collect.SortedMapDifference                                   : loaded 2 times (x 70B)
Class com.google.common.cache.LocalCache$WriteThroughEntry                            : loaded 2 times (x 79B)
Class com.google.common.cache.LocalCache$HashIterator                                 : loaded 2 times (x 86B)
Class com.google.common.collect.MapMakerInternalMap$StrongKeyDummyValueSegment        : loaded 2 times (x 142B)
Class com.google.common.collect.Iterables$4                                           : loaded 2 times (x 81B)
Class com.google.common.io.Files                                                      : loaded 2 times (x 71B)
Class com.google.common.cache.LocalCache$EntryFactory                                 : loaded 2 times (x 83B)
Class com.google.common.reflect.Types$NativeTypeVariableEquals                        : loaded 2 times (x 71B)
Class com.google.common.reflect.TypeParameter                                         : loaded 2 times (x 72B)
Class com.google.common.collect.Iterables$5                                           : loaded 2 times (x 81B)
Class [Lcom.google.common.collect.MapMaker$Dummy;                                     : loaded 2 times (x 69B)
Class com.google.common.cache.LocalCache$AbstractReferenceEntry                       : loaded 2 times (x 107B)
Class com.google.common.base.CharMatcher$Whitespace                                   : loaded 2 times (x 112B)
Class org.gradle.internal.IoActions                                                   : loaded 2 times (x 71B)
Class com.google.common.collect.ImmutableMapKeySet                                    : loaded 2 times (x 150B)
Class com.google.common.collect.ImmutableRangeSet$ComplementRanges                    : loaded 2 times (x 207B)
Class org.objectweb.asm.SymbolTable                                                   : loaded 2 times (x 72B)
Class com.google.common.cache.CacheLoader$InvalidCacheLoadException                   : loaded 2 times (x 82B)
Class com.google.common.collect.ImmutableSet$RegularSetBuilderImpl                    : loaded 2 times (x 77B)
Class org.gradle.internal.classloader.SystemClassLoaderSpec                           : loaded 2 times (x 71B)
Class com.google.common.collect.FluentIterable                                        : loaded 2 times (x 81B)
Class com.google.common.cache.LocalCache$StrongEntry                                  : loaded 2 times (x 108B)
Class com.google.common.util.concurrent.AbstractFuture$TrustedFuture                  : loaded 2 times (x 114B)
Class com.google.common.cache.LoadingCache                                            : loaded 2 times (x 70B)
Class com.google.common.io.ByteStreams$LimitedInputStream                             : loaded 2 times (x 92B)
Class com.google.common.base.Suppliers$NonSerializableMemoizingSupplier               : loaded 2 times (x 79B)
Class org.objectweb.asm.MethodWriter                                                  : loaded 2 times (x 106B)
Class [Lcom.google.common.cache.Weigher;                                              : loaded 2 times (x 69B)
Class com.google.common.collect.RegularImmutableMap$BucketOverflowException           : loaded 2 times (x 82B)
Class com.google.common.collect.ImmutableMultimap$1                                   : loaded 2 times (x 82B)
Class com.google.common.collect.AbstractMapBasedMultimap$RandomAccessWrappedList      : loaded 2 times (x 205B)
Class com.google.common.reflect.Types$JavaVersion$1                                   : loaded 2 times (x 83B)
Class com.google.common.collect.AbstractIterator$State                                : loaded 2 times (x 79B)
Class com.google.common.collect.ImmutableMultimap$2                                   : loaded 2 times (x 81B)
Class com.google.common.collect.RegularImmutableBiMap                                 : loaded 2 times (x 148B)
Class com.google.common.cache.LocalCache$ValueReference                               : loaded 2 times (x 70B)
Class com.google.common.base.CharMatcher$Negated                                      : loaded 2 times (x 113B)
Class com.google.common.base.CharMatcher$Is                                           : loaded 2 times (x 111B)
Class com.google.common.reflect.Types$JavaVersion$2                                   : loaded 2 times (x 83B)
Class com.google.common.reflect.Types                                                 : loaded 2 times (x 71B)
Class com.google.common.hash.PrimitiveSink                                            : loaded 2 times (x 70B)
Class com.google.common.util.concurrent.AbstractFuture$Failure                        : loaded 2 times (x 72B)
Class com.google.common.base.Equivalence$Equals                                       : loaded 2 times (x 82B)
Class com.google.common.collect.Hashing                                               : loaded 2 times (x 71B)
Class com.google.common.base.PatternCompiler                                          : loaded 2 times (x 70B)
Class com.google.common.base.Preconditions                                            : loaded 2 times (x 71B)
Class [Lorg.apache.commons.io.file.DeleteOption;                                      : loaded 2 times (x 69B)
Class com.google.common.reflect.Types$JavaVersion$3                                   : loaded 2 times (x 83B)
Class com.google.common.collect.ImmutableSetMultimap                                  : loaded 2 times (x 180B)
Class com.google.common.io.CharSink                                                   : loaded 2 times (x 79B)
Class com.google.common.base.Joiner$1                                                 : loaded 2 times (x 80B)
Class org.objectweb.asm.Label                                                         : loaded 2 times (x 73B)
Class org.objectweb.asm.CurrentFrame                                                  : loaded 2 times (x 73B)
Class org.objectweb.asm.ClassTooLargeException                                        : loaded 2 times (x 83B)
Class com.google.common.collect.PeekingIterator                                       : loaded 2 times (x 70B)
Class com.google.common.base.CharMatcher                                              : loaded 2 times (x 111B)
Class com.google.common.reflect.Types$JavaVersion$4                                   : loaded 2 times (x 83B)
Class com.google.common.io.ByteSource$AsCharSource                                    : loaded 2 times (x 86B)
Class com.google.common.collect.Maps$IteratorBasedAbstractMap                         : loaded 2 times (x 125B)
Class com.google.common.collect.Table                                                 : loaded 2 times (x 70B)
Class com.google.common.collect.MapMakerInternalMap$InternalEntryHelper               : loaded 2 times (x 70B)
Class com.google.common.collect.RangeGwtSerializationDependencies                     : loaded 2 times (x 71B)
Class com.google.common.base.Joiner$2                                                 : loaded 2 times (x 79B)
Class org.objectweb.asm.Frame                                                         : loaded 2 times (x 73B)
Class org.objectweb.asm.MethodVisitor                                                 : loaded 2 times (x 105B)
Class com.google.common.cache.LocalCache$EntryFactory$1                               : loaded 2 times (x 83B)
Class [Lcom.google.common.cache.RemovalListener;                                      : loaded 2 times (x 69B)
Class com.google.common.base.CharMatcher$1                                            : loaded 2 times (x 113B)
Class com.google.common.base.CharMatcher$NamedFastMatcher                             : loaded 2 times (x 112B)
Class ijJvmDebugger1_70rt90lugjcmqlq5nvrtvriq2$_run_closure1                          : loaded 2 times (x 139B)
Class com.google.common.reflect.Types$JavaVersion$5                                   : loaded 2 times (x 71B)
Class [Lcom.google.common.reflect.Types$ClassOwnership;                               : loaded 2 times (x 69B)
Class com.google.common.collect.RangeSet                                              : loaded 2 times (x 70B)
Class com.google.common.cache.LocalCache$EntryFactory$2                               : loaded 2 times (x 83B)
Class org.gradle.api.internal.classpath.GlobalCacheRootsProvider                      : loaded 2 times (x 70B)
Class com.google.common.collect.CollectCollectors                                     : loaded 2 times (x 71B)
Class org.objectweb.asm.ModuleWriter                                                  : loaded 2 times (x 82B)
Class com.google.common.cache.LocalCache$EntryFactory$3                               : loaded 2 times (x 83B)
Class com.google.common.base.Ticker$1                                                 : loaded 2 times (x 72B)
Class com.google.common.collect.ImmutableMapEntrySet$RegularEntrySet                  : loaded 2 times (x 151B)
Class com.google.common.collect.Maps$BiMapConverter                                   : loaded 2 times (x 90B)
Class com.google.common.collect.SetMultimap                                           : loaded 2 times (x 70B)
Class com.google.common.collect.CollectSpliterators$1                                 : loaded 2 times (x 90B)
Class com.google.common.cache.LocalCache$EntryFactory$4                               : loaded 2 times (x 83B)
Class com.google.common.collect.ImmutableSet$Builder                                  : loaded 2 times (x 85B)
Class com.google.common.base.CharMatcher$InRange                                      : loaded 2 times (x 111B)
Class com.google.common.io.ByteStreams$1                                              : loaded 2 times (x 85B)
Class com.google.common.cache.LocalCache$EntryFactory$5                               : loaded 2 times (x 83B)
Class org.apache.commons.io.output.AppendableWriter                                   : loaded 2 times (x 100B)
Class com.google.common.cache.LocalCache$EntryFactory$6                               : loaded 2 times (x 83B)
Class org.gradle.internal.installation.CurrentGradleInstallationLocator               : loaded 2 times (x 71B)
Class com.google.common.io.ByteSource$SlicedByteSource                                : loaded 2 times (x 85B)
Class com.google.common.collect.ImmutableMultimap$Builder                             : loaded 2 times (x 83B)
Class org.apache.commons.io.output.ThresholdingOutputStream                           : loaded 2 times (x 94B)
Class com.google.common.collect.Maps$KeySet                                           : loaded 2 times (x 137B)
Class com.google.common.cache.LocalCache$EntryFactory$7                               : loaded 2 times (x 83B)
Class com.google.common.collect.ImmutableSet$EmptySetBuilderImpl                      : loaded 2 times (x 76B)
Class com.google.common.collect.ImmutableList                                         : loaded 2 times (x 206B)
Class org.gradle.internal.service.DefaultServiceLocator                               : loaded 2 times (x 83B)
Class com.google.common.collect.ImmutableMultimap$EntryCollection                     : loaded 2 times (x 127B)
Class com.google.common.collect.Maps$EntrySet                                         : loaded 2 times (x 136B)
Class com.google.common.cache.LocalCache$EntryFactory$8                               : loaded 2 times (x 83B)
Class com.google.common.collect.ImmutableSet$SetBuilderImpl                           : loaded 2 times (x 76B)
Class org.gradle.internal.installation.CurrentGradleInstallation                      : loaded 2 times (x 73B)
Class com.google.common.cache.CacheLoader$1                                           : loaded 2 times (x 75B)
Class com.google.common.collect.ForwardingObject                                      : loaded 2 times (x 72B)
Class com.google.common.collect.ImmutableList$SubList                                 : loaded 2 times (x 208B)
Class org.gradle.util.internal.GUtil                                                  : loaded 2 times (x 71B)
Class com.google.common.io.ByteSource                                                 : loaded 2 times (x 84B)
Class com.google.common.cache.AbstractCache$StatsCounter                              : loaded 2 times (x 70B)
Class com.google.common.reflect.Types$TypeVariableImpl                                : loaded 2 times (x 72B)
Class com.google.common.collect.MapMakerInternalMap$1                                 : loaded 2 times (x 83B)
Class com.google.common.io.LineBuffer                                                 : loaded 2 times (x 75B)
Class com.google.common.collect.Iterators$MergingIterator                             : loaded 2 times (x 81B)
Class com.google.common.collect.RegularImmutableSet                                   : loaded 2 times (x 148B)
Class org.gradle.internal.installation.GradleInstallation                             : loaded 2 times (x 75B)
Class com.google.common.collect.Iterables                                             : loaded 2 times (x 71B)
Class com.google.common.base.Splitter$Strategy                                        : loaded 2 times (x 70B)
Class com.google.common.collect.Lists$RandomAccessReverseList                         : loaded 2 times (x 200B)

---------------  S Y S T E M  ---------------

OS:
 Windows 11 , 64 bit Build 26100 (10.0.26100.8737)
OS uptime: 0 days 6:05 hours
Hyper-V role detected

CPU: total 12 (initial active 12) (6 cores per cpu, 2 threads per core) family 6 model 154 stepping 4 microcode 0x432, cx8, cmov, fxsr, ht, mmx, 3dnowpref, sse, sse2, sse3, ssse3, sse4.1, sse4.2, popcnt, lzcnt, tsc, tscinvbit, avx, avx2, aes, erms, clmul, bmi1, bmi2, adx, sha, fma, vzeroupper, clflush, clflushopt, clwb, hv, serialize, rdtscp, rdpid, fsrm, f16c, cet_ibt, cet_ss
Processor Information for processor 0
  Max Mhz: 1500, Current Mhz: 1500, Mhz Limit: 1500
Processor Information for processor 1
  Max Mhz: 1500, Current Mhz: 1500, Mhz Limit: 1500
Processor Information for processor 2
  Max Mhz: 1500, Current Mhz: 1500, Mhz Limit: 1500
Processor Information for processor 3
  Max Mhz: 1500, Current Mhz: 1500, Mhz Limit: 1500
Processor Information for processor 4
  Max Mhz: 1500, Current Mhz: 1100, Mhz Limit: 1095
Processor Information for processor 5
  Max Mhz: 1500, Current Mhz: 1100, Mhz Limit: 1095
Processor Information for processor 6
  Max Mhz: 1500, Current Mhz: 1100, Mhz Limit: 1095
Processor Information for processor 7
  Max Mhz: 1500, Current Mhz: 1100, Mhz Limit: 1095
Processor Information for processor 8
  Max Mhz: 1500, Current Mhz: 1100, Mhz Limit: 1095
Processor Information for processor 9
  Max Mhz: 1500, Current Mhz: 1100, Mhz Limit: 1095
Processor Information for processor 10
  Max Mhz: 1500, Current Mhz: 1100, Mhz Limit: 1095
Processor Information for processor 11
  Max Mhz: 1500, Current Mhz: 1100, Mhz Limit: 1095

Memory: 4k page, system-wide physical 7933M (543M free)
TotalPageFile size 20433M (AvailPageFile size 1059M)
current process WorkingSet (physical memory assigned to process): 1072M, peak: 1604M
current process commit charge ("private bytes"): 1294M, peak: 2650M

vm_info: OpenJDK 64-Bit Server VM (21.0.9+-14649483-b1163.86) for windows-amd64 JRE (21.0.9+-14649483-b1163.86), built on 2025-12-30T22:08:35Z by "builder" with MS VC++ 16.10 / 16.11 (VS2019)

END.
